Date,equity,buy_hold_equity,drawdown_%
2007-09-18,1.0,1.0,0.0
2007-09-19,1.0,1.040946261569318,0.0
2007-09-20,1.0,1.0442896486570494,0.0
2007-09-21,1.0,1.0640864011390008,0.0
2007-09-24,1.0,1.0849060717559245,0.0
2007-09-25,1.0,1.086368810319573,0.0
2007-09-26,1.0,1.086731729300891,0.0
2007-09-27,1.0,1.0999405195229794,0.0
2007-09-28,1.0,1.1045158334280285,0.0
2007-10-01,1.0,1.1149861373326673,0.0
2007-10-03,1.0,1.1461879329599822,0.0
2007-10-04,1.0,1.1457150320204312,0.0
2007-10-05,1.0,1.140699897686706,0.0
2007-10-08,1.0,1.1185385331027438,0.0
2007-10-09,1.0,1.1718027739941645,0.0
2007-10-10,1.0,1.1969226962162984,0.0
2007-10-11,1.0,1.2152676653687222,0.0
2007-10-12,1.0,1.1940191295572433,0.0
2007-10-15,1.0,1.247283370448664,0.0
2007-10-16,1.0,1.2467664337641176,0.0
2007-10-17,1.0,1.2228453578484264,0.0
2007-10-18,1.0,1.177026917010235,0.0
2007-10-19,0.9709401456385897,1.1471777705840793,-2.905985436141034
2007-10-22,0.9709401456385897,1.140292942960392,-2.905985436141034
2007-10-23,0.9709401456385897,1.2040165325223309,-2.905985436141034
2007-10-24,0.9709401456385897,1.208954658004442,-2.905985436141034
2007-10-25,0.9709401456385897,1.2249680955657294,-2.905985436141034
2007-10-26,0.9709401456385897,1.2543001979030821,-2.905985436141034
2007-10-29,0.9709401456385897,1.2990848727764366,-2.905985436141034
2007-10-30,0.9709401456385897,1.2909132347605712,-2.905985436141034
2007-10-31,0.9709401456385897,1.2979300622149892,-2.905985436141034
2007-11-01,0.9709401456385897,1.2904073607144013,-2.905985436141034
2007-11-02,0.9709401456385897,1.3049139165627888,-2.905985436141034
2007-11-05,0.9709401456385897,1.2861949657906704,-2.905985436141034
2007-11-06,0.9709401456385897,1.2728212026312324,-2.905985436141034
2007-11-07,0.9709401456385897,1.2719083738587493,-2.905985436141034
2007-11-08,0.9709401456385897,1.25351936896133,-2.905985436141034
2007-11-12,0.9709401456385897,1.2355593366627222,-2.905985436141034
2007-11-13,0.9709401456385897,1.2527824683603173,-2.905985436141034
2007-11-14,0.9709401456385897,1.3061237181033525,-2.905985436141034
2007-11-15,0.9709401456385897,1.300448692020229,-2.905985436141034
2007-11-16,0.9709401456385897,1.2992938814587818,-2.905985436141034
2007-11-19,0.9709401456385897,1.2994698096302524,-2.905985436141034
2007-11-20,0.9709401456385897,1.271589383218171,-2.905985436141034
2007-11-21,0.9324124302503246,1.2232302947022422,-6.75875697496754
2007-11-22,0.9324124302503246,1.2140578638281585,-6.75875697496754
2007-11-23,0.9324124302503246,1.2336896433727602,-6.75875697496754
2007-11-26,0.9324124302503246,1.2607672229705915,-6.75875697496754
2007-11-27,0.9324124302503246,1.2533873691305992,-6.75875697496754
2007-11-28,0.9324124302503246,1.2356582559825784,-6.75875697496754
2007-11-29,0.9324124302503246,1.2394087052008795,-6.75875697496754
2007-11-30,0.9324124302503246,1.2675970596151622,-6.75875697496754
2007-12-03,0.9324124302503246,1.2900883700738235,-6.75875697496754
2007-12-04,0.9324124302503246,1.288625631510175,-6.75875697496754
2007-12-05,0.9324124302503246,1.306585663808783,-6.75875697496754
2007-12-06,0.9324124302503246,1.3098191763425375,-6.75875697496754
2007-12-07,0.9324124302503246,1.3141303831818687,-6.75875697496754
2007-12-10,0.9324124302503246,1.3111169419688364,-6.75875697496754
2007-12-11,0.9324124302503246,1.3411749896730814,-6.75875697496754
2007-12-12,0.9324124302503246,1.354823707728102,-6.75875697496754
2007-12-13,0.9324124302503246,1.3325634238242838,-6.75875697496754
2007-12-14,0.9324124302503246,1.3302758205738874,-6.75875697496754
2007-12-17,0.9324124302503246,1.270731545424805,-6.75875697496754
2007-12-18,0.9248507015890758,1.263098754561728,-7.514929841092421
2007-12-19,0.9248507015890758,1.2650454567033045,-7.514929841092421
2007-12-20,0.9248507015890758,1.2684219243019108,-7.514929841092421
2007-12-24,0.9248507015890758,1.316506057922257,-7.514929841092421
2007-12-26,0.9248507015890758,1.3353459458867292,-7.514929841092421
2007-12-27,0.9248507015890758,1.3377105579887398,-7.514929841092421
2007-12-28,0.9248507015890758,1.3373146659008033,-7.514929841092421
2007-12-31,0.9248507015890758,1.3502705190998068,-7.514929841092421
2008-01-01,0.9248507015890758,1.3515353116194868,-7.514929841092421
2008-01-02,0.9248507015890758,1.359245003929922,-7.514929841092421
2008-01-03,0.9248507015890758,1.3590580131200747,-7.514929841092421
2008-01-04,0.9248507015890758,1.380119558121706,-7.514929841092421
2008-01-07,0.9248507015890758,1.381175449363297,-7.514929841092421
2008-01-08,0.9248507015890758,1.3831001336323756,-7.514929841092421
2008-01-09,0.9248507015890758,1.3796136840755362,-7.514929841092421
2008-01-10,0.9248507015890758,1.354306878447811,-7.514929841092421
2008-01-11,0.9248507015890758,1.363798299962473,-7.514929841092421
2008-01-14,0.9248507015890758,1.3652719937602422,-7.514929841092421
2008-01-15,0.9248507015890758,1.3361158195943599,-7.514929841092421
2008-01-16,0.9032916921594528,1.3056508171638015,-9.670830784054719
2008-01-17,0.9032916921594528,1.3006906738091928,-9.670830784054719
2008-01-18,0.9032916921594528,1.2549600896524806,-9.670830784054719
2008-01-21,0.9032916921594528,1.1457480051270497,-9.670830784054719
2008-01-22,0.9032916921594528,1.077669172980784,-9.670830784054719
2008-01-23,0.9032916921594528,1.1445602214589836,-9.670830784054719
2008-01-24,0.9032916921594528,1.1071774182981193,-9.670830784054719
2008-01-25,0.9032916921594528,1.1841427711887653,-9.670830784054719
2008-01-28,0.9032916921594528,1.160111713314841,-9.670830784054719
2008-01-29,0.9032916921594528,1.1615854071126104,-9.670830784054719
2008-01-30,0.9032916921594528,1.1366855562111986,-9.670830784054719
2008-01-31,0.8954076039246355,1.1300536656105962,-10.459239607536453
2008-02-01,0.8954076039246355,1.1696031348295028,-10.459239607536453
2008-02-04,0.8954076039246355,1.2017728576126736,-10.459239607536453
2008-02-05,0.8954076039246355,1.2062601000277313,-10.459239607536453
2008-02-06,0.8954076039246355,1.1707689006250708,-10.459239607536453
2008-02-07,0.8954076039246355,1.1291297741997357,-10.459239607536453
2008-02-08,0.8954076039246355,1.126292261158174,-10.459239607536453
2008-02-11,0.8954076039246355,1.0683647422759688,-10.459239607536453
2008-02-12,0.8954076039246355,1.064240418842229,-10.459239607536453
2008-02-13,0.8954076039246355,1.084301170985642,-10.459239607536453
2008-02-14,0.8954076039246355,1.1442522934567818,-10.459239607536453
2008-02-15,0.8954076039246355,1.1664466311473627,-10.459239607536453
2008-02-18,0.8954076039246355,1.1607275693192434,-10.459239607536453
2008-02-19,0.8954076039246355,1.16158540711261,-10.459239607536453
2008-02-20,0.8954076039246355,1.13379305219052,-10.459239607536453
2008-02-21,0.8996765607749211,1.142008618547125,-10.032343922507891
2008-02-22,0.8996765607749211,1.124180586079248,-10.032343922507891
2008-02-25,0.8996765607749211,1.1439663833270783,-10.032343922507891
2008-02-26,0.8996765607749211,1.1592207950105993,-10.032343922507891
2008-02-27,0.8996765607749211,1.1588578760292814,-10.032343922507891
2008-02-28,0.8996765607749211,1.162531316395968,-10.032343922507891
2008-02-29,0.8996765607749211,1.1489815176608036,-10.032343922507891
2008-03-03,0.8996765607749211,1.089481278256717,-10.032343922507891
2008-03-04,0.8996765607749211,1.0699594806703483,-10.032343922507891
2008-03-05,0.8996765607749211,1.082530397015536,-10.032343922507891
2008-03-07,0.8996765607749211,1.0495798452906129,-10.032343922507891
2008-03-10,0.9040287964242475,1.0559147631231347,-9.59712035757525
2008-03-11,0.9040287964242475,1.070322399651666,-9.59712035757525
2008-03-12,0.9040287964242475,1.0716642010229604,-9.59712035757525
2008-03-13,0.9040287964242475,1.0170251856536263,-9.59712035757525
2008-03-14,0.9040287964242475,1.0439047118032332,-9.59712035757525
2008-03-17,0.9040287964242475,0.9905195337194583,-9.59712035757525
2008-03-18,0.9040287964242475,0.9970964333409441,-9.59712035757525
2008-03-19,0.9040287964242475,1.0061039986819342,-9.59712035757525
2008-03-24,0.9040287964242475,1.014000681802217,-9.59712035757525
2008-03-25,0.9040287964242475,1.0728740025635242,-9.59712035757525
2008-03-26,0.9040287964242475,1.0621727795082985,-9.59712035757525
2008-03-27,0.9040287964242475,1.0624807075104998,-9.59712035757525
2008-03-28,0.9040287964242475,1.0870616751755893,-9.59712035757525
2008-03-31,0.9040287964242475,1.0414191625088682,-9.59712035757525
2008-04-01,0.9029652246136457,1.0425299373253198,-9.703477538635429
2008-04-02,0.9029652246136457,1.0457524946249535,-9.703477538635429
2008-04-03,0.9029652246136457,1.0495798452906129,-9.703477538635429
2008-04-04,0.9029652246136457,1.0221723198180825,-9.703477538635429
2008-04-07,0.9029652246136457,1.0472922420402164,-9.703477538635429
2008-04-08,0.9029652246136457,1.035953037703834,-9.703477538635429
2008-04-09,0.9029652246136457,1.0441796666988157,-9.703477538635429
2008-04-10,0.9029652246136457,1.041089216634169,-9.703477538635429
2008-04-11,0.9029652246136457,1.0509435571301489,-9.703477538635429
2008-04-15,0.9029652246136457,1.073346903503075,-9.703477538635429
2008-04-16,0.9029652246136457,1.0750296059831896,-9.703477538635429
2008-04-17,0.9029652246136457,1.0906690619247823,-9.703477538635429
2008-04-21,0.9029652246136457,1.1079582472398708,-9.703477538635429
2008-04-22,0.9029652246136457,1.1106637604507017,-9.703477538635429
2008-04-23,0.9029652246136457,1.1048347166643493,-9.703477538635429
2008-04-24,0.9029652246136457,1.0997866092240054,-9.703477538635429
2008-04-25,0.9029652246136457,1.1243895947615927,-9.703477538635429
2008-04-28,0.9029652246136457,1.119539325960961,-9.703477538635429
2008-04-29,0.9029652246136457,1.1428225279997515,-9.703477538635429
2008-04-30,0.9029652246136457,1.136311574591503,-9.703477538635429
2008-05-02,0.9029652246136457,1.1500153910298963,-9.703477538635429
2008-05-05,0.9029652246136457,1.1421076452712366,-9.703477538635429
2008-05-06,0.9029652246136457,1.1316373413665979,-9.703477538635429
2008-05-07,0.9029652246136457,1.1296246930117841,-9.703477538635429
2008-05-08,0.9029652246136457,1.1177906772676092,-9.703477538635429
2008-05-09,0.9029652246136457,1.095992231664965,-9.703477538635429
2008-05-12,0.9029652246136457,1.1026021043930698,-9.703477538635429
2008-05-13,0.9029652246136457,1.0905370620940515,-9.703477538635429
2008-05-14,0.9029652246136457,1.1024041583491013,-9.703477538635429
2008-05-15,0.9029652246136457,1.125170423703345,-9.703477538635429
2008-05-16,0.9029652246136457,1.1345079349190346,-9.703477538635429
2008-05-20,0.9029652246136457,1.1229048383254465,-9.703477538635429
2008-05-21,0.9029652246136457,1.1256983156220126,-9.703477538635429
2008-05-22,0.9029652246136457,1.1054177069663895,-9.703477538635429
2008-05-23,0.9029652246136457,1.0880624680338074,-9.703477538635429
2008-05-26,0.9029652246136457,1.0723350480064795,-9.703477538635429
2008-05-27,0.9029652246136457,1.068980598280371,-9.703477538635429
2008-05-28,0.9029652246136457,1.0818595500320163,-9.703477538635429
2008-05-29,0.9029652246136457,1.063591482326951,-9.703477538635429
2008-05-30,0.9029652246136457,1.0712462910625258,-9.703477538635429
2008-06-02,0.9029652246136457,1.0425409999636965,-9.703477538635429
2008-06-03,0.896700977757665,1.0373278121817469,-10.3299022242335
2008-06-04,0.896700977757665,1.0086665568279132,-10.3299022242335
2008-06-05,0.896700977757665,1.028760282077945,-10.3299022242335
2008-06-06,0.896700977757665,1.01794896966023,-10.3299022242335
2008-06-09,0.896700977757665,0.9900466327799069,-10.3299022242335
2008-06-10,0.896700977757665,0.9787953925292597,-10.3299022242335
2008-06-11,0.896700977757665,0.9950287940070135,-10.3299022242335
2008-06-12,0.896700977757665,0.9984932256913549,-10.3299022242335
2008-06-13,0.896700977757665,0.9935990285499836,-10.3299022242335
2008-06-16,0.896700977757665,1.0057850080413557,-10.3299022242335
2008-06-17,0.896700977757665,1.0234921033168787,-10.3299022242335
2008-06-18,0.896700977757665,1.007962629333519,-10.3299022242335
2008-06-19,0.896700977757665,0.9907724707425427,-10.3299022242335
2008-06-20,0.896700977757665,0.9563040820705986,-10.3299022242335
2008-06-23,0.8774419840458125,0.9384540317302238,-12.255801595418747
2008-06-24,0.8774419840458125,0.921890791782027,-12.255801595418747
2008-06-25,0.8774419840458125,0.9354295278788146,-12.255801595418747
2008-06-26,0.8774419840458125,0.949331290361176,-12.255801595418747
2008-06-27,0.8774419840458125,0.909913713568744,-12.255801595418747
2008-06-30,0.8774419840458125,0.8887752134176262,-12.255801595418747
2008-07-01,0.8774419840458125,0.8571443914893718,-12.255801595418747
2008-07-02,0.8774419840458125,0.9003893189474631,-12.255801595418747
2008-07-03,0.8774419840458125,0.8635233450668893,-12.255801595418747
2008-07-04,0.8774419840458125,0.8833750885279571,-12.255801595418747
2008-07-07,0.8774419840458125,0.8864545833584829,-12.255801595418747
2008-07-08,0.8774419840458125,0.8773370897613877,-12.255801595418747
2008-07-09,0.8774419840458125,0.9144120186221787,-12.255801595418747
2008-07-10,0.8774419840458125,0.9155338560770072,-12.255801595418747
2008-07-11,0.8774419840458125,0.8906338977713395,-12.255801595418747
2008-07-14,0.8740069865597301,0.8885882226077789,-12.599301344026992
2008-07-15,0.8740069865597301,0.8493026993482059,-12.599301344026992
2008-07-16,0.8740069865597301,0.8395362692358331,-12.599301344026992
2008-07-17,0.8740069865597301,0.8682415603346625,-12.599301344026992
2008-07-18,0.8740069865597301,0.9001473371584995,-12.599301344026992
2008-07-21,0.8740069865597301,0.9149399105408463,-12.599301344026992
2008-07-22,0.8740069865597301,0.9326690236888673,-12.599301344026992
2008-07-23,0.8740069865597301,0.9847344182738453,-12.599301344026992
2008-07-24,0.8740069865597301,0.9752209788866855,-12.599301344026992
2008-07-25,0.8740069865597301,0.9484514346953118,-12.599301344026992
2008-07-28,0.8740069865597301,0.9529057040037507,-12.599301344026992
2008-07-29,0.8740069865597301,0.9216158368864444,-12.599301344026992
2008-07-30,0.8977730039889285,0.9488253089107505,-10.222699601107156
2008-07-31,0.8977730039889285,0.9530926948135982,-10.222699601107156
2008-08-01,0.8977730039889285,0.9708217005573629,-10.222699601107156
2008-08-04,0.8977730039889285,0.9668184217202331,-10.222699601107156
2008-08-05,0.8977730039889285,0.9904645427403415,-10.222699601107156
2008-08-06,0.8977730039889285,0.9936979478698398,-10.222699601107156
2008-08-07,0.8977730039889285,0.99508378498613,-10.222699601107156
2008-08-08,0.8977730039889285,0.9963265596333125,-10.222699601107156
2008-08-11,0.8977730039889285,1.016321258159232,-10.222699601107156
2008-08-12,0.8977730039889285,1.001330738732917,-10.222699601107156
2008-08-13,0.8977730039889285,0.9962275329092003,-10.222699601107156
2008-08-14,0.8977730039889285,0.9745941676481618,-10.222699601107156
2008-08-18,0.888348527382459,0.9663124402698073,-11.165147261754104
2008-08-19,0.888348527382459,0.9608573781031499,-11.165147261754104
2008-08-20,0.888348527382459,0.9713056641352907,-11.165147261754104
2008-08-21,0.888348527382459,0.94229244503426,-11.165147261754104
2008-08-22,0.888348527382459,0.9518828932730343,-11.165147261754104
2008-08-25,0.888348527382459,0.9536205867322656,-11.165147261754104
2008-08-26,0.888348527382459,0.9540934876718165,-11.165147261754104
2008-08-27,0.888348527382459,0.9441071473451056,-11.165147261754104
2008-08-28,0.888348527382459,0.92692794398825,-11.165147261754104
2008-08-29,0.888348527382459,0.9590426757923041,-11.165147261754104
2008-09-01,0.888348527382459,0.9565460638595623,-11.165147261754104
2008-09-02,0.888348527382459,0.990717479763426,-11.165147261754104
2008-09-04,0.888348527382459,0.9783445094622064,-11.165147261754104
2008-09-05,0.888348527382459,0.9573489106738123,-11.165147261754104
2008-09-08,0.9118466444368448,0.9859442198144086,-8.815335556315517
2008-09-09,0.9118466444368448,0.9829527964738742,-8.815335556315517
2008-09-10,0.9118466444368448,0.9678962234300655,-8.815335556315517
2008-09-11,0.9118466444368448,0.9437111478529127,-8.815335556315517
2008-09-12,0.9118466444368448,0.9301064655428877,-8.815335556315517
2008-09-15,0.9118466444368448,0.8958910138940284,-8.815335556315517
2008-09-16,0.9118466444368448,0.8963309417269606,-8.815335556315517
2008-09-17,0.9118466444368448,0.8816703681753446,-8.815335556315517
2008-09-18,0.9118466444368448,0.8882472677968304,-8.815335556315517
2008-09-19,0.9118466444368448,0.933801816377816,-8.815335556315517
2008-09-22,0.9118466444368448,0.9289185744705656,-8.815335556315517
2008-09-23,0.9118466444368448,0.9077690653831989,-8.815335556315517
2008-09-24,0.9178689320914378,0.9153248473946616,-8.213106790856218
2008-09-25,0.9178689320914378,0.9041726338681266,-8.213106790856218
2008-09-26,0.9178689320914378,0.8766111980966237,-8.213106790856218
2008-09-29,0.9178689320914378,0.8468720873308293,-8.213106790856218
2008-09-30,0.9178689320914378,0.8625224985065428,-8.213106790856218
2008-10-01,0.9178689320914378,0.8690224429785424,-8.213106790856218
2008-10-03,0.9178689320914378,0.8398882329830297,-8.213106790856218
2008-10-06,0.9178689320914378,0.7923870359625957,-8.213106790856218
2008-10-07,0.9178689320914378,0.7933218826075769,-8.213106790856218
2008-10-08,0.9178689320914378,0.7728761936103481,-8.213106790856218
2008-10-10,0.9178689320914378,0.7214706370726403,-8.213106790856218
2008-10-13,0.9771141634570732,0.767828032467876,-2.288583654292675
2008-10-14,0.9771141634570732,0.7739760131926786,-2.288583654292675
2008-10-15,0.9771141634570732,0.7343275172496596,-2.288583654292675
2008-10-16,0.9771141634570732,0.7191280428431271,-2.288583654292675
2008-10-17,0.9771141634570732,0.6762460880684817,-2.288583654292675
2008-10-20,0.9771141634570732,0.68690332908084,-2.288583654292675
2008-10-21,0.9771141634570732,0.7115612518954157,-2.288583654292675
2008-10-22,0.9771141634570732,0.6742223770752911,-2.288583654292675
2008-10-23,0.9771141634570732,0.6473867792664239,-2.288583654292675
2008-10-24,0.9771141634570732,0.5683867601484663,-2.288583654292675
2008-10-27,0.9771141634570732,0.5552329072033665,-2.288583654292675
2008-10-29,0.9794354690413998,0.5932536916453873,-2.0564530958600225
2008-10-31,0.9794354690413998,0.6347278988355007,-2.0564530958600225
2008-11-03,0.9794354690413998,0.669537188616265,-2.0564530958600225
2008-11-04,0.9794354690413998,0.6911486434090618,-2.0564530958600225
2008-11-05,0.9794354690413998,0.6587809208797947,-2.0564530958600225
2008-11-06,0.9794354690413998,0.6362786014848846,-2.0564530958600225
2008-11-07,0.9794354690413998,0.6539527236537889,-2.0564530958600225
2008-11-10,0.9794354690413998,0.6925014000144772,-2.0564530958600225
2008-11-11,0.9794354690413998,0.6463969416423263,-2.0564530958600225
2008-11-12,0.9794354690413998,0.6265562071175075,-2.0564530958600225
2008-11-14,0.9794354690413998,0.618175614121425,-2.0564530958600225
2008-11-17,0.9794354690413998,0.6157999930831652,-2.0564530958600225
2008-11-18,0.9794354690413998,0.5901961609852315,-2.0564530958600225
2008-11-19,0.9600437237591825,0.5796049198882388,-3.9956276240817545
2008-11-20,0.9600437237591825,0.5616008518446353,-3.9956276240817545
2008-11-21,0.9600437237591825,0.5924618000652582,-3.9956276240817545
2008-11-24,0.9600437237591825,0.5957172767693824,-3.9956276240817545
2008-11-25,0.9600437237591825,0.583784234301095,-3.9956276240817545
2008-11-26,0.9600437237591825,0.6053956890938917,-3.9956276240817545
2008-11-28,0.9600437237591825,0.6060226077366715,-3.9956276240817545
2008-12-01,0.9600437237591825,0.5901411700061149,-3.9956276240817545
2008-12-02,0.9600437237591825,0.584620107924092,-3.9956276240817545
2008-12-03,0.9600437237591825,0.5843231351560115,-3.9956276240817545
2008-12-04,0.9600437237591825,0.6132593991075559,-3.9956276240817545
2008-12-05,0.9600437237591825,0.5970700333747979,-3.9956276240817545
2008-12-08,0.9826313454987977,0.6123795434416914,-1.7368654501202285
2008-12-10,0.9826313454987977,0.64410933839193,-1.7368654501202285
2008-12-11,0.9826313454987977,0.6423276091877032,-1.7368654501202285
2008-12-12,0.9826313454987977,0.6425916088491649,-1.7368654501202285
2008-12-15,0.9826313454987977,0.6557564170283857,-1.7368654501202285
2008-12-16,0.9826313454987977,0.6690752429108352,-1.7368654501202285
2008-12-17,0.9826313454987977,0.6498504180925471,-1.7368654501202285
2008-12-18,0.9826313454987977,0.6732545573236915,-1.7368654501202285
2008-12-19,0.9826313454987977,0.6769389529244991,-1.7368654501202285
2008-12-22,0.9826313454987977,0.6685363420559187,-1.7368654501202285
2008-12-23,0.9826313454987977,0.6529958591363102,-1.7368654501202285
2008-12-24,0.9639269090430685,0.6416017712250673,-3.6073090956931453
2008-12-26,0.9639269090430685,0.6284919003228351,-3.6073090956931453
2008-12-29,0.9639269090430685,0.6427785459568843,-3.6073090956931453
2008-12-30,0.9639269090430685,0.655382489110819,-3.6073090956931453
2008-12-31,0.9639269090430685,0.6509062019298821,-3.6073090956931453
2009-01-02,0.9639269090430685,0.6701750624931658,-3.6073090956931453
2009-01-05,0.9639269090430685,0.6866063563127598,-3.6073090956931453
2009-01-06,0.9639269090430685,0.684703689916179,-3.6073090956931453
2009-01-07,0.9639269090430685,0.6423826001668198,-3.6073090956931453
2009-01-09,0.9639269090430685,0.6319563320071767,-3.6073090956931453
2009-01-12,0.9639269090430685,0.609981958233062,-3.6073090956931453
2009-01-13,0.9515608387624643,0.6037899417632637,-4.843916123753567
2009-01-14,0.9515608387624643,0.6236637030968294,-4.843916123753567
2009-01-15,0.9515608387624643,0.6019752394524183,-4.843916123753567
2009-01-16,0.9515608387624643,0.6221569287881852,-4.843916123753567
2009-01-19,0.9515608387624643,0.6260612883054589,-4.843916123753567
2009-01-20,0.9515608387624643,0.615151110270016,-4.843916123753567
2009-01-21,0.9515608387624643,0.5952553310639526,-4.843916123753567
2009-01-22,0.9515608387624643,0.5969380872461952,-4.843916123753567
2009-01-23,0.9515608387624643,0.5891843591907643,-4.843916123753567
2009-01-27,0.9515608387624643,0.6095970213792463,-4.843916123753567
2009-01-28,0.9515608387624643,0.6267871799702227,-4.843916123753567
2009-01-29,0.9515608387624643,0.6211670911640876,-4.843916123753567
2009-01-30,0.9515608387624643,0.6323522777972413,-4.843916123753567
2009-02-02,0.9515608387624643,0.6085631480101531,-4.843916123753567
2009-02-03,0.9532258222939772,0.6123575255691938,-4.677417770602277
2009-02-04,0.9532258222939772,0.6165698667907968,-4.677417770602277
2009-02-05,0.9532258222939772,0.6115106967120759,-4.677417770602277
2009-02-06,0.9532258222939772,0.6253794323856907,-4.677417770602277
2009-02-09,0.9532258222939772,0.6422726182085866,-4.677417770602277
2009-02-10,0.9532258222939772,0.6454841128698432,-4.677417770602277
2009-02-11,0.9532258222939772,0.6435484196645157,-4.677417770602277
2009-02-12,0.9532258222939772,0.636366619272748,-4.677417770602277
2009-02-13,0.9532258222939772,0.6485306345937503,-4.677417770602277
2009-02-16,0.9532258222939772,0.6265672160537564,-4.677417770602277
2009-02-17,0.9532258222939772,0.6094100305693987,-4.677417770602277
2009-02-18,0.9585849434776208,0.6106528052165812,-4.14150565223792
2009-02-19,0.9585849434776208,0.6135563718756365,-4.14150565223792
2009-02-20,0.9585849434776208,0.6019202484733016,-4.14150565223792
2009-02-24,0.9585849434776208,0.6013593297458875,-4.14150565223792
2009-02-25,0.9585849434776208,0.6076503192376699,-4.14150565223792
2009-02-26,0.9585849434776208,0.6127424624230094,-4.14150565223792
2009-02-27,0.9585849434776208,0.6079032562607547,-4.14150565223792
2009-03-02,0.9585849434776208,0.5883155124611487,-4.14150565223792
2009-03-03,0.9585849434776208,0.5768333530599146,-4.14150565223792
2009-03-04,0.9585849434776208,0.5818485410957678,-4.14150565223792
2009-03-05,0.9585849434776208,0.5667810128178382,-4.14150565223792
2009-03-06,0.9728131089686098,0.5763384342478658,-2.718689103139016
2009-03-09,0.9728131089686098,0.5660001301739579,-2.718689103139016
2009-03-12,0.9728131089686098,0.5757445424138328,-2.718689103139016
2009-03-13,0.9728131089686098,0.5981368798505099,-2.718689103139016
2009-03-16,0.9728131089686098,0.6108947870055451,-2.718689103139016
2009-03-17,0.9728131089686098,0.6065394907190903,-2.718689103139016
2009-03-18,0.9728131089686098,0.6147331466074535,-2.718689103139016
2009-03-19,0.9728131089686098,0.6174716866270311,-2.718689103139016
2009-03-20,0.9728131089686098,0.6174497224566613,-2.718689103139016
2009-03-23,0.9728131089686098,0.6466718965379091,-2.718689103139016
2009-03-24,0.9728131089686098,0.6464079505785754,-2.718689103139016
2009-03-25,0.9728131089686098,0.6564493355865308,-2.718689103139016
2009-03-26,0.9728131089686098,0.6779837815277132,-2.718689103139016
2009-03-27,0.9728131089686098,0.6837908074415677,-2.718689103139016
2009-03-30,0.9728131089686098,0.6550855163427385,-2.718689103139016
2009-03-31,0.9836732362310021,0.6644999827079142,-1.6326763768997887
2009-04-01,0.9836732362310021,0.6731665932379564,-1.6326763768997887
2009-04-02,0.9836732362310021,0.7063151447089758,-1.6326763768997887
2009-04-06,0.9836732362310021,0.7163345118444334,-1.6326763768997887
2009-04-08,0.9836732362310021,0.7353283638100064,-1.6326763768997887
2009-04-09,0.9836732362310021,0.7351304177660382,-1.6326763768997887
2009-04-13,0.9836732362310021,0.7440499653191651,-1.6326763768997887
2009-04-15,0.9836732362310021,0.7663872580745976,-1.6326763768997887
2009-04-16,0.9836732362310021,0.7411684165326077,-1.6326763768997887
2009-04-17,0.9836732362310021,0.7444458574071018,-1.6326763768997887
2009-04-20,0.9836732362310021,0.7428401637786015,-1.6326763768997887
2009-04-21,0.9836732362310021,0.7402445788238756,-1.6326763768997887
2009-04-22,0.9836732362310021,0.7325458417475612,-1.6326763768997887
2009-04-23,0.9836732362310021,0.7530904500646461,-1.6326763768997887
2009-04-24,0.9836732362310021,0.7656394022394643,-1.6326763768997887
2009-04-27,0.9836732362310021,0.7632747901374534,-1.6326763768997887
2009-04-28,0.9836732362310021,0.7395956960107263,-1.6326763768997887
2009-04-29,1.0115517584020786,0.764143636867069,0.0
2009-05-04,1.0115517584020786,0.8037481507672204,0.0
2009-05-05,1.0115517584020786,0.8054858442264515,0.0
2009-05-06,1.0115517584020786,0.7973802061259517,0.0
2009-05-07,1.0115517584020786,0.8103250503887064,0.0
2009-05-08,1.0115517584020786,0.796423341608473,0.0
2009-05-11,1.0115517584020786,0.7818837589513389,0.0
2009-05-12,1.0115517584020786,0.8097091943843038,0.0
2009-05-13,1.0115517584020786,0.7996238273334808,0.0
2009-05-14,1.0115517584020786,0.7904293248847712,0.0
2009-05-15,1.0115517584020786,0.8076304924119966,0.0
2009-05-18,1.0115517584020786,0.950936983989677,0.0
2009-05-19,1.0115517584020786,0.9499032180248399,0.0
2009-05-20,1.0115517584020786,0.9393118695235911,0.0
2009-05-21,1.0115517584020786,0.9262460343663544,0.0
2009-05-22,1.0115517584020786,0.9323170599416708,0.0
2009-05-25,1.0115517584020786,0.9321080512593256,0.0
2009-05-26,1.0115517584020786,0.9055254978777992,0.0
2009-05-27,1.0485308770366724,0.9405766620432715,0.0
2009-05-28,1.0485308770366724,0.9540055235860821,0.0
2009-05-29,1.0485308770366724,0.9786085091236695,0.0
2009-06-01,1.0485308770366724,0.9964145237190486,0.0
2009-06-02,1.0485308770366724,0.9953917129883323,0.0
2009-06-03,1.0485308770366724,0.9965905592947751,0.0
2009-06-04,1.0485308770366724,1.0058179811479753,0.0
2009-06-05,1.0485308770366724,1.0089524669576175,0.0
2009-06-08,1.0485308770366724,0.9744181320724359,0.0
2009-06-09,1.0485308770366724,1.0010448286032139,0.0
2009-06-10,1.0485308770366724,1.0239870221289284,0.0
2009-06-11,1.0485308770366724,1.0201266983566504,0.0
2009-06-12,1.0485308770366724,1.0081825932499862,0.0
2009-06-15,1.0485308770366724,0.9863182014341045,0.0
2009-06-16,1.0557293575268114,0.9937529388489572,0.0
2009-06-17,1.0557293575268114,0.9581957932330594,0.0
2009-06-18,1.0557293575268114,0.9351545729832328,0.0
2009-06-19,1.0557293575268114,0.9488363715491281,0.0
2009-06-22,1.0557293575268114,0.931602177213156,0.0
2009-06-23,1.0557293575268114,0.9341867532316329,0.0
2009-06-24,1.0557293575268114,0.9442941381549539,0.0
2009-06-25,1.0557293575268114,0.9330539605426837,0.0
2009-06-26,1.0557293575268114,0.9624521164975303,0.0
2009-06-29,1.0557293575268114,0.9658506019686343,0.0
2009-06-30,1.0557293575268114,0.9438871834286404,0.0
2009-07-01,1.0655715255873945,0.954841343506951,0.0
2009-07-02,1.0655715255873945,0.9565900996045592,0.0
2009-07-03,1.0655715255873945,0.9731753574252539,0.0
2009-07-06,1.0655715255873945,0.9163037297846396,0.0
2009-07-07,1.0655715255873945,0.9243213500972762,0.0
2009-07-08,1.0655715255873945,0.8972107973928264,0.0
2009-07-09,1.0655715255873945,0.8976617341620075,0.0
2009-07-10,1.0655715255873945,0.8807135036578669,0.0
2009-07-13,1.0655715255873945,0.8741476129726299,0.0
2009-07-14,1.0655715255873945,0.9043596246779754,0.0
2009-07-15,1.0655715255873945,0.9312172403593404,0.0
2009-07-16,1.0655715255873945,0.9307552946539103,0.0
2009-07-17,1.0655715255873945,0.9623311793051762,0.0
2009-07-20,1.0655715255873945,0.9903325429096115,0.0
2009-07-21,1.0655715255873945,0.9830407605596106,0.0
2009-07-22,1.0655715255873945,0.9675992506619863,0.0
2009-07-23,1.0655715255873945,0.9950617671136331,0.0
2009-07-24,1.0655715255873945,1.0049161076096131,0.0
2009-07-27,1.0655715255873945,1.0057409722963613,0.0
2009-07-28,1.0655715255873945,1.0039373326238927,0.0
2009-07-29,1.0655715255873945,0.9928071369698556,0.0
2009-07-30,1.0655715255873945,1.00555408889077,0.0
2009-07-31,1.0655715255873945,1.0198517434610679,0.0
2009-08-03,1.0655715255873945,1.0363379745576504,0.0
2009-08-04,1.0655715255873945,1.0295411110196984,0.0
2009-08-05,1.0655715255873945,1.0325435969986099,0.0
2009-08-06,1.0655715255873945,1.0086445389554166,0.0
2009-08-07,1.0377983485020483,0.9857462737704418,-2.6064113406217615
2009-08-10,1.0377983485020483,0.9761228524250488,-2.6064113406217615
2009-08-11,1.0377983485020483,0.9835356793716596,-2.6064113406217615
2009-08-12,1.0377983485020483,0.9804891576477526,-2.6064113406217615
2009-08-13,1.0377983485020483,1.012933835326506,-2.6064113406217615
2009-08-14,1.0377983485020483,1.0074456926489739,-2.6064113406217615
2009-08-17,1.0377983485020483,0.9651796475808592,-2.6064113406217615
2009-08-18,1.0377983485020483,0.980797085649954,-2.6064113406217615
2009-08-19,1.0377983485020483,0.9665434668246516,-2.6064113406217615
2009-08-20,1.0377983485020483,0.9795983467477674,-2.6064113406217615
2009-08-21,1.0377983485020483,0.996172541930085,-2.6064113406217615
2009-08-24,1.0377983485020483,1.0212484284072234,-2.6064113406217615
2009-08-25,1.0377983485020483,1.0248888956672915,-2.6064113406217615
2009-08-26,1.0377983485020483,1.029618119871313,-2.6064113406217615
2009-08-27,1.0377983485020483,1.0312348761381904,-2.6064113406217615
2009-08-28,1.0377983485020483,1.0409462615693188,-2.6064113406217615
2009-08-31,1.0377983485020483,1.0254937964375734,-2.6064113406217615
2009-09-01,1.0377983485020483,1.0174101225074434,-2.6064113406217615
2009-09-02,1.0377983485020483,1.0136707359275194,-2.6064113406217615
2009-09-03,1.0377983485020483,1.0104152055212672,-2.6064113406217615
2009-09-04,1.0377983485020483,1.0295190931472014,-2.6064113406217615
2009-09-07,1.0377983485020483,1.0520653945849792,-2.6064113406217615
2009-09-08,1.0377983485020483,1.0569816095988485,-2.6064113406217615
2009-09-09,1.0377983485020483,1.0589612848470435,-2.6064113406217615
2009-09-10,1.0377983485020483,1.060094077535993,-2.6064113406217615
2009-09-11,1.0377983485020483,1.062326689807273,-2.6064113406217615
2009-09-14,1.0377983485020483,1.0577185101998612,-2.6064113406217615
2009-09-15,1.0377983485020483,1.0760854972247826,-2.6064113406217615
2009-09-16,1.0377983485020483,1.0906690619247843,-2.6064113406217615
2009-09-17,1.0377983485020483,1.092241782446666,-2.6064113406217615
2009-09-18,1.0377983485020483,1.0945514035695603,-2.6064113406217615
2009-09-22,1.0377983485020483,1.1042628964049446,-2.6064113406217615
2009-09-23,1.0377983485020483,1.0932097096025217,-2.6064113406217615
2009-09-24,1.0377983485020483,1.0968610246924544,-2.6064113406217615
2009-09-25,1.0377983485020483,1.090790106521394,-2.6064113406217615
2009-09-29,1.0377983485020483,1.1013263566392701,-2.6064113406217615
2009-09-30,1.0377983485020483,1.1182855960796596,-2.6064113406217615
2009-10-01,1.0377983485020483,1.1181645514830496,-2.6064113406217615
2009-10-05,1.0377983485020483,1.1005235098250201,-2.6064113406217615
2009-10-06,1.0377983485020483,1.1058465721609467,-2.6064113406217615
2009-10-07,1.0377983485020483,1.0966850965209838,-2.6064113406217615
2009-10-08,1.0377983485020483,1.1003145011426747,-2.6064113406217615
2009-10-09,1.0377983485020483,1.0877656026699847,-2.6064113406217615
2009-10-12,1.0377983485020483,1.1117526247989131,-2.6064113406217615
2009-10-14,1.0377983485020483,1.1258193602186244,-2.6064113406217615
2009-10-15,1.0377983485020483,1.1237626761188149,-2.6064113406217615
2009-10-16,1.0377983485020483,1.1310874315754342,-2.6064113406217615
2009-10-20,1.0377983485020483,1.1249944955318762,-2.6064113406217615
2009-10-21,1.0377983485020483,1.1138093088987226,-2.6064113406217615
2009-10-22,1.0377983485020483,1.0973120151637632,-2.6064113406217615
2009-10-23,1.0377983485020483,1.0991706458153483,-2.6064113406217615
2009-10-26,1.0377983485020483,1.0934186108806103,-2.6064113406217615
2009-10-27,1.0377983485020483,1.066099156898071,-2.6064113406217615
2009-10-28,1.0313544927723048,1.0615788339721386,-3.211143690821472
2009-10-29,1.0313544927723048,1.0449495404064484,-3.211143690821472
2009-10-30,1.0313544927723048,1.0364040281751443,-3.211143690821472
2009-11-03,1.0313544927723048,1.0038932968788974,-3.211143690821472
2009-11-04,1.0313544927723048,1.03620597472692,-3.211143690821472
2009-11-05,1.0313544927723048,1.0482489991534403,-3.211143690821472
2009-11-06,1.0313544927723048,1.0549799164781548,-3.211143690821472
2009-11-09,1.0313544927723048,1.077471226936816,-3.211143690821472
2009-11-10,1.0313544927723048,1.0737978939743855,-3.211143690821472
2009-11-11,1.0313544927723048,1.1006884827623693,-3.211143690821472
2009-11-12,1.0313544927723048,1.0894042694051034,-3.211143690821472
2009-11-13,1.0313544927723048,1.0995886631800385,-3.211143690821472
2009-11-16,1.0313544927723048,1.1125884447197816,-3.211143690821472
2009-11-17,1.0313544927723048,1.1135123361306418,-3.211143690821472
2009-11-18,1.0313544927723048,1.111851651523025,-3.211143690821472
2009-11-19,1.0313544927723048,1.0973999792494982,-3.211143690821472
2009-11-20,1.0313544927723048,1.1113567327109761,-3.211143690821472
2009-11-23,1.0313544927723048,1.1225968029189903,-3.211143690821472
2009-11-24,1.0313544927723048,1.1197372720049306,-3.211143690821472
2009-11-25,1.0313544927723048,1.1236086584155855,-3.211143690821472
2009-11-26,1.0313544927723048,1.1010403391053099,-3.211143690821472
2009-11-27,1.0162480498572957,1.0870066841964736,-4.628828243407634
2009-11-30,1.0162480498572957,1.1070124453607701,-4.628828243407634
2009-12-01,1.0162480498572957,1.1266551801394928,-4.628828243407634
2009-12-02,1.0162480498572957,1.1269301350350756,-4.628828243407634
2009-12-03,1.0162480498572957,1.1287888730909166,-4.628828243407634
2009-12-04,1.0162480498572957,1.1237736313529352,-4.628828243407634
2009-12-07,1.0162480498572957,1.1144912185206184,-4.628828243407634
2009-12-08,1.0162480498572957,1.132363286733491,-4.628828243407634
2009-12-09,1.0162480498572957,1.1244555409748314,-4.628828243407634
2009-12-10,1.0162480498572957,1.1294377022019377,-4.628828243407634
2009-12-11,1.0162480498572957,1.1256213067703993,-4.628828243407634
2009-12-14,1.0162480498572957,1.123069811262797,-4.628828243407634
2009-12-15,1.0162480498572957,1.1070893468081282,-4.628828243407634
2009-12-16,1.0162480498572957,1.1090690220563233,-4.628828243407634
2009-12-17,1.0162480498572957,1.1090030758430858,-4.628828243407634
2009-12-18,1.0162480498572957,1.0971140691197943,-4.628828243407634
2009-12-21,1.0162480498572957,1.089393314170982,-4.628828243407634
2009-12-22,1.0162480498572957,1.0967071143934806,-4.628828243407634
2009-12-23,1.0162480498572957,1.1316263861324778,-4.628828243407634
2009-12-24,1.0162480498572957,1.1390611235473305,-4.628828243407634
2009-12-29,1.0162480498572957,1.1411618433921356,-4.628828243407634
2009-12-30,1.0162480498572957,1.1370925109375123,-4.628828243407634
2009-12-31,1.0162480498572957,1.144043284774437,-4.628828243407634
2010-01-04,1.0162480498572957,1.1508952466957616,-4.628828243407634
2010-01-05,1.0162480498572957,1.16094753323571,-4.628828243407634
2010-01-06,1.0162480498572957,1.1618053710290768,-4.628828243407634
2010-01-07,1.0162480498572957,1.1576921102337139,-4.628828243407634
2010-01-08,1.0162480498572957,1.1536557508857093,-4.628828243407634
2010-01-11,1.0162480498572957,1.1546785616164255,-4.628828243407634
2010-01-12,1.0162480498572957,1.1460999688742466,-4.628828243407634
2010-01-13,1.0162480498572957,1.1512801835495774,-4.628828243407634
2010-01-14,1.0162480498572957,1.1569881827393198,-4.628828243407634
2010-01-15,1.0162480498572957,1.1552945250250843,-4.628828243407634
2010-01-18,1.0162480498572957,1.160276686252191,-4.628828243407634
2010-01-19,1.0162480498572957,1.1494544186003552,-4.628828243407634
2010-01-20,1.0162480498572957,1.1485856255728677,-4.628828243407634
2010-01-21,1.0162480498572957,1.1205291635850598,-4.628828243407634
2010-01-22,1.002615046118605,1.107738283323406,-5.908235905054326
2010-01-25,1.002615046118605,1.1015572757898566,-5.908235905054326
2010-01-27,1.002615046118605,1.0675069044826029,-5.908235905054326
2010-01-28,1.002615046118605,1.0706193724197473,-5.908235905054326
2010-01-29,1.002615046118605,1.0738747954217434,-5.908235905054326
2010-02-01,1.002615046118605,1.0777572444707753,-5.908235905054326
2010-02-02,1.002615046118605,1.0624477344038816,-5.908235905054326
2010-02-03,1.002615046118605,1.08482906290431,-5.908235905054326
2010-02-04,1.002615046118605,1.0658021841299903,-5.908235905054326
2010-02-05,1.002615046118605,1.0379327129520297,-5.908235905054326
2010-02-08,1.002615046118605,1.0471162064644903,-5.908235905054326
2010-02-09,1.002615046118605,1.0542100427705228,-5.908235905054326
2010-02-10,1.002615046118605,1.0464123863743524,-5.908235905054326
2010-02-11,1.002615046118605,1.0617328516753668,-5.908235905054326
2010-02-15,1.002615046118605,1.0562557716362115,-5.908235905054326
2010-02-16,1.002615046118605,1.0680897873803865,-5.908235905054326
2010-02-17,1.002615046118605,1.0809026855145383,-5.908235905054326
2010-02-18,1.002615046118605,1.0751286327073024,-5.908235905054326
2010-02-19,1.002615046118605,1.0657031574058777,-5.908235905054326
2010-02-22,1.002615046118605,1.068232742445238,-5.908235905054326
2010-02-23,1.002615046118605,1.0712352284241495,-5.908235905054326
2010-02-24,1.002615046118605,1.0687167060231662,-5.908235905054326
2010-02-25,1.002615046118605,1.068969643046251,-5.908235905054326
2010-02-26,1.002615046118605,1.0827283430595045,-5.908235905054326
2010-03-02,1.002615046118605,1.103558968910549,-5.908235905054326
2010-03-03,1.002615046118605,1.1191984248521416,-5.908235905054326
2010-03-04,1.002615046118605,1.1174716866270313,-5.908235905054326
2010-03-05,1.002615046118605,1.1193304246828726,-5.908235905054326
2010-03-08,1.002615046118605,1.1270951079724243,-5.908235905054326
2010-03-09,1.002615046118605,1.1221459198519366,-5.908235905054326
2010-03-10,1.002615046118605,1.125390387619812,-5.908235905054326
2010-03-11,1.002615046118605,1.1291627473063548,-5.908235905054326
2010-03-12,1.002615046118605,1.129954638886484,-5.908235905054326
2010-03-15,1.002615046118605,1.1281729096822573,-5.908235905054326
2010-03-16,1.002615046118605,1.1433944556634155,-5.908235905054326
2010-03-17,1.002615046118605,1.150829193078268,-5.908235905054326
2010-03-18,1.002615046118605,1.1539086879087939,-5.908235905054326
2010-03-19,1.002615046118605,1.1576260566162202,-5.908235905054326
2010-03-22,1.002615046118605,1.1449562209511763,-5.908235905054326
2010-03-23,1.002615046118605,1.1493774097487406,-5.908235905054326
2010-03-25,1.002615046118605,1.1570981646975529,-5.908235905054326
2010-03-26,1.002615046118605,1.1618494067740723,-5.908235905054326
2010-03-29,1.002615046118605,1.1664356759132422,-5.908235905054326
2010-03-30,1.002615046118605,1.157549155168862,-5.908235905054326
2010-03-31,1.002615046118605,1.154612615403188,-5.908235905054326
2010-04-01,1.002615046118605,1.1637191000640343,-5.908235905054326
2010-04-05,1.002615046118605,1.1808542676758942,-5.908235905054326
2010-04-06,1.002615046118605,1.1803263757572267,-5.908235905054326
2010-04-07,1.002615046118605,1.1822290421538075,-5.908235905054326
2010-04-08,1.002615046118605,1.1667876396604393,-5.908235905054326
2010-04-09,1.002615046118605,1.1793915291122459,-5.908235905054326
2010-04-12,1.002615046118605,1.1745413677158703,-5.908235905054326
2010-04-13,1.002615046118605,1.1708569721150628,-5.908235905054326
2010-04-15,1.002615046118605,1.1600017313566084,-5.908235905054326
2010-04-16,1.002615046118605,1.157582128275481,-5.908235905054326
2010-04-19,1.002615046118605,1.1446152124381004,-5.908235905054326
2010-04-20,1.002615046118605,1.1504333009903318,-5.908235905054326
2010-04-21,1.002615046118605,1.153688723992328,-5.908235905054326
2010-04-22,1.002615046118605,1.1590668847116272,-5.908235905054326
2010-04-23,1.002615046118605,1.166710630808825,-5.908235905054326
2010-04-26,1.002615046118605,1.1707469901568297,-5.908235905054326
2010-04-27,1.002615046118605,1.167645477453806,-5.908235905054326
2010-04-28,1.002615046118605,1.1472108510949544,-5.908235905054326
2010-04-29,1.002615046118605,1.1557233902196398,-5.908235905054326
2010-04-30,1.002615046118605,1.160969551108208,-5.908235905054326
2010-05-03,1.002615046118605,1.1488165447234546,-5.908235905054326
2010-05-04,1.002615046118605,1.1324842239258448,-5.908235905054326
2010-05-05,1.002615046118605,1.127293054016393,-5.908235905054326
2010-05-06,1.002615046118605,1.1198033256224238,-5.908235905054326
2010-05-07,1.002615046118605,1.1037898880611363,-5.908235905054326
2010-05-10,1.002615046118605,1.1424046180393181,-5.908235905054326
2010-05-11,1.002615046118605,1.1297676480766368,-5.908235905054326
2010-05-12,1.002615046118605,1.1342769083641921,-5.908235905054326
2010-05-13,1.002615046118605,1.1391711055055636,-5.908235905054326
2010-05-14,1.002615046118605,1.1203862085202076,-5.908235905054326
2010-05-17,1.002615046118605,1.1129953994460946,-5.908235905054326
2010-05-18,1.002615046118605,1.1143812365623849,-5.908235905054326
2010-05-19,1.002615046118605,1.0821454601617206,-5.908235905054326
2010-05-20,1.0053538862974758,1.0882934945886513,-5.65120574676804
2010-05-21,1.0053538862974758,1.0846750452010812,-5.65120574676804
2010-05-24,1.0053538862974758,1.0874906477744013,-5.65120574676804
2010-05-25,1.0053538862974758,1.0573115554735466,-5.65120574676804
2010-05-26,1.0053538862974758,1.0816505413496722,-5.65120574676804
2010-05-27,1.0053538862974758,1.1005014919525218,-5.65120574676804
2010-05-28,1.0053538862974758,1.1144581380097436,-5.65120574676804
2010-05-31,1.0053538862974758,1.1188024253599496,-5.65120574676804
2010-06-01,1.0053538862974758,1.0932647005816374,-5.65120574676804
2010-06-02,1.0053538862974758,1.1041858875533292,-5.65120574676804
2010-06-03,1.0053538862974758,1.124125595100132,-5.65120574676804
2010-06-04,1.0053538862974758,1.1296246930117853,-5.65120574676804
2010-06-07,1.0053538862974758,1.1072983554904736,-5.65120574676804
2010-06-08,1.0053538862974758,1.0969820692890635,-5.65120574676804
2010-06-09,1.0053538862974758,1.0998855285438627,-5.65120574676804
2010-06-10,1.0053538862974758,1.117108767645714,-5.65120574676804
2010-06-11,1.0053538862974758,1.1260722972417088,-5.65120574676804
2010-06-14,1.0053538862974758,1.143306491577681,-5.65120574676804
2010-06-15,1.0053538862974758,1.1487285806377197,-5.65120574676804
2010-06-16,1.0053538862974758,1.1511481837188469,-5.65120574676804
2010-06-17,1.0053538862974758,1.160276686252191,-5.65120574676804
2010-06-18,1.0053538862974758,1.157582128275481,-5.65120574676804
2010-06-21,1.0053538862974758,1.1775327910564048,-5.65120574676804
2010-06-22,1.0053538862974758,1.1694491171262746,-5.65120574676804
2010-06-23,1.0053538862974758,1.1709009004558024,-5.65120574676804
2010-06-24,1.0053538862974758,1.1703400354305162,-5.65120574676804
2010-06-25,1.0053538862974758,1.159000831094134,-5.65120574676804
2010-06-28,1.0053538862974758,1.1731775484720781,-5.65120574676804
2010-06-29,1.0053538862974758,1.156163318052572,-5.65120574676804
2010-06-30,1.0053538862974758,1.1685583062262894,-5.65120574676804
2010-07-01,1.0053538862974758,1.155118489449358,-5.65120574676804
2010-07-02,1.0053538862974758,1.151973048405595,-5.65120574676804
2010-07-05,1.0053538862974758,1.1517090487441333,-5.65120574676804
2010-07-06,1.0053538862974758,1.1634001094234567,-5.65120574676804
2010-07-07,1.0053538862974758,1.1528529040714597,-5.65120574676804
2010-07-08,1.0053538862974758,1.1651158924144462,-5.65120574676804
2010-07-09,1.0053538862974758,1.177345907650814,-5.65120574676804
2010-07-12,1.0053538862974758,1.1840657623371516,-5.65120574676804
2010-07-13,1.0053538862974758,1.1879481039819275,-5.65120574676804
2010-07-14,1.0053538862974758,1.1847586271931687,-5.65120574676804
2010-07-15,1.0053538862974758,1.1831309156921705,-5.65120574676804
2010-07-16,1.0053538862974758,1.186463347545781,-5.65120574676804
2010-07-19,1.0053538862974758,1.1848246808106622,-5.65120574676804
2010-07-20,1.0053538862974758,1.1807663035901599,-5.65120574676804
2010-07-21,1.0053538862974758,1.187662193852224,-5.65120574676804
2010-07-22,1.0053538862974758,1.1970326781745322,-5.65120574676804
2010-07-23,1.0053538862974758,1.1986053986964138,-5.65120574676804
2010-07-26,1.0053538862974758,1.191896499244197,-5.65120574676804
2010-07-27,1.0053538862974758,1.1945360662417905,-5.65120574676804
2010-07-28,1.0053538862974758,1.1872661943600316,-5.65120574676804
2010-07-29,1.0053538862974758,1.1897628062927734,-5.65120574676804
2010-07-30,1.0053538862974758,1.180678339504425,-5.65120574676804
2010-08-02,1.0053538862974758,1.194766985392378,-5.65120574676804
2010-08-03,1.0053538862974758,1.1965046788516092,-5.65120574676804
2010-08-04,1.0053538862974758,1.2027297221301543,-5.65120574676804
2010-08-05,1.0053538862974758,1.1981654708634821,-5.65120574676804
2010-08-06,1.0053538862974758,1.1964387326383719,-5.65120574676804
2010-08-09,1.0053538862974758,1.2067550188397818,-5.65120574676804
2010-08-10,1.0053538862974758,1.2011570016082724,-5.65120574676804
2010-08-11,1.0053538862974758,1.1923364270771297,-5.65120574676804
2010-08-12,1.0053538862974758,1.1914235983046466,-5.65120574676804
2010-08-13,1.0053538862974758,1.1992652904458128,-5.65120574676804
2010-08-16,1.0053538862974758,1.1918304456267041,-5.65120574676804
2010-08-17,1.0053538862974758,1.1909176168542208,-5.65120574676804
2010-08-18,1.0053538862974758,1.205215271424519,-5.65120574676804
2010-08-19,1.0053538862974758,1.2186441329673297,-5.65120574676804
2010-08-20,1.0053538862974758,1.2165434131225246,-5.65120574676804
2010-08-23,1.0053538862974758,1.2193699709299655,-5.65120574676804
2010-08-24,1.0053538862974758,1.2109233780185176,-5.65120574676804
2010-08-25,1.0053538862974758,1.2015199205895908,-5.65120574676804
2010-08-26,1.0053538862974758,1.2049403165289367,-5.65120574676804
2010-08-27,1.0053538862974758,1.1897188779520347,-5.65120574676804
2010-08-30,1.0053538862974758,1.1912036343881809,-5.65120574676804
2010-08-31,1.0053538862974758,1.1883330408357442,-5.65120574676804
2010-09-01,1.0053538862974758,1.2036095777960192,-5.65120574676804
2010-09-02,1.0053538862974758,1.2067550188397824,-5.65120574676804
2010-09-03,1.0053538862974758,1.205270262403636,-5.65120574676804
2010-09-06,1.0053538862974758,1.2267278068974603,-5.65120574676804
2010-09-07,1.0053538862974758,1.2326777878761666,-5.65120574676804
2010-09-08,1.0053538862974758,1.2335246704354124,-5.65120574676804
2010-09-09,1.0053538862974758,1.240607444103068,-5.65120574676804
2010-09-13,1.0053538862974758,1.266992158844882,-5.65120574676804
2010-09-14,1.0053538862974758,1.2748118331135503,-5.65120574676804
2010-09-15,1.0053538862974758,1.2891975591738398,-5.65120574676804
2010-09-16,1.0053538862974758,1.2821037228678072,-5.65120574676804
2010-09-17,1.0053538862974758,1.2944766931690266,-5.65120574676804
2010-09-20,1.0053538862974758,1.3154832471915416,-5.65120574676804
2010-09-21,1.0053538862974758,1.321774129279068,-5.65120574676804
2010-09-22,1.0053538862974758,1.3178038235485567,-5.65120574676804
2010-09-23,1.0053538862974758,1.3108859154139947,-5.65120574676804
2010-09-24,1.0053538862974758,1.3238087955063793,-5.65120574676804
2010-09-27,1.0053538862974758,1.3276251909379178,-5.65120574676804
2010-09-28,1.0053538862974758,1.3262724343325023,-5.65120574676804
2010-09-29,1.0053538862974758,1.3178697697617938,-5.65120574676804
2010-09-30,1.0053538862974758,1.3263714610566144,-5.65120574676804
2010-10-01,1.0053538862974758,1.3513263029371425,-5.65120574676804
2010-10-04,1.0053538862974758,1.3548567882389775,-5.65120574676804
2010-10-05,1.0053538862974758,1.35185419485581,-5.65120574676804
2010-10-06,1.0053538862974758,1.360795813983563,-5.65120574676804
2010-10-07,1.0053538862974758,1.3462451149859238,-5.65120574676804
2010-10-08,1.0053538862974758,1.3425388089168744,-5.65120574676804
2010-10-11,1.0053538862974758,1.3496656183295255,-5.65120574676804
2010-10-12,1.0053538862974758,1.3397781973226708,-5.65120574676804
2010-10-13,1.0053538862974758,1.3712330373773265,-5.65120574676804
2010-10-14,1.0053538862974758,1.3587941208628695,-5.65120574676804
2010-10-15,1.0053538862974758,1.3335642166825026,-5.65120574676804
2010-10-18,1.0053538862974758,1.3364898012140556,-5.65120574676804
2010-10-19,1.0053538862974758,1.3257884707545737,-5.65120574676804
2010-10-20,1.0053538862974758,1.3158461661728587,-5.65120574676804
2010-10-21,1.0053538862974758,1.3421098363180628,-5.65120574676804
2010-10-22,1.0053538862974758,1.3343120725176363,-5.65120574676804
2010-10-25,1.0053538862974758,1.3430556381971648,-5.65120574676804
2010-10-26,1.0053538862974758,1.3378205399469734,-5.65120574676804
2010-10-27,1.0053538862974758,1.3225660208591965,-5.65120574676804
2010-10-28,1.0053538862974758,1.3170779855859203,-5.65120574676804
2010-10-29,1.0053538862974758,1.323676903079904,-5.65120574676804
2010-11-01,1.0053538862974758,1.3456402142156418,-5.65120574676804
2010-11-02,1.0053538862974758,1.3459592048562201,-5.65120574676804
2010-11-03,1.0053538862974758,1.3550877073895642,-5.65120574676804
2010-11-04,1.0053538862974758,1.3817692874952028,-5.65120574676804
2010-11-08,1.0053538862974758,1.3798776837369988,-5.65120574676804
2010-11-09,1.0053538862974758,1.3861135748454085,-5.65120574676804
2010-11-10,1.0053538862974758,1.380427593528164,-5.65120574676804
2010-11-11,1.0053538862974758,1.3625114895702957,-5.65120574676804
2010-11-12,1.0053538862974758,1.3355438919306974,-5.65120574676804
2010-11-15,1.0053538862974758,1.3465311325198828,-5.65120574676804
2010-11-16,1.0053538862974758,1.317297949502386,-5.65120574676804
2010-11-18,0.9905775299347969,1.319519499135289,-7.037912880719799
2010-11-19,0.9905775299347969,1.2956534141987144,-7.037912880719799
2010-11-22,0.9905775299347969,1.321983137961412,-7.037912880719799
2010-11-23,0.9905775299347969,1.305430853247336,-7.037912880719799
2010-11-24,0.9905775299347969,1.2902533430111733,-7.037912880719799
2010-11-25,0.9905775299347969,1.275735724524409,-7.037912880719799
2010-11-26,0.9905775299347969,1.2652214922790306,-7.037912880719799
2010-11-29,0.9905775299347969,1.2823896329975093,-7.037912880719799
2010-11-30,0.9905775299347969,1.289582496027654,-7.037912880719799
2010-12-01,0.9905775299347969,1.311182888182074,-7.037912880719799
2010-12-02,0.9905775299347969,1.3223571195811068,-7.037912880719799
2010-12-03,0.9905775299347969,1.3181997156364922,-7.037912880719799
2010-12-06,0.9905775299347969,1.3180787784441383,-7.037912880719799
2010-12-07,0.9905775299347969,1.3146253019939178,-7.037912880719799
2010-12-08,0.9905775299347969,1.2986010166027655,-7.037912880719799
2010-12-09,0.9905775299347969,1.2684219243019108,-7.037912880719799
2010-12-10,1.005163332303378,1.2884056675937094,-5.669088543888845
2010-12-13,1.005163332303378,1.299469809630253,-5.669088543888845
2010-12-14,1.005163332303378,1.3074875373471455,-5.669088543888845
2010-12-15,1.005163332303378,1.2960933420316465,-5.669088543888845
2010-12-16,1.005163332303378,1.3085103480778617,-5.669088543888845
2010-12-20,1.005163332303378,1.3081363664581669,-5.669088543888845
2010-12-21,1.005163332303378,1.3199264538616025,-5.669088543888845
2010-12-22,1.005163332303378,1.3163520402190279,-5.669088543888845
2010-12-23,1.005163332303378,1.315384220467428,-5.669088543888845
2010-12-24,1.005163332303378,1.3223351017086087,-5.669088543888845
2010-12-27,1.005163332303378,1.319365588836316,-5.669088543888845
2010-12-28,1.005163332303378,1.318903643130886,-5.669088543888845
2010-12-29,1.005163332303378,1.3330583426363323,-5.669088543888845
2010-12-30,1.005163332303378,1.3421868451696766,-5.669088543888845
2010-12-31,1.005163332303378,1.3493686455614444,-5.669088543888845
2011-01-03,1.005163332303378,1.3544498335126631,-5.669088543888845
2011-01-04,1.005163332303378,1.3519752394524192,-5.669088543888845
2011-01-05,1.005163332303378,1.3373365763690448,-5.669088543888845
2011-01-06,1.005163332303378,1.330396757766241,-5.669088543888845
2011-01-07,1.005163332303378,1.2987989626467333,-5.669088543888845
2011-01-10,0.9795709858326572,1.2676190774876601,-8.070836887962985
2011-01-11,0.9795709858326572,1.2656943932185816,-8.070836887962985
2011-01-12,0.9795709858326572,1.289703433220008,-8.070836887962985
2011-01-13,0.9795709858326572,1.2652104296406537,-8.070836887962985
2011-01-14,0.9795709858326572,1.2437969208918251,-8.070836887962985
2011-01-17,0.9795709858326572,1.2438409566368207,-8.070836887962985
2011-01-18,0.9795709858326572,1.2590844130862207,-8.070836887962985
2011-01-19,0.9795709858326572,1.2518256038428384,-8.070836887962985
2011-01-20,0.9795709858326572,1.2563459267687709,-8.070836887962985
2011-01-21,0.9795709858326572,1.253024450149281,-8.070836887962985
2011-01-24,0.9795709858326572,1.2633077632440726,-8.070836887962985
2011-01-25,0.9795709858326572,1.2510227570285881,-8.070836887962985
2011-01-27,0.9795709858326572,1.2327437340894019,-8.070836887962985
2011-01-28,0.9795709858326572,1.2124740806678997,-8.070836887962985
2011-01-31,0.9795709858326572,1.2110993061899864,-8.070836887962985
2011-02-01,0.9795709858326572,1.1915885712419947,-8.070836887962985
2011-02-02,0.9795709858326572,1.1948439942439908,-8.070836887962985
2011-02-03,0.9795709858326572,1.2156855753291562,-8.070836887962985
2011-02-04,0.9795709858326572,1.186870302272094,-8.070836887962985
2011-02-07,0.9714513779242197,1.1869252932512104,-8.832832466247753
2011-02-08,0.9714513779242197,1.16856926146041,-8.832832466247753
2011-02-09,0.9714513779242197,1.1555913903889086,-8.832832466247753
2011-02-10,0.9714513779242197,1.1494873917069737,-8.832832466247753
2011-02-11,0.9714513779242197,1.1680083964351238,-8.832832466247753
2011-02-14,0.9714513779242197,1.2001231282391782,-8.832832466247753
2011-02-15,0.9714513779242197,1.2056222261508314,-8.832832466247753
2011-02-16,0.9714513779242197,1.20577624385406,-8.832832466247753
2011-02-17,0.9714513779242197,1.2200189074452417,-8.832832466247753
2011-02-18,0.9714513779242197,1.2007720647544557,-8.832832466247753
2011-02-21,0.9714513779242197,1.213892890890809,-8.832832466247753
2011-02-22,0.9714513779242197,1.2030266948982338,-8.832832466247753
2011-02-23,0.9714513779242197,1.1960208226779363,-8.832832466247753
2011-02-24,0.9714513779242197,1.1576041461479787,-8.832832466247753
2011-02-25,0.9663135418868414,1.166589586212215,-9.31499963325666
2011-02-28,0.9663135418868414,1.1731225574929616,-9.31499963325666
2011-03-01,0.9663135418868414,1.21470669293918,-9.31499963325666
2011-03-03,0.9663135418868414,1.217764277301464,-9.31499963325666
2011-03-04,0.9663135418868414,1.2183251423267503,-9.31499963325666
2011-03-07,0.9663135418868414,1.20169584876106,-9.31499963325666
2011-03-08,0.9663135418868414,1.2143767470644808,-9.31499963325666
2011-03-09,0.9663135418868414,1.2166204219741379,-9.31499963325666
2011-03-10,0.9663135418868414,1.2085697211506266,-9.31499963325666
2011-03-11,0.9663135418868414,1.1978025518821633,-9.31499963325666
2011-03-14,0.9663135418868414,1.216730403932371,-9.31499963325666
2011-03-15,0.9663135418868414,1.1987263358887674,-9.31499963325666
2011-03-16,0.9663135418868414,1.2122541167514342,-9.31499963325666
2011-03-17,0.9663135418868414,1.1980664441393691,-9.31499963325666
2011-03-18,0.9663135418868414,1.182020140875719,-9.31499963325666
2011-03-21,0.9663135418868414,1.1800514208616448,-9.31499963325666
2011-03-22,0.9663135418868414,1.1908516706409829,-9.31499963325666
2011-03-23,0.9663135418868414,1.2054572532134822,-9.31499963325666
2011-03-24,0.9663135418868414,1.214728710811678,-9.31499963325666
2011-03-25,0.9663135418868414,1.2437309746785878,-9.31499963325666
2011-03-28,0.9663135418868414,1.25098978392197,-9.31499963325666
2011-03-29,0.9663135418868414,1.2617900337013077,-9.31499963325666
2011-03-30,0.9663135418868414,1.2730741396543175,-9.31499963325666
2011-03-31,0.9663135418868414,1.283214497684257,-9.31499963325666
2011-04-01,0.9663135418868414,1.2815207325657654,-9.31499963325666
2011-04-04,0.9663135418868414,1.2996458452059791,-9.31499963325666
2011-04-05,0.9663135418868414,1.2999977015489201,-9.31499963325666
2011-04-06,0.9663135418868414,1.2959724048392924,-9.31499963325666
2011-04-07,0.9663135418868414,1.2946416661063747,-9.31499963325666
2011-04-08,0.9663135418868414,1.2850291999951025,-9.31499963325666
2011-04-11,0.9663135418868414,1.272645274459762,-9.31499963325666
2011-04-13,0.9663135418868414,1.300316692189498,-9.31499963325666
2011-04-15,0.9663135418868414,1.281190786691066,-9.31499963325666
2011-04-18,0.9663135418868414,1.260195295306928,-9.31499963325666
2011-04-19,0.9663135418868414,1.262757853452907,-9.31499963325666
2011-04-20,0.9663135418868414,1.287151830308149,-9.31499963325666
2011-04-21,0.9663135418868414,1.294421702189908,-9.31499963325666
2011-04-25,0.9663135418868414,1.292178027280251,-9.31499963325666
2011-04-26,0.9663135418868414,1.2908362259089563,-9.31499963325666
2011-04-27,0.9663135418868414,1.283247470790875,-9.31499963325666
2011-04-28,0.9663135418868414,1.2725902834806448,-9.31499963325666
2011-04-29,0.9663135418868414,1.2646825377219852,-9.31499963325666
2011-05-02,0.9663135418868414,1.2540802339866157,-9.31499963325666
2011-05-03,0.9663135418868414,1.2241541861131018,-9.31499963325666
2011-05-04,0.9590786965138776,1.2179731785795525,-9.993963475592405
2011-05-05,0.9590786965138776,1.2009700107984234,-9.993963475592405
2011-05-06,0.9590786965138776,1.2211187270275716,-9.993963475592405
2011-05-09,0.9590786965138776,1.2210417181759572,-9.993963475592405
2011-05-10,0.9590786965138776,1.2188750521179146,-9.993963475592405
2011-05-11,0.9590786965138776,1.224110150368106,-9.993963475592405
2011-05-12,0.9590786965138776,1.20675501883978,-9.993963475592405
2011-05-13,0.9590786965138776,1.2196449258255462,-9.993963475592405
2011-05-16,0.9590786965138776,1.2095815766472209,-9.993963475592405
2011-05-17,0.9590786965138776,1.1963727864251326,-9.993963475592405
2011-05-18,0.9590786965138776,1.192336427077128,-9.993963475592405
2011-05-19,0.9590786965138776,1.193986156450624,-9.993963475592405
2011-05-20,0.9590786965138776,1.2067990545847758,-9.993963475592405
2011-05-23,0.9590786965138776,1.1848465912789028,-9.993963475592405
2011-05-24,0.9590786965138776,1.1866723562281252,-9.993963475592405
2011-05-25,0.9590786965138776,1.1765760339431812,-9.993963475592405
2011-05-26,0.9590786965138776,1.1905217247662823,-9.993963475592405
2011-05-27,0.9590786965138776,1.2045444244409977,-9.993963475592405
2011-05-30,0.9590786965138776,1.2038845326915995,-9.993963475592405
2011-06-01,0.9590786965138776,1.2300382208785703,-9.993963475592405
2011-06-02,0.9590786965138776,1.2208767452386073,-9.993963475592405
2011-06-03,0.9590786965138776,1.2134859361644943,-9.993963475592405
2011-06-06,0.9590786965138776,1.2168513411247235,-9.993963475592405
2011-06-07,0.9590786965138776,1.2221524929924084,-9.993963475592405
2011-06-08,0.9590786965138776,1.2157075932016534,-9.993963475592405
2011-06-09,0.9590786965138776,1.2144317380435963,-9.993963475592405
2011-06-10,0.9590786965138776,1.2066780099881653,-9.993963475592405
2011-06-13,0.9590786965138776,1.206018118238767,-9.993963475592405
2011-06-14,0.9590786965138776,1.2099115225219197,-9.993963475592405
2011-06-15,0.9590786965138776,1.198253434949215,-9.993963475592405
2011-06-16,0.9590786965138776,1.1870902661885592,-9.993963475592405
2011-06-17,0.9590786965138776,1.1804143398429612,-9.993963475592405
2011-06-20,0.9590786965138776,1.1565482549063866,-9.993963475592405
2011-06-21,0.956261592229615,1.160496650168656,-10.258338434627612
2011-06-22,0.956261592229615,1.1610354973214445,-10.258338434627612
2011-06-23,0.956261592229615,1.1702080355997844,-10.258338434627612
2011-06-24,0.956261592229615,1.2034775779652858,-10.258338434627612
2011-06-27,0.956261592229615,1.215652602222537,-10.258338434627612
2011-06-28,0.956261592229615,1.2197658630178998,-10.258338434627612
2011-06-29,0.956261592229615,1.2318969589344115,-10.258338434627612
2011-06-30,0.956261592229615,1.2422242003699426,-10.258338434627612
2011-07-01,0.956261592229615,1.2377809936998805,-10.258338434627612
2011-07-04,0.956261592229615,1.2429061099918386,-10.258338434627612
2011-07-05,0.956261592229615,1.238858795409713,-10.258338434627612
2011-07-06,0.956261592229615,1.2373960568460645,-10.258338434627612
2011-07-07,0.956261592229615,1.2601623222003084,-10.258338434627612
2011-07-08,0.956261592229615,1.2451387222631185,-10.258338434627612
2011-07-11,0.956261592229615,1.2353393727462552,-10.258338434627612
2011-07-12,0.956261592229615,1.2155535754984248,-10.258338434627612
2011-07-13,0.956261592229615,1.2285975001874196,-10.258338434627612
2011-07-15,0.956261592229615,1.2276406356699407,-10.258338434627612
2011-07-18,0.956261592229615,1.2245500782010381,-10.258338434627612
2011-07-19,0.956261592229615,1.234778400316713,-10.258338434627612
2011-07-20,0.956261592229615,1.2245500782010383,-10.258338434627612
2011-07-21,0.956261592229615,1.218952060969529,-10.258338434627612
2011-07-22,0.956261592229615,1.2392657501360267,-10.258338434627612
2011-07-25,0.956261592229615,1.2494609917408266,-10.258338434627612
2011-07-26,0.956261592229615,1.2262658611920274,-10.258338434627612
2011-07-27,0.956261592229615,1.220095808892599,-10.258338434627612
2011-07-28,0.956261592229615,1.207106982586977,-10.258338434627612
2011-07-29,0.956261592229615,1.2058421900672966,-10.258338434627612
2011-08-01,0.956261592229615,1.2134968913986153,-10.258338434627612
2011-08-02,0.956261592229615,1.2002440654315312,-10.258338434627612
2011-08-03,0.956261592229615,1.1888609327544093,-10.258338434627612
2011-08-04,0.956261592229615,1.1728035668523822,-10.258338434627612
2011-08-05,0.956261592229615,1.1462869596840932,-10.258338434627612
2011-08-08,0.9608666433538693,1.1258853064318601,-9.826171187880316
2011-08-09,0.9608666433538693,1.1158439751260327,-9.826171187880316
2011-08-10,0.9608666433538693,1.1352337728816704,-9.826171187880316
2011-08-11,0.9608666433538693,1.1302405490161869,-9.826171187880316
2011-08-12,0.9608666433538693,1.1158659929985304,-9.826171187880316
2011-08-16,0.9608666433538693,1.1076942475784088,-9.826171187880316
2011-08-17,0.9608666433538693,1.112269561483458,-9.826171187880316
2011-08-18,0.9608666433538693,1.0875345761151396,-9.826171187880316
2011-08-19,0.9608666433538693,1.0658681303432262,-9.826171187880316
2011-08-22,0.9608666433538693,1.0775591910225497,-9.826171187880316
2011-08-23,0.9608666433538693,1.0885794047183537,-9.826171187880316
2011-08-24,0.9608666433538693,1.0753815697303861,-9.826171187880316
2011-08-25,0.9608666433538693,1.0645373916103087,-9.826171187880316
2011-08-26,0.9608666433538693,1.0443446396361646,-9.826171187880316
2011-08-29,0.9608666433538693,1.0821345049275986,-9.826171187880316
2011-08-30,0.9608666433538693,1.1000395462470898,-9.826171187880316
2011-09-02,0.9608666433538693,1.1086181389892686,-9.826171187880316
2011-09-05,0.9608666433538693,1.1036030046555434,-9.826171187880316
2011-09-06,0.9608666433538693,1.113963219197693,-9.826171187880316
2011-09-07,0.9608666433538693,1.1272380630372747,-9.826171187880316
2011-09-08,0.9608666433538693,1.1335290525290571,-9.826171187880316
2011-09-09,0.9608666433538693,1.112896480126237,-9.826171187880316
2011-09-12,0.9608666433538693,1.0881174590129232,-9.826171187880316
2011-09-13,0.9518318155558646,1.0868307560250012,-10.674056813673872
2011-09-14,0.9518318155558646,1.1025800865205708,-10.674056813673872
2011-09-15,0.9518318155558646,1.1164708937688115,-10.674056813673872
2011-09-16,0.9518318155558646,1.1183515422928945,-10.674056813673872
2011-09-19,0.9518318155558646,1.1068474724234185,-10.674056813673872
2011-09-20,0.9518318155558646,1.1306585663808766,-10.674056813673872
2011-09-21,0.9518318155558646,1.1291297741997346,-10.674056813673872
2011-09-22,0.9518318155558646,1.0830253158275835,-10.674056813673872
2011-09-23,0.9518318155558646,1.0707293543779783,-10.674056813673872
2011-09-26,0.9518318155558646,1.063613500199448,-10.674056813673872
2011-09-27,0.9518318155558646,1.0934956197322223,-10.674056813673872
2011-09-28,0.9518318155558646,1.087919512968955,-10.674056813673872
2011-09-29,0.9518318155558646,1.1032180678017276,-10.674056813673872
2011-09-30,0.9518318155558646,1.0873366300711709,-10.674056813673872
2011-10-03,0.9518318155558646,1.0667150129024716,-10.674056813673872
2011-10-04,0.9518318155558646,1.0497007824829656,-10.674056813673872
2011-10-05,0.9518318155558646,1.0451145133437958,-10.674056813673872
2011-10-07,0.9518318155558646,1.0751945789205384,-10.674056813673872
2011-10-10,0.9518318155558646,1.0953323399155657,-10.674056813673872
2011-10-11,0.9518318155558646,1.0941775293541185,-10.674056813673872
2011-10-12,0.9518318155558646,1.121683974146505,-10.674056813673872
2011-10-13,0.9518318155558646,1.1169437947083625,-10.674056813673872
2011-10-14,0.9518318155558646,1.1289207655173892,-10.674056813673872
2011-10-17,0.9518318155558646,1.1258303154527425,-10.674056813673872
2011-10-18,0.9518318155558646,1.108068229198103,-10.674056813673872
2011-10-19,0.9518318155558646,1.1304275398260333,-10.674056813673872
2011-10-20,0.9518318155558646,1.120034244773009,-10.674056813673872
2011-10-21,0.9518318155558646,1.1108068229198087,-10.674056813673872
2011-10-24,0.9518318155558646,1.1214530549959179,-10.674056813673872
2011-10-25,0.9518318155558646,1.1419646902063838,-10.674056813673872
2011-10-28,0.9518318155558646,1.1791606099616567,-10.674056813673872
2011-10-31,0.9518318155558646,1.1716598189293106,-10.674056813673872
2011-11-01,0.9518318155558646,1.1565593175447624,-10.674056813673872
2011-11-02,0.9518318155558646,1.1566692995029955,-10.674056813673872
2011-11-03,0.9518318155558646,1.1582749931314957,-10.674056813673872
2011-11-04,0.9518318155558646,1.162333370351998,-10.674056813673872
2011-11-08,0.9518318155558646,1.1634661630409473,-10.674056813673872
2011-11-09,0.9518318155558646,1.1484425631037574,-10.674056813673872
2011-11-11,0.9518318155558646,1.1369605111067793,-10.674056813673872
2011-11-14,0.9518318155558646,1.1324512508192237,-10.674056813673872
2011-11-15,0.9518318155558646,1.1148871106085523,-10.674056813673872
2011-11-16,0.9518318155558646,1.1065175265487186,-10.674056813673872
2011-11-17,0.9518318155558646,1.085466936781208,-10.674056813673872
2011-11-18,0.9518318155558646,1.0790989384378111,-10.674056813673872
2011-11-21,0.9518318155558646,1.0510646017267573,-10.674056813673872
2011-11-22,0.9534020992709629,1.0585433748866055,-10.526691416101652
2011-11-23,0.9534020992709629,1.0352492176136943,-10.526691416101652
2011-11-25,0.9534020992709629,1.0360410017895674,-10.526691416101652
2011-11-28,0.9534020992709629,1.0671109049904075,-10.526691416101652
2011-11-29,0.9534020992709629,1.0569486364922263,-10.526691416101652
2011-11-30,0.9534020992709629,1.0628765995984346,-10.526691416101652
2011-12-01,0.9534020992709629,1.0859288824866382,-10.526691416101652
2011-12-02,0.9534020992709629,1.1108507512605477,-10.526691416101652
2011-12-05,0.9534020992709629,1.1084311481794202,-10.526691416101652
2011-12-07,0.9534020992709629,1.1135893449822531,-10.526691416101652
2011-12-08,0.9534020992709629,1.0874245941569052,-10.526691416101652
2011-12-09,0.9507025850604721,1.0704984352273905,-10.78003097573399
2011-12-12,0.9507025850604721,1.048040097875348,-10.78003097573399
2011-12-13,0.9507025850604721,1.0559587988681283,-10.78003097573399
2011-12-14,0.9507025850604721,1.0477431251072673,-10.78003097573399
2011-12-15,0.9507025850604721,1.044025756399841,-10.78003097573399
2011-12-16,0.9507025850604721,1.0231841753146755,-10.78003097573399
2011-12-19,0.9507025850604721,1.0147155645307298,-10.78003097573399
2011-12-20,0.9507025850604721,0.999560072167065,-10.78003097573399
2011-12-21,0.9507025850604721,1.0323236330821406,-10.78003097573399
2011-12-22,0.9507025850604721,1.0412762074440143,-10.78003097573399
2011-12-23,0.9507025850604721,1.0369099022213104,-10.78003097573399
2011-12-27,0.9507025850604721,1.0449385851723239,-10.78003097573399
2011-12-28,0.9507025850604721,1.0351061551445857,-10.78003097573399
2011-12-29,0.9507025850604721,1.0220073468807305,-10.78003097573399
2011-12-30,0.9507025850604721,1.0171790959525966,-10.78003097573399
2012-01-03,0.9507025850604721,1.0481940081743202,-10.78003097573399
2012-01-04,0.9507025850604721,1.0447515943624766,-10.78003097573399
2012-01-05,0.9507025850604721,1.0448176479799702,-10.78003097573399
2012-01-06,0.9507025850604721,1.0457304767524533,-10.78003097573399
2012-01-09,0.9507025850604721,1.0432448200538325,-10.78003097573399
2012-01-10,0.9507025850604721,1.0667259681365913,-10.78003097573399
2012-01-11,0.9507025850604721,1.06923364270771,-10.78003097573399
2012-01-12,0.9507025850604721,1.0627006714269638,-10.78003097573399
2012-01-13,0.9507025850604721,1.0703444175241617,-10.78003097573399
2012-01-16,0.9507025850604721,1.0720821109833927,-10.78003097573399
2012-01-17,0.9507025850604721,1.0926267193004775,-10.78003097573399
2012-01-18,0.9507025850604721,1.090097134261117,-10.78003097573399
2012-01-19,0.9507025850604721,1.1038668969127474,-10.78003097573399
2012-01-20,0.9507025850604721,1.110509850151727,-10.78003097573399
2012-01-23,0.9507025850604721,1.1099929134671804,-10.78003097573399
2012-01-24,0.9507025850604721,1.1278320085734344,-10.78003097573399
2012-01-25,0.9507025850604721,1.1346398273455072,-10.78003097573399
2012-01-27,0.9507025850604721,1.1448462389929401,-10.78003097573399
2012-01-30,0.9507025850604721,1.1190223892764122,-10.78003097573399
2012-01-31,0.9625277281161888,1.1436473926864974,-9.670284443308773
2012-02-01,0.9625277281161888,1.15166512040339,-9.670284443308773
2012-02-02,0.9625277281161888,1.159187821903978,-9.670284443308773
2012-02-03,0.9625277281161888,1.17149484599196,-9.670284443308773
2012-02-06,0.9625277281161888,1.1793695112397449,-9.670284443308773
2012-02-07,0.9625277281161888,1.1735404674533927,-9.670284443308773
2012-02-08,0.9625277281161888,1.180799276696775,-9.670284443308773
2012-02-09,0.9625277281161888,1.19052172476628,-9.670284443308773
2012-02-10,0.9625277281161888,1.1837578343349466,-9.670284443308773
2012-02-13,0.9625277281161888,1.1856495454974065,-9.670284443308773
2012-02-14,0.9625277281161888,1.1913355268146508,-9.670284443308773
2012-02-15,0.9625277281161888,1.2168294306564795,-9.670284443308773
2012-02-16,0.9625277281161888,1.2146297914918183,-9.670284443308773
2012-02-17,0.9625277281161888,1.2239451774307537,-9.670284443308773
2012-02-21,0.9625277281161888,1.2333706527321784,-9.670284443308773
2012-02-22,0.9625277281161888,1.2109783689976292,-9.670284443308773
2012-02-23,0.9625277281161888,1.2061281001969975,-9.670284443308773
2012-02-24,0.9625277281161888,1.1942500487078267,-9.670284443308773
2012-02-27,0.9625277281161888,1.1616734786025984,-9.670284443308773
2012-02-28,0.9723839178021374,1.1824160329636513,-8.745317001023245
2012-02-29,0.9723839178021374,1.184549725915075,-8.745317001023245
2012-03-01,0.9723839178021374,1.1745523229499872,-8.745317001023245
2012-03-02,0.9723839178021374,1.1788636371935746,-8.745317001023245
2012-03-05,0.9723839178021374,1.1614864877927507,-8.745317001023245
2012-03-06,0.9723839178021374,1.1487395358718364,-8.745317001023245
2012-03-07,0.9723839178021374,1.1483106706772812,-8.745317001023245
2012-03-09,0.9723839178021374,1.173188503706195,-8.745317001023245
2012-03-12,0.9723839178021374,1.1789075655343142,-8.745317001023245
2012-03-13,0.9723839178021374,1.194294084452822,-8.745317001023245
2012-03-14,0.9723839178021374,1.2018608216984055,-8.745317001023245
2012-03-15,0.9723839178021374,1.183515852545982,-8.745317001023245
2012-03-16,0.9723839178021374,1.1697460898943512,-8.745317001023245
2012-03-19,0.9723839178021374,1.1563612640965364,-8.745317001023245
2012-03-20,0.9723839178021374,1.1602766862521872,-8.745317001023245
2012-03-21,0.9723839178021374,1.1800954566066362,-8.745317001023245
2012-03-22,0.9723839178021374,1.1500703820090101,-8.745317001023245
2012-03-23,0.9746113346881143,1.1610135868531997,-8.53628205287661
2012-03-26,0.9746113346881143,1.1403479339395048,-8.53628205287661
2012-03-27,0.9746113346881143,1.1533037871385083,-8.53628205287661
2012-03-28,0.9746113346881143,1.1426575550623992,-8.53628205287661
2012-03-29,0.9746113346881143,1.139160150271439,-8.53628205287661
2012-03-30,0.9746113346881143,1.164829874880482,-8.53628205287661
2012-04-02,0.9746113346881143,1.1697460898943512,-8.53628205287661
2012-04-03,0.9746113346881143,1.1786766463837273,-8.53628205287661
2012-04-04,0.9746113346881143,1.170845909476682,-8.53628205287661
2012-04-09,0.9746113346881143,1.15137910286943,-8.53628205287661
2012-04-10,0.9746113346881143,1.1534028138626207,-8.53628205287661
2012-04-11,0.9746113346881143,1.149718418261813,-8.53628205287661
2012-04-12,0.9746113346881143,1.1607166140851193,-8.53628205287661
2012-04-13,0.9746113346881143,1.1454511397632214,-8.53628205287661
2012-04-16,0.9746113346881143,1.1495754631969612,-8.53628205287661
2012-04-17,0.9746113346881143,1.1635431718925602,-8.53628205287661
2012-04-18,0.9746113346881143,1.1658087572704587,-8.53628205287661
2012-04-19,0.9746113346881143,1.17293556668311,-8.53628205287661
2012-04-20,0.9746113346881143,1.163796108915645,-8.53628205287661
2012-04-23,0.9746113346881143,1.1439443654545773,-8.53628205287661
2012-04-24,0.9746113346881143,1.148794526850953,-8.53628205287661
2012-04-25,0.9746113346881143,1.1442522934567787,-8.53628205287661
2012-04-26,0.9746113346881143,1.1413927625427192,-8.53628205287661
2012-04-27,0.9746113346881143,1.141744726289916,-8.53628205287661
2012-04-30,0.9746113346881143,1.1544036067208392,-8.53628205287661
2012-05-02,0.9746113346881143,1.152423931472644,-8.53628205287661
2012-05-03,0.9746113346881143,1.1412607627119884,-8.53628205287661
2012-05-04,0.9746113346881143,1.1189234699565558,-8.53628205287661
2012-05-07,0.9746113346881143,1.1249284419143784,-8.53628205287661
2012-05-08,0.9746113346881143,1.0998086270965006,-8.53628205287661
2012-05-09,0.9740157469881721,1.0942764486739727,-8.59217578554875
2012-05-10,0.9740157469881721,1.0922748629575358,-8.59217578554875
2012-05-11,0.9740157469881721,1.0841801263890287,-8.59217578554875
2012-05-14,0.9740157469881721,1.0795388662707424,-8.59217578554875
2012-05-15,0.9740157469881721,1.0872376033470565,-8.59217578554875
2012-05-16,0.9740157469881721,1.0686396971715482,-8.59217578554875
2012-05-17,0.9740157469881721,1.0712683089350208,-8.59217578554875
2012-05-18,0.9740157469881721,1.075942542159926,-8.59217578554875
2012-05-22,0.9740157469881721,1.069134615983597,-8.59217578554875
2012-05-23,0.9740157469881721,1.0636684911785625,-8.59217578554875
2012-05-24,0.9740157469881721,1.0825303970155327,-8.59217578554875
2012-05-25,0.9740157469881721,1.0823104330990665,-8.59217578554875
2012-05-28,0.9740157469881721,1.0966630786484812,-8.59217578554875
2012-05-29,0.9740157469881721,1.0976419610384578,-8.59217578554875
2012-05-30,0.9740157469881721,1.0889863594446647,-8.59217578554875
2012-05-31,0.9740157469881721,1.0831573156583123,-8.59217578554875
2012-06-01,0.9740157469881721,1.0649773194432384,-8.59217578554875
2012-06-04,0.9740157469881721,1.066418040134389,-8.59217578554875
2012-06-05,0.9740157469881721,1.0697504719879996,-8.59217578554875
2012-06-06,0.9740157469881721,1.0991817084537205,-8.59217578554875
2012-06-07,0.9740157469881721,1.1107407693023128,-8.59217578554875
2012-06-08,0.9740157469881721,1.1148541375019316,-8.59217578554875
2012-06-11,0.9740157469881721,1.1117196516922894,-8.59217578554875
2012-06-12,0.9740157469881721,1.1253133787681935,-8.59217578554875
2012-06-13,0.9740157469881721,1.1265342429471341,-8.59217578554875
2012-06-14,0.9740157469881721,1.111862606757141,-8.59217578554875
2012-06-15,0.9740157469881721,1.130405521953533,-8.59217578554875
2012-06-18,0.9740157469881721,1.1139522639635693,-8.59217578554875
2012-06-19,0.9740157469881721,1.1226628565364791,-8.59217578554875
2012-06-20,0.9740157469881721,1.1263361894989097,-8.59217578554875
2012-06-21,0.9740157469881721,1.1361136285475313,-8.59217578554875
2012-06-22,0.9740157469881721,1.131945269368796,-8.59217578554875
2012-06-25,0.9740157469881721,1.1250384238726108,-8.59217578554875
2012-06-26,0.9740157469881721,1.1263911804780262,-8.59217578554875
2012-06-27,0.9740157469881721,1.1310324405963128,-8.59217578554875
2012-06-28,0.9740157469881721,1.132627178990692,-8.59217578554875
2012-06-29,0.9740157469881721,1.1611674971521717,-8.59217578554875
2012-07-02,0.9740157469881721,1.1611015509389344,-8.59217578554875
2012-07-03,0.9740157469881721,1.163158235038744,-8.59217578554875
2012-07-04,0.9740157469881721,1.1663696222957445,-8.59217578554875
2012-07-05,0.9740157469881721,1.171813729228281,-8.59217578554875
2012-07-06,0.9740157469881721,1.1695371886162615,-8.59217578554875
2012-07-09,0.9740157469881721,1.1603426324654238,-8.59217578554875
2012-07-10,0.9740157469881721,1.1757841423630482,-8.59217578554875
2012-07-11,0.9740157469881721,1.1671944869824924,-8.59217578554875
2012-07-12,0.9740157469881721,1.1515660936792766,-8.59217578554875
2012-07-13,0.9740157469881721,1.1498063823475477,-8.59217578554875
2012-07-16,0.9740157469881721,1.143207464853564,-8.59217578554875
2012-07-17,0.9740157469881721,1.1422396451019643,-8.59217578554875
2012-07-18,0.9740157469881721,1.1473977345005413,-8.59217578554875
2012-07-19,0.9740157469881721,1.1532048678186517,-8.59217578554875
2012-07-20,0.9740157469881721,1.1449342030786742,-8.59217578554875
2012-07-23,0.9740157469881721,1.1257643692395027,-8.59217578554875
2012-07-24,0.9740157469881721,1.1280189993832805,-8.59217578554875
2012-07-25,0.9740157469881721,1.1239276490561594,-8.59217578554875
2012-07-26,0.9740157469881721,1.1092780307386643,-8.59217578554875
2012-07-27,0.9740157469881721,1.1217830008706144,-8.59217578554875
2012-07-30,0.9740157469881721,1.14376832987885,-8.59217578554875
2012-07-31,0.9740157469881721,1.150191319201363,-8.59217578554875
2012-08-01,0.9740157469881721,1.1527209042407236,-8.59217578554875
2012-08-02,0.9740157469881721,1.1499163643057804,-8.59217578554875
2012-08-03,0.9740157469881721,1.147265842074066,-8.59217578554875
2012-08-06,0.9740157469881721,1.1619703439664215,-8.59217578554875
2012-08-07,0.9740157469881721,1.1738814759664669,-8.59217578554875
2012-08-08,0.9740157469881721,1.1741673860961703,-8.59217578554875
2012-08-09,0.9740157469881721,1.1708569721150575,-8.59217578554875
2012-08-10,0.9740157469881721,1.1702959996855151,-8.59217578554875
2012-08-13,0.9740157469881721,1.1763450073883337,-8.59217578554875
2012-08-14,0.9740157469881721,1.183482879439362,-8.59217578554875
2012-08-16,0.9740157469881721,1.1796555287737025,-8.59217578554875
2012-08-17,0.9740157469881721,1.1803923219704593,-8.59217578554875
2012-08-21,0.9740157469881721,1.1924243911628587,-8.59217578554875
2012-08-22,0.9740157469881721,1.190631706724511,-8.59217578554875
2012-08-23,0.9740157469881721,1.1911816165156763,-8.59217578554875
2012-08-24,0.9740157469881721,1.184879671789773,-8.59217578554875
2012-08-27,0.9740157469881721,1.1768619440728803,-8.59217578554875
2012-08-29,0.9740157469881721,1.1631251545278685,-8.59217578554875
2012-08-30,0.9740157469881721,1.1691191712515703,-8.59217578554875
2012-08-31,0.9740157469881721,1.1566802547371133,-8.59217578554875
2012-09-03,0.9740157469881721,1.1556354261338992,-8.59217578554875
2012-09-04,0.9740157469881721,1.1600896954423383,-8.59217578554875
2012-09-05,0.9740157469881721,1.149465481238727,-8.59217578554875
2012-09-06,0.9740157469881721,1.1522589585352931,-8.59217578554875
2012-09-07,0.9740157469881721,1.1750692596345327,-8.59217578554875
2012-09-10,0.9740157469881721,1.1797655107319356,-8.59217578554875
2012-09-11,0.9740157469881721,1.1856055097524087,-8.59217578554875
2012-09-12,0.9740157469881721,1.1946240303275197,-8.59217578554875
2012-09-13,0.9740157469881721,1.1955808948449986,-8.59217578554875
2012-09-14,0.9740157469881721,1.2268817171964257,-8.59217578554875
2012-09-17,0.9740157469881721,1.233997571374956,-8.59217578554875
2012-09-18,0.9740157469881721,1.2318088874444155,-8.59217578554875
2012-09-20,0.9740157469881721,1.2217345830319695,-8.59217578554875
2012-09-21,0.9740157469881721,1.2518476217153307,-8.59217578554875
2012-09-24,0.9740157469881721,1.2471074422771882,-8.59217578554875
2012-09-25,0.9740157469881721,1.2480532441562902,-8.59217578554875
2012-09-26,0.9740157469881721,1.2457546856717727,-8.59217578554875
2012-09-27,0.9740157469881721,1.242686146075368,-8.59217578554875
2012-09-28,0.9740157469881721,1.254520161819543,-8.59217578554875
2012-10-01,0.9740157469881721,1.2579296025247677,-8.59217578554875
2012-10-03,0.9740157469881721,1.2606681962464732,-8.59217578554875
2012-10-04,0.9740157469881721,1.2730631844201905,-8.59217578554875
2012-10-05,0.9740157469881721,1.264121672696694,-8.59217578554875
2012-10-08,0.9740157469881721,1.24851518986172,-8.59217578554875
2012-10-09,0.9740157469881721,1.2548061793535024,-8.59217578554875
2012-10-10,0.9740157469881721,1.2432690289731516,-8.59217578554875
2012-10-11,0.9740157469881721,1.2555649904227566,-8.59217578554875
2012-10-12,0.9740157469881721,1.2485261450958405,-8.59217578554875
2012-10-15,0.9740157469881721,1.2509897839219637,-8.59217578554875
2012-10-16,0.9740157469881721,1.2423562002006683,-8.59217578554875
2012-10-17,0.9740157469881721,1.2450507581773782,-8.59217578554875
2012-10-18,0.9740157469881721,1.2579076920565255,-8.59217578554875
2012-10-19,0.9740157469881721,1.250329892172565,-8.59217578554875
2012-10-22,0.9740157469881721,1.2575666835434491,-8.59217578554875
2012-10-23,0.9740157469881721,1.2519026126944464,-8.59217578554875
2012-10-25,0.9740157469881721,1.2549600896524742,-8.59217578554875
2012-10-29,0.9740157469881721,1.2462275866113228,-8.59217578554875
2012-10-30,0.9740157469881721,1.2313359865048639,-8.59217578554875
2012-10-31,0.9740157469881721,1.2361312643263789,-8.59217578554875
2012-11-01,0.9740157469881721,1.2417072636853903,-8.59217578554875
2012-11-02,0.9740157469881721,1.2532884498107366,-8.59217578554875
2012-11-05,0.9740157469881721,1.2547182152677663,-8.59217578554875
2012-11-06,0.9740157469881721,1.2591614219378282,-8.59217578554875
2012-11-07,0.9740157469881721,1.2670141767173713,-8.59217578554875
2012-11-08,0.9740157469881721,1.2623179256199684,-8.59217578554875
2012-11-09,0.9740157469881721,1.2507698200054969,-8.59217578554875
2012-11-12,0.9740157469881721,1.2502089549802107,-8.59217578554875
2012-11-15,0.9740157469881721,1.2386168136207434,-8.59217578554875
2012-11-16,0.9740157469881721,1.2260898256162953,-8.59217578554875
2012-11-19,0.9740157469881721,1.2255069427185112,-8.59217578554875
2012-11-20,0.9740157469881721,1.2255399158251299,-8.59217578554875
2012-11-21,0.9740157469881721,1.2350533552122898,-8.59217578554875
2012-11-22,0.9740157469881721,1.2379019308922283,-8.59217578554875
2012-11-23,0.9740157469881721,1.2376489938691435,-8.59217578554875
2012-11-26,0.9740157469881721,1.239694615330576,-8.59217578554875
2012-11-27,0.9740157469881721,1.2598323763256032,-8.59217578554875
2012-11-29,0.9740157469881721,1.2812898134151713,-8.59217578554875
2012-11-30,0.9740157469881721,1.2933548557141894,-8.59217578554875
2012-12-03,0.9740157469881721,1.2913971983384922,-8.59217578554875
2012-12-04,0.9740157469881721,1.2954224950481197,-8.59217578554875
2012-12-05,0.9740157469881721,1.2978970891083637,-8.59217578554875
2012-12-06,0.9740157469881721,1.3045839706880826,-8.59217578554875
2012-12-07,0.9740157469881721,1.2994148186511287,-8.59217578554875
2012-12-10,0.9740157469881721,1.299744764525828,-8.59217578554875
2012-12-11,0.9740157469881721,1.2975231074886688,-8.59217578554875
2012-12-12,0.9740157469881721,1.295147540152537,-8.59217578554875
2012-12-13,0.9740157469881721,1.2871188572015235,-8.59217578554875
2012-12-14,0.9740157469881721,1.2932998647350729,-8.59217578554875
2012-12-17,0.9740157469881721,1.2885266047860555,-8.59217578554875
2012-12-18,0.9740157469881721,1.2970831796557365,-8.59217578554875
2012-12-19,0.9740157469881721,1.304298060558379,-8.59217578554875
2012-12-20,0.9740157469881721,1.3013944938993236,-8.59217578554875
2012-12-21,0.9740157469881721,1.2862830372806546,-8.59217578554875
2012-12-24,0.9740157469881721,1.2880537038465043,-8.59217578554875
2012-12-26,0.9740157469881721,1.2990189265631917,-8.59217578554875
2012-12-27,0.9740157469881721,1.2912102075286445,-8.59217578554875
2012-12-28,0.9740157469881721,1.2996238273334735,-8.59217578554875
2012-12-31,0.9740157469881721,1.2989089446049586,-8.59217578554875
2013-01-02,0.9740157469881721,1.318298742360596,-8.59217578554875
2013-01-03,0.9740157469881721,1.3218731560031705,-8.59217578554875
2013-01-04,0.9740157469881721,1.323335894566819,-8.59217578554875
2013-01-07,0.9740157469881721,1.317231895884884,-8.59217578554875
2013-01-08,0.9740157469881721,1.3201574804164373,-8.59217578554875
2013-01-09,0.9740157469881721,1.313514527177458,-8.59217578554875
2013-01-10,0.9740157469881721,1.3128876085346783,-8.59217578554875
2013-01-11,0.9740157469881721,1.30907121310314,-8.59217578554875
2013-01-14,0.9740157469881721,1.3250735880260505,-8.59217578554875
2013-01-15,0.9740157469881721,1.3322334779495764,-8.59217578554875
2013-01-16,0.9740157469881721,1.320190453523056,-8.59217578554875
2013-01-17,0.9740157469881721,1.328406127283917,-8.59217578554875
2013-01-18,0.9740157469881721,1.3339491535363097,-8.59217578554875
2013-01-21,0.9740157469881721,1.3378864861602022,-8.59217578554875
2013-01-22,0.9740157469881721,1.3304517487453498,-8.59217578554875
2013-01-23,0.9740157469881721,1.3317274964991508,-8.59217578554875
2013-01-24,0.9740157469881721,1.3240398220612135,-8.59217578554875
2013-01-25,0.9740157469881721,1.336203783680088,-8.59217578554875
2013-01-28,0.9740157469881721,1.3362367567867066,-8.59217578554875
2013-01-29,0.9740157469881721,1.3307596767475514,-8.59217578554875
2013-01-30,0.9740157469881721,1.3320464871397293,-8.59217578554875
2013-01-31,0.9740157469881721,1.3274272448939406,-8.59217578554875
2013-02-01,0.9740157469881721,1.3195415170077789,-8.59217578554875
2013-02-04,0.9740157469881721,1.3169789588617997,-8.59217578554875
2013-02-05,0.9740157469881721,1.3103030325162017,-8.59217578554875
2013-02-06,0.9740157469881721,1.3108090139666275,-8.59217578554875
2013-02-07,0.9740157469881721,1.3063216641473137,-8.59217578554875
2013-02-08,0.9740157469881721,1.298556980857762,-8.59217578554875
2013-02-11,0.9740157469881721,1.2973142062105796,-8.59217578554875
2013-02-12,0.9740157469881721,1.3027362952706183,-8.59217578554875
2013-02-13,0.9740157469881721,1.3050349611593917,-8.59217578554875
2013-02-14,0.9740157469881721,1.297116260166611,-8.59217578554875
2013-02-15,0.9740157469881721,1.295015540321806,-8.59217578554875
2013-02-18,0.9740157469881721,1.2973912150621938,-8.59217578554875
2013-02-19,0.9740157469881721,1.3065197175955379,-8.59217578554875
2013-02-20,0.9740157469881721,1.3072565107922944,-8.59217578554875
2013-02-21,0.9740157469881721,1.287283830138873,-8.59217578554875
2013-02-22,0.9740157469881721,1.2868548575400616,-8.59217578554875
2013-02-25,0.9740157469881721,1.2878337399300384,-8.59217578554875
2013-02-26,0.9740157469881721,1.2672891316129535,-8.59217578554875
2013-02-27,0.9740157469881721,1.275108805881622,-8.59217578554875
2013-02-28,0.9740157469881721,1.2522655316757638,-8.59217578554875
2013-03-01,0.9740157469881721,1.258127655972991,-8.59217578554875
2013-03-04,0.9740157469881721,1.2534643779822068,-8.59217578554875
2013-03-05,0.9740157469881721,1.272326283819177,-8.59217578554875
2013-03-06,0.9740157469881721,1.2798820658306396,-8.59217578554875
2013-03-07,0.9740157469881721,1.2897143884541218,-8.59217578554875
2013-03-08,0.9740157469881721,1.3078395010943353,-8.59217578554875
2013-03-11,0.9740157469881721,1.3071026004933226,-8.59217578554875
2013-03-12,0.9740157469881721,1.3008886198531546,-8.59217578554875
2013-03-13,0.9740157469881721,1.2870529109882867,-8.59217578554875
2013-03-14,0.9740157469881721,1.2997558271642053,-8.59217578554875
2013-03-15,0.9740157469881721,1.2917601173198106,-8.59217578554875
2013-03-18,0.9740157469881721,1.2835444435589496,-8.59217578554875
2013-03-19,0.9740157469881721,1.2639017087802271,-8.59217578554875
2013-03-20,0.9740157469881721,1.2525625044438449,-8.59217578554875
2013-03-21,0.9740157469881721,1.2447208123026787,-8.59217578554875
2013-03-22,0.9740157469881721,1.2430931008016806,-8.59217578554875
2013-03-25,0.9740157469881721,1.2392437322635232,-8.59217578554875
2013-03-26,0.9740157469881721,1.2409484526161356,-8.59217578554875
2013-03-28,0.9740157469881721,1.2499559105528697,-8.59217578554875
2013-04-01,0.9740157469881721,1.2547621436085057,-8.59217578554875
2013-04-02,0.9740157469881721,1.2643746097197777,-8.59217578554875
2013-04-03,0.9740157469881721,1.2478332802398227,-8.59217578554875
2013-04-04,0.9740157469881721,1.226243843319524,-8.59217578554875
2013-04-05,0.9740157469881721,1.2215146191155024,-8.59217578554875
2013-04-08,0.9740157469881721,1.2192490337376036,-8.59217578554875
2013-04-09,0.9740157469881721,1.2087237388538483,-8.59217578554875
2013-04-10,0.9740157469881721,1.222713465421945,-8.59217578554875
2013-04-11,0.9740157469881721,1.2304781487114969,-8.59217578554875
2013-04-12,0.9740157469881721,1.2160814674170866,-8.59217578554875
2013-04-15,0.9740157469881721,1.224847050969113,-8.59217578554875
2013-04-16,0.9740157469881721,1.2513637655416578,-8.59217578554875
2013-04-17,0.9740157469881721,1.2513087745625413,-8.59217578554875
2013-04-18,0.9740157469881721,1.272073346796092,-8.59217578554875
2013-04-22,0.9740157469881721,1.2833574527491018,-8.59217578554875
2013-04-23,0.9740157469881721,1.2839073625402673,-8.59217578554875
2013-04-25,0.9740157469881721,1.3013724760268264,-8.59217578554875
2013-04-26,0.9740157469881721,1.2915071802967257,-8.59217578554875
2013-04-29,0.9740157469881721,1.2986889806884934,-8.59217578554875
2013-04-30,0.9740157469881721,1.3044300603891104,-8.59217578554875
2013-05-02,0.9740157469881721,1.3196405437318917,-8.59217578554875
2013-05-03,0.9740157469881721,1.3074655194746405,-8.59217578554875
2013-05-06,0.9740157469881721,1.3134155004533468,-8.59217578554875
2013-05-07,0.9740157469881721,1.3293628843971408,-8.59217578554875
2013-05-08,0.9740157469881721,1.3350269552461436,-8.59217578554875
2013-05-09,0.9740157469881721,1.3308146677266686,-8.59217578554875
2013-05-10,0.9740157469881721,1.3406250798819088,-8.59217578554875
2013-05-13,0.9740157469881721,1.3154832471915334,-8.59217578554875
2013-05-14,0.9740157469881721,1.3187716433001484,-8.59217578554875
2013-05-15,0.9740157469881721,1.3520632035381477,-8.59217578554875
2013-05-16,0.9740157469881721,1.3571553467234871,-8.59217578554875
2013-05-17,0.9740157469881721,1.3609826973891466,-8.59217578554875
2013-05-20,0.9740157469881721,1.3542958158094276,-8.59217578554875
2013-05-21,0.9740157469881721,1.34488140314638,-8.59217578554875
2013-05-22,0.9740157469881721,1.3405700889027927,-8.59217578554875
2013-05-23,0.9740157469881721,1.3125356447874827,-8.59217578554875
2013-05-24,0.967668076991804,1.3161650494091737,-9.187881455599278
2013-05-27,0.967668076991804,1.3380734769700509,-9.187881455599278
2013-05-28,0.967668076991804,1.3442544845036002,-9.187881455599278
2013-05-29,0.967668076991804,1.3427256923224582,-9.187881455599278
2013-05-30,0.967668076991804,1.347069979672664,-9.187881455599278
2013-05-31,0.967668076991804,1.3166930487320971,-9.187881455599278
2013-06-03,0.967668076991804,1.3064316461055476,-9.187881455599278
2013-06-04,0.967668076991804,1.3020654482871,-9.187881455599278
2013-06-05,0.967668076991804,1.3030332680386996,-9.187881455599278
2013-06-06,0.967668076991804,1.3024943134816551,-9.187881455599278
2013-06-07,0.967668076991804,1.2936077927372749,-9.187881455599278
2013-06-10,0.967668076991804,1.2929479009878764,-9.187881455599278
2013-06-11,0.967668076991804,1.2733270766773956,-9.187881455599278
2013-06-12,0.967668076991804,1.2670361945898694,-9.187881455599278
2013-06-13,0.967668076991804,1.253596377812938,-9.187881455599278
2013-06-14,0.967668076991804,1.277638390920983,-9.187881455599278
2013-06-17,0.967668076991804,1.2867998665609457,-9.187881455599278
2013-06-18,0.967668076991804,1.2787822462483092,-9.187881455599278
2013-06-19,0.967668076991804,1.28068491264489,-9.187881455599278
2013-06-20,0.967668076991804,1.244093893659899,-9.187881455599278
2013-06-21,0.970493958164632,1.2466784696783761,-8.922682817594174
2013-06-24,0.970493958164632,1.2296532840247494,-8.922682817594174
2013-06-25,0.970493958164632,1.233799625330987,-8.922682817594174
2013-06-26,0.970493958164632,1.2293123829159294,-8.922682817594174
2013-06-27,0.970493958164632,1.2499119822121307,-8.922682817594174
2013-06-28,0.970493958164632,1.2850732357400918,-8.922682817594174
2013-07-01,0.970493958164632,1.2975341701270464,-8.922682817594174
2013-07-02,0.970493958164632,1.2884495959344417,-8.922682817594174
2013-07-03,0.970493958164632,1.2693897440535034,-8.922682817594174
2013-07-04,0.970493958164632,1.2839184251786444,-8.922682817594174
2013-07-05,0.970493958164632,1.2907262439507172,-8.922682817594174
2013-07-08,0.970493958164632,1.278331255777,-8.922682817594174
2013-07-09,0.970493958164632,1.2887685865750198,-8.922682817594174
2013-07-10,0.970493958164632,1.2794641558702051,-8.922682817594174
2013-07-11,0.970493958164632,1.3055078620989429,-8.922682817594174
2013-07-12,0.970493958164632,1.3217631740449383,-8.922682817594174
2013-07-15,0.970493958164632,1.3265583444621976,-8.922682817594174
2013-07-16,0.970493958164632,1.3099401135348843,-8.922682817594174
2013-07-17,0.970493958164632,1.3139104192653954,-8.922682817594174
2013-07-18,0.970493958164632,1.328153082856577,-8.922682817594174
2013-07-19,0.970493958164632,1.3262064881192568,-8.922682817594174
2013-07-22,0.970493958164632,1.3267783083786637,-8.922682817594174
2013-07-23,0.970493958164632,1.3368966485361053,-8.922682817594174
2013-07-24,0.970493958164632,1.3176938415903152,-8.922682817594174
2013-07-25,0.970493958164632,1.2994368365236268,-8.922682817594174
2013-07-26,0.970493958164632,1.2947516480646009,-8.922682817594174
2013-07-29,0.970493958164632,1.28275255197882,-8.922682817594174
2013-07-30,0.970493958164632,1.2659032944966637,-8.922682817594174
2013-07-31,0.970493958164632,1.2630328083484832,-8.922682817594174
2013-08-01,0.970493958164632,1.2599203404113388,-8.922682817594174
2013-08-02,0.970493958164632,1.2489330998221535,-8.922682817594174
2013-08-05,0.970493958164632,1.2505828291956493,-8.922682817594174
2013-08-06,0.970493958164632,1.219095016034375,-8.922682817594174
2013-08-07,0.9632714691141574,1.2140028728490355,-9.600487064145636
2013-08-08,0.9632714691141574,1.2242421501988312,-9.600487064145636
2013-08-12,0.9632714691141574,1.2345254632936227,-9.600487064145636
2013-08-13,0.9632714691141574,1.2536403061536776,-9.600487064145636
2013-08-14,0.9632714691141574,1.263098754561721,-9.600487064145636
2013-08-16,0.9632714691141574,1.211528278788792,-9.600487064145636
2013-08-19,0.9632714691141574,1.1910496166849445,-9.600487064145636
2013-08-20,0.9632714691141574,1.1881241395576474,-9.600487064145636
2013-08-21,0.9632714691141574,1.166369622295743,-9.600487064145636
2013-08-22,0.9632714691141574,1.1896638869729104,-9.600487064145636
2013-08-23,0.9632714691141574,1.2035875599235135,-9.600487064145636
2013-08-26,0.9632714691141574,1.2046323885267276,-9.600487064145636
2013-08-27,0.9632714691141574,1.1630482530805093,-9.600487064145636
2013-08-28,0.9708332090945957,1.1625092985234649,-8.890845355554566
2013-08-29,0.9708332090945957,1.1897957793993852,-8.890845355554566
2013-08-30,0.9708332090945957,1.2035985151576345,-8.890845355554566
2013-09-02,0.9708332090945957,1.2209647093243374,-8.890845355554566
2013-09-03,0.9708332090945957,1.1749263045696803,-8.890845355554566
2013-09-04,0.9708332090945957,1.1983854347799412,-8.890845355554566
2013-09-05,0.9708332090945957,1.2302472295609104,-8.890845355554566
2013-09-06,0.9708332090945957,1.2494830096133192,-8.890845355554566
2013-09-10,0.9708332090945957,1.2970722244216164,-8.890845355554566
2013-09-11,0.9708332090945957,1.3006796111708097,-8.890845355554566
2013-09-12,0.9708332090945957,1.2869429290300538,-8.890845355554566
2013-09-13,0.9708332090945957,1.2869209111575561,-8.890845355554566
2013-09-16,0.9708332090945957,1.284710209354518,-8.890845355554566
2013-09-17,0.9708332090945957,1.2868329470718207,-8.890845355554566
2013-09-18,0.9708332090945957,1.2976661699577772,-8.890845355554566
2013-09-19,0.9708332090945957,1.3452002863827015,-8.890845355554566
2013-09-20,0.9708332090945957,1.3224450836668347,-8.890845355554566
2013-09-23,0.9708332090945957,1.2955324770063532,-8.890845355554566
2013-09-24,0.9751012597210612,1.2961264225425142,-8.490304375997827
2013-09-25,0.9751012597210612,1.292035072215393,-8.490304375997827
2013-09-26,0.9751012597210612,1.2938827476328572,-8.490304375997827
2013-09-27,0.9751012597210612,1.2830935604918963,-8.490304375997827
2013-09-30,0.9751012597210612,1.261559007146458,-8.490304375997827
2013-10-01,0.9751012597210612,1.271402392408317,-8.490304375997827
2013-10-03,0.9751012597210612,1.2999208001015548,-8.490304375997827
2013-10-04,0.9751012597210612,1.2993928007786313,-8.490304375997827
2013-10-07,0.9751012597210612,1.2991398637555465,-8.490304375997827
2013-10-08,0.9751012597210612,1.3040340608969176,-8.490304375997827
2013-10-09,0.9751012597210612,1.3214222729361182,-8.490304375997827
2013-10-10,0.9751012597210612,1.324391785808411,-8.490304375997827
2013-10-11,0.9751012597210612,1.3409440705224869,-8.490304375997827
2013-10-14,0.9751012597210612,1.3445734751441778,-8.490304375997827
2013-10-15,0.9751012597210612,1.339371242596349,-8.490304375997827
2013-10-17,0.9751012597210612,1.3298688658475661,-8.490304375997827
2013-10-18,0.9751012597210612,1.361433687860455,-8.490304375997827
2013-10-21,0.9751012597210612,1.3648651464381778,-8.490304375997827
2013-10-22,0.9751012597210612,1.3643921380943709,-8.490304375997827
2013-10-23,0.9751012597210612,1.359014084779328,-8.490304375997827
2013-10-24,0.9751012597210612,1.3559345899488022,-8.490304375997827
2013-10-25,0.9751012597210612,1.3516562488118335,-8.490304375997827
2013-10-28,0.9751012597210612,1.3420218722323196,-8.490304375997827
2013-10-29,0.9751012597210612,1.368373506463259,-8.490304375997827
2013-10-30,0.9751012597210612,1.375148459532969,-8.490304375997827
2013-10-31,0.9751012597210612,1.385585682926733,-8.490304375997827
2013-11-01,0.9751012597210612,1.3873564568968388,-8.490304375997827
2013-11-05,0.9751012597210612,1.3754673427692912,-8.490304375997827
2013-11-06,0.9751012597210612,1.3671087139435785,-8.490304375997827
2013-11-07,0.9751012597210612,1.360971742155025,-8.490304375997827
2013-11-08,0.9751012597210612,1.3507434200393502,-8.490304375997827
2013-11-11,0.9751012597210612,1.3371166124525713,-8.490304375997827
2013-11-12,0.9751012597210612,1.3237538045272543,-8.490304375997827
2013-11-13,0.9751012597210612,1.3174958955463467,-8.490304375997827
2013-11-14,0.9751012597210612,1.3321344512254647,-8.490304375997827
2013-11-18,0.9751012597210612,1.3613566790088405,-8.490304375997827
2013-11-19,0.9751012597210612,1.3645131826909807,-8.490304375997827
2013-11-20,0.9751012597210612,1.3468170426495787,-8.490304375997827
2013-11-21,0.9751012597210612,1.3195744901143982,-8.490304375997827
2013-11-22,0.967990309201853,1.318782705938525,-9.15764113833185
2013-11-25,0.967990309201853,1.345156358041962,-9.15764113833185
2013-11-26,0.967990309201853,1.3327833877407427,-9.15764113833185
2013-11-27,0.967990309201853,1.3323434599078106,-9.15764113833185
2013-11-28,0.967990309201853,1.3399872060050084,-9.15764113833185
2013-11-29,0.967990309201853,1.3585191659672793,-9.15764113833185
2013-12-02,0.967990309201853,1.36770265947974,-9.15764113833185
2013-12-03,0.967990309201853,1.3641832368162818,-9.15764113833185
2013-12-04,0.967990309201853,1.3551867341136685,-9.15764113833185
2013-12-05,0.967990309201853,1.3728168205375773,-9.15764113833185
2013-12-06,0.967990309201853,1.3769520992054378,-9.15764113833185
2013-12-09,0.967990309201853,1.3998283465179147,-9.15764113833185
2013-12-10,0.967990309201853,1.392998509873344,-9.15764113833185
2013-12-11,0.967990309201853,1.3875103671958118,-9.15764113833185
2013-12-12,0.967990309201853,1.3719259022333357,-9.15764113833185
2013-12-13,0.967990309201853,1.3568254008487874,-9.15764113833185
2013-12-16,0.967990309201853,1.3538119596357552,-9.15764113833185
2013-12-17,0.967990309201853,1.3503694384196556,-9.15764113833185
2013-12-18,0.967990309201853,1.3675486417765113,-9.15764113833185
2013-12-19,0.967990309201853,1.356440463994972,-9.15764113833185
2013-12-20,0.967990309201853,1.3801086028875782,-9.15764113833185
2013-12-23,0.967990309201853,1.382363233031356,-9.15764113833185
2013-12-24,0.967990309201853,1.3788217924954,-9.15764113833185
2013-12-26,0.967990309201853,1.3811314136182944,-9.15764113833185
2013-12-27,0.967990309201853,1.388808132822111,-9.15764113833185
2013-12-30,0.967990309201853,1.3838150163608836,-9.15764113833185
2013-12-31,0.967990309201853,1.3866525294024454,-9.15764113833185
2014-01-02,0.967990309201853,1.3684284974423757,-9.15764113833185
2014-01-03,0.967990309201853,1.3662288582777145,-9.15764113833185
2014-01-06,0.967990309201853,1.3618956335658856,-9.15764113833185
2014-01-07,0.967990309201853,1.3554726442433724,-9.15764113833185
2014-01-08,0.967990309201853,1.3581892200925803,-9.15764113833185
2014-01-09,0.967990309201853,1.356814445614667,-9.15764113833185
2014-01-10,0.967990309201853,1.357496355236563,-9.15764113833185
2014-01-13,0.967990309201853,1.379778657012879,-9.15764113833185
2014-01-14,0.967990309201853,1.3729817934749269,-9.15764113833185
2014-01-15,0.967990309201853,1.3903698981098715,-9.15764113833185
2014-01-16,0.967990309201853,1.3899299702769392,-9.15764113833185
2014-01-17,0.967990309201853,1.3773370360592536,-9.15764113833185
2014-01-20,0.967990309201853,1.3866415741683245,-9.15764113833185
2014-01-21,0.967990309201853,1.388808132822111,-9.15764113833185
2014-01-22,0.967990309201853,1.3943403112446389,-9.15764113833185
2014-01-23,0.967990309201853,1.3958140050424084,-9.15764113833185
2014-01-24,0.967990309201853,1.3784588735140826,-9.15764113833185
2014-01-27,0.967990309201853,1.3496656183295181,-9.15764113833185
2014-01-28,0.9651702821414292,1.347553943250592,-9.422290389246212
2014-01-29,0.9651702821414292,1.3462341597517953,-9.422290389246212
2014-01-30,0.9651702821414292,1.3359948824019996,-9.422290389246212
2014-01-31,0.9651702821414292,1.3394702693204619,-9.422290389246212
2014-02-03,0.9651702821414292,1.3201793908846804,-9.422290389246212
2014-02-04,0.9651702821414292,1.3199814448407121,-9.422290389246212
2014-02-05,0.9651702821414292,1.3247106690447337,-9.422290389246212
2014-02-06,0.9651702821414292,1.3277681460027615,-9.422290389246212
2014-02-07,0.9651702821414292,1.333685261279105,-9.422290389246212
2014-02-10,0.9651702821414292,1.3315406130935603,-9.422290389246212
2014-02-11,0.9651702821414292,1.333575279320872,-9.422290389246212
2014-02-12,0.9651702821414292,1.338260467779898,-9.422290389246212
2014-02-13,0.9651702821414292,1.3200254805857075,-9.422290389246212
2014-02-14,0.9651702821414292,1.330418775638732,-9.422290389246212
2014-02-18,0.9651702821414292,1.3477409340604394,-9.422290389246212
2014-02-19,0.9651702821414292,1.3533829870369443,-9.422290389246212
2014-02-20,0.9651702821414292,1.3398992419192732,-9.422290389246212
2014-02-21,0.9651702821414292,1.353976932573105,-9.422290389246212
2014-02-24,0.9651702821414292,1.3607188051319403,-9.422290389246212
2014-02-25,0.9651702821414292,1.3637872373240891,-9.422290389246212
2014-02-26,0.9651702821414292,1.3723108390871515,-9.422290389246212
2014-02-28,0.9651702821414292,1.380702548423739,-9.422290389246212
2014-03-03,0.9651702821414292,1.3684945510598692,-9.422290389246212
2014-03-04,0.9651702821414292,1.3853217906695279,-9.422290389246212
2014-03-05,0.9651702821414292,1.3920746184624841,-9.422290389246212
2014-03-06,0.9651702821414292,1.4080220024062782,-9.422290389246212
2014-03-07,0.9651702821414292,1.4356274739227766,-9.422290389246212
2014-03-10,0.9651702821414292,1.4379591129181686,-9.422290389246212
2014-03-11,0.9651702821414292,1.432383006154901,-9.422290389246212
2014-03-12,0.9651702821414292,1.4334828257372316,-9.422290389246212
2014-03-13,0.9651702821414292,1.4282477274870404,-9.422290389246212
2014-03-14,0.9651702821414292,1.4306893484406655,-9.422290389246212
2014-03-18,0.9651702821414292,1.433427834758115,-9.422290389246212
2014-03-19,0.9651702821414292,1.4350555462591132,-9.422290389246212
2014-03-20,0.9651702821414292,1.4260480883223792,-9.422290389246212
2014-03-21,0.9651702821414292,1.428269745359538,-9.422290389246212
2014-03-24,0.9651702821414292,1.4481324440547265,-9.422290389246212
2014-03-25,0.9651702821414292,1.4495072185326396,-9.422290389246212
2014-03-26,0.9651702821414292,1.4520697766786188,-9.422290389246212
2014-03-27,0.9651702821414292,1.4609453421888783,-9.422290389246212
2014-03-28,0.9651702821414292,1.4728563667846677,-9.422290389246212
2014-03-31,0.9651702821414292,1.47468213173389,-9.422290389246212
2014-04-01,0.9651702821414292,1.4783884378029395,-9.422290389246212
2014-04-02,0.9651702821414292,1.4853173011716225,-9.422290389246212
2014-04-03,0.9651702821414292,1.4816989591883085,-9.422290389246212
2014-04-04,0.9651702821414292,1.472515465675848,-9.422290389246212
2014-04-07,0.9651702821414292,1.4726693759748204,-9.422290389246212
2014-04-09,0.9651702821414292,1.4949188120487737,-9.422290389246212
2014-04-10,0.9651702821414292,1.4949627403895134,-9.422290389246212
2014-04-11,0.9651702821414292,1.4905414441876932,-9.422290389246212
2014-04-15,0.9651702821414292,1.4810390674389102,-9.422290389246212
2014-04-16,0.9651702821414292,1.4683250886246146,-9.422290389246212
2014-04-17,0.9651702821414292,1.4912233538095896,-9.422290389246212
2014-04-21,0.9651702821414292,1.4996369736144186,-9.422290389246212
2014-04-22,0.9651702821414292,1.499131099568249,-9.422290389246212
2014-04-23,0.9651702821414292,1.504729116799758,-9.422290389246212
2014-04-25,0.9651702821414292,1.491960254410602,-9.422290389246212
2014-04-28,0.9651702821414292,1.4872310302065803,-9.422290389246212
2014-04-29,0.9651702821414292,1.4771126900491387,-9.422290389246212
2014-04-30,0.9651702821414292,1.472966348742901,-9.422290389246212
2014-05-02,0.9651702821414292,1.472614384995704,-9.422290389246212
2014-05-05,0.9651702821414292,1.4736152852581785,-9.422290389246212
2014-05-06,0.9651702821414292,1.4771236452832595,-9.422290389246212
2014-05-07,0.9651702821414292,1.4633209095250101,-9.422290389246212
2014-05-08,0.9651702821414292,1.4649267105577666,-9.422290389246212
2014-05-09,0.9651702821414292,1.5086884672961483,-9.422290389246212
2014-05-12,0.9651702821414292,1.5428819010725097,-9.422290389246212
2014-05-13,0.9651702821414292,1.5636684911785583,-9.422290389246212
2014-05-14,0.9651702821414292,1.5636684911785583,-9.422290389246212
2014-05-15,0.9651702821414292,1.5668359500948195,-9.422290389246212
2014-05-16,0.9651702821414292,1.584400090305491,-9.422290389246212
2014-05-19,0.9651702821414292,1.5977188624858123,-9.422290389246212
2014-05-20,0.9651702821414292,1.600347474249285,-9.422290389246212
2014-05-21,0.9651702821414292,1.5953762682562993,-9.422290389246212
2014-05-22,0.9651702821414292,1.600545420293253,-9.422290389246212
2014-05-23,0.9651702821414292,1.620496190478433,-9.422290389246212
2014-05-26,0.9651702821414292,1.618725416508327,-9.422290389246212
2014-05-27,0.9651702821414292,1.609695940699095,-9.422290389246212
2014-05-28,0.9651702821414292,1.612258498845074,-9.422290389246212
2014-05-29,0.9651702821414292,1.5915818906972585,-9.422290389246212
2014-05-30,0.9651702821414292,1.5903281608159554,-9.422290389246212
2014-06-02,0.9651702821414292,1.6194843349818375,-9.422290389246212
2014-06-03,0.9651702821414292,1.6312194314061566,-9.422290389246212
2014-06-04,0.9651702821414292,1.628227900661366,-9.422290389246212
2014-06-05,0.9651702821414292,1.644032329540308,-9.422290389246212
2014-06-06,0.9651702821414292,1.668074342648353,-9.422290389246212
2014-06-09,0.9651702821414292,1.6837358164624434,-9.422290389246212
2014-06-10,0.9651702821414292,1.6841317085503797,-9.422290389246212
2014-06-11,0.9651702821414292,1.6776318177805083,-9.422290389246212
2014-06-12,0.9651702821414292,1.6827019430933499,-9.422290389246212
2014-06-13,0.9651702821414292,1.6589898758600041,-9.422290389246212
2014-06-16,0.9651702821414292,1.6571091199316652,-9.422290389246212
2014-06-17,0.9651702821414292,1.6786986642562203,-9.422290389246212
2014-06-18,0.9651702821414292,1.66253131639596,-9.422290389246212
2014-06-19,0.9651702821414292,1.658681947857803,-9.422290389246212
2014-06-20,0.9651702821414292,1.6522480033011688,-9.422290389246212
2014-06-23,0.9651702821414292,1.6482666349322808,-9.422290389246212
2014-06-24,0.9651702821414292,1.6673705225582147,-9.422290389246212
2014-06-25,0.9651702821414292,1.6649618747112083,-9.422290389246212
2014-06-26,0.9651702821414292,1.6482336618256619,-9.422290389246212
2014-06-27,0.9651702821414292,1.6516650129991284,-9.422290389246212
2014-06-30,0.9651702821414292,1.674222377075283,-9.422290389246212
2014-07-01,0.9651702821414292,1.6793585560056181,-9.422290389246212
2014-07-02,0.9651702821414292,1.6992542278074254,-9.422290389246212
2014-07-03,0.9651702821414292,1.6969775797911497,-9.422290389246212
2014-07-04,0.9651702821414292,1.7050723163596566,-9.422290389246212
2014-07-07,0.9651702821414292,1.7128919906283249,-9.422290389246212
2014-07-08,0.9651702821414292,1.6768289709662576,-9.422290389246212
2014-07-09,0.9565488852541326,1.6684263063955491,-10.231377032448696
2014-07-10,0.9565488852541326,1.6646319288365086,-10.231377032448696
2014-07-11,0.9565488852541326,1.6408428527515486,-10.231377032448696
2014-07-14,0.9565488852541326,1.6396440064451059,-10.231377032448696
2014-07-15,0.9565488852541326,1.6555913903889,-10.231377032448696
2014-07-16,0.9565488852541326,1.6770928632234634,-10.231377032448696
2014-07-17,0.9565488852541326,1.6806233485252984,-10.231377032448696
2014-07-18,0.9565488852541326,1.6857814379238754,-10.231377032448696
2014-07-21,0.9565488852541326,1.6902467698706913,-10.231377032448696
2014-07-22,0.9565488852541326,1.7086467300022314,-10.231377032448696
2014-07-23,0.9565488852541326,1.714783701790785,-10.231377032448696
2014-07-24,0.9565488852541326,1.7224494657604805,-10.231377032448696
2014-07-25,0.9565488852541326,1.7136179359952168,-10.231377032448696
2014-07-28,0.9565488852541326,1.7044344424827562,-10.231377032448696
2014-07-30,0.9565488852541326,1.713826837273306,-10.231377032448696
2014-07-31,0.9565488852541326,1.6984073452481796,-10.231377032448696
2014-08-01,0.9565488852541326,1.6722976928062043,-10.231377032448696
2014-08-04,0.9565488852541326,1.6901257252740811,-10.231377032448696
2014-08-05,0.9565488852541326,1.703961434138949,-10.231377032448696
2014-08-06,0.9565488852541326,1.687574122362223,-10.231377032448696
2014-08-07,0.9565488852541326,1.6825589880284977,-10.231377032448696
2014-08-08,0.9565488852541326,1.664807857007979,-10.231377032448696
2014-08-11,0.9565488852541326,1.6774338717365396,-10.231377032448696
2014-08-12,0.9565488852541326,1.69967213776786,-10.231377032448696
2014-08-13,0.9565488852541326,1.7024216867236865,-10.231377032448696
2014-08-14,0.9565488852541326,1.7138928908907998,-10.231377032448696
2014-08-18,0.9565488852541326,1.732050869233376,-10.231377032448696
2014-08-19,0.9565488852541326,1.7371650302912132,-10.231377032448696
2014-08-20,0.9565488852541326,1.7322817883839627,-10.231377032448696
2014-08-21,0.9565488852541326,1.7357572827066814,-10.231377032448696
2014-08-22,0.9565488852541326,1.7406185067414341,-10.231377032448696
2014-08-25,0.9565488852541326,1.7391006697944131,-10.231377032448696
2014-08-26,0.9565488852541326,1.7387597686855931,-10.231377032448696
2014-08-27,0.9565488852541326,1.7456445963092804,-10.231377032448696
2014-08-28,0.9565488852541326,1.749670000423164,-10.231377032448696
2014-09-01,0.9565488852541326,1.7658043751768053,-10.231377032448696
2014-09-02,0.9565488852541326,1.7779792920298003,-10.231377032448696
2014-09-03,0.9565488852541326,1.7849192180368603,-10.231377032448696
2014-09-04,0.9565488852541326,1.7808169124756181,-10.231377032448696
2014-09-05,0.9565488852541326,1.7788152193549251,-10.231377032448696
2014-09-08,0.9565488852541326,1.7979630353215987,-10.231377032448696
2014-09-09,0.9565488852541326,1.793354855714187,-10.231377032448696
2014-09-10,0.9565488852541326,1.7804099577493044,-10.231377032448696
2014-09-11,0.9565488852541326,1.77856228233184,-10.231377032448696
2014-09-12,0.9565488852541326,1.7829175249161668,-10.231377032448696
2014-09-15,0.9565488852541326,1.768949816220568,-10.231377032448696
2014-09-16,0.9565488852541326,1.7449517314532625,-10.231377032448696
2014-09-17,0.9565488852541326,1.7543222157755705,-10.231377032448696
2014-09-18,0.9565488852541326,1.7849521911434783,-10.231377032448696
2014-09-19,0.9565488852541326,1.786425992345504,-10.231377032448696
2014-09-22,0.9565488852541326,1.7918920097462823,-10.231377032448696
2014-09-23,0.9565488852541326,1.7635716555012688,-10.231377032448696
2014-09-24,0.9565488852541326,1.760239223647658,-10.231377032448696
2014-09-25,0.9565488852541326,1.7403215339733529,-10.231377032448696
2014-09-26,0.9565488852541326,1.752859477211922,-10.231377032448696
2014-09-29,0.9565488852541326,1.7506707932813814,-10.231377032448696
2014-09-30,0.9565488852541326,1.7519685589076803,-10.231377032448696
2014-10-01,0.9565488852541326,1.7477342535157074,-10.231377032448696
2014-10-07,0.9565488852541326,1.7272446361777394,-10.231377032448696
2014-10-08,0.9565488852541326,1.7251110506305718,-10.231377032448696
2014-10-09,0.9565488852541326,1.7510337122626998,-10.231377032448696
2014-10-10,0.9565488852541326,1.7289054281896126,-10.231377032448696
2014-10-13,0.9565488852541326,1.734250508398037,-10.231377032448696
2014-10-14,0.9565488852541326,1.7297962390895982,-10.231377032448696
2014-10-16,0.9565488852541326,1.7043244605245236,-10.231377032448696
2014-10-17,0.9565488852541326,1.7112533238932066,-10.231377032448696
2014-10-20,0.9565488852541326,1.7331836619223253,-10.231377032448696
2014-10-21,0.9565488852541326,1.7438189387643137,-10.231377032448696
2014-10-22,0.9565488852541326,1.7588094581906288,-10.231377032448696
2014-10-27,0.9565488852541326,1.7578856741840247,-10.231377032448696
2014-10-28,0.9565488852541326,1.7657823573043077,-10.231377032448696
2014-10-29,0.9565488852541326,1.7796071109350549,-10.231377032448696
2014-10-30,0.9565488852541326,1.796929269356762,-10.231377032448696
2014-10-31,0.9565488852541326,1.8305837485760788,-10.231377032448696
2014-11-03,0.9565488852541326,1.8310127211748903,-10.231377032448696
2014-11-05,0.9565488852541326,1.8341250817077788,-10.231377032448696
2014-11-07,0.9565488852541326,1.8338391715780753,-10.231377032448696
2014-11-10,0.9565488852541326,1.8354339099724548,-10.231377032448696
2014-11-11,0.9565488852541326,1.8394813319588366,-10.231377032448696
2014-11-12,0.9565488852541326,1.8440234579487547,-10.231377032448696
2014-11-13,0.9565488852541326,1.8384253333129894,-10.231377032448696
2014-11-14,0.9565488852541326,1.8454753486825384,-10.231377032448696
2014-11-17,0.9565488852541326,1.8544607887467746,-10.231377032448696
2014-11-18,0.9565488852541326,1.8533940496753187,-10.231377032448696
2014-11-19,0.9565488852541326,1.8438034940322885,-10.231377032448696
2014-11-20,0.9565488852541326,1.848114915680132,-10.231377032448696
2014-11-21,0.9565488852541326,1.8647110213306912,-10.231377032448696
2014-11-24,0.9565488852541326,1.8763252879669123,-10.231377032448696
2014-11-25,0.9565488852541326,1.861576535521049,-10.231377032448696
2014-11-26,0.9565488852541326,1.8643591649877502,-10.231377032448696
2014-11-27,0.9565488852541326,1.8684175422082527,-10.231377032448696
2014-11-28,0.9565488852541326,1.889105105590189,-10.231377032448696
2014-12-01,0.9565488852541326,1.881989358815915,-10.231377032448696
2014-12-02,0.9565488852541326,1.8751264416604694,-10.231377032448696
2014-12-03,0.9565488852541326,1.8779750173404084,-10.231377032448696
2014-12-04,0.9565488852541326,1.8838590521058773,-10.231377032448696
2014-12-05,0.9565488852541326,1.8781178650010042,-10.231377032448696
2014-12-08,0.9565488852541326,1.8561105181202708,-10.231377032448696
2014-12-09,0.9565488852541326,1.8346530810307027,-10.231377032448696
2014-12-10,0.9565488852541326,1.8379415845435738,-10.231377032448696
2014-12-11,0.9565488852541326,1.8241388487853245,-10.231377032448696
2014-12-12,0.9565488852541326,1.8090051594856453,-10.231377032448696
2014-12-15,0.9565488852541326,1.8080153218615478,-10.231377032448696
2014-12-16,0.9565488852541326,1.774580913962953,-10.231377032448696
2014-12-17,0.9565488852541326,1.7662662134779799,-10.231377032448696
2014-12-18,0.9565488852541326,1.794751540660343,-10.231377032448696
2014-12-19,0.9565488852541326,1.8092472486788653,-10.231377032448696
2014-12-22,0.9565488852541326,1.8309796406640162,-10.231377032448696
2014-12-23,0.9565488852541326,1.8184416974254471,-10.231377032448696
2014-12-24,0.9565488852541326,1.7980070710665954,-10.231377032448696
2014-12-26,0.9565488852541326,1.8038581327254457,-10.231377032448696
2014-12-29,0.9565488852541326,1.8138884013928962,-10.231377032448696
2014-12-30,0.9565488852541326,1.8143173739917078,-10.231377032448696
2014-12-31,0.9565488852541326,1.8218951738756684,-10.231377032448696
2015-01-02,0.9565488852541326,1.846696105457224,-10.231377032448696
2015-01-05,0.9565488852541326,1.842945763643179,-10.231377032448696
2015-01-06,0.9565488852541326,1.787723757971805,-10.231377032448696
2015-01-07,0.9526858700200777,1.7821696690810354,-10.593906918176032
2015-01-08,0.9526858700200777,1.8113147806085406,-10.593906918176032
2015-01-09,0.9526858700200777,1.8222910659636051,-10.593906918176032
2015-01-12,0.9526858700200777,1.830759676747551,-10.593906918176032
2015-01-13,0.9526858700200777,1.8255686142423553,-10.593906918176032
2015-01-14,0.9526858700200777,1.8207622737824631,-10.593906918176032
2015-01-15,0.9526858700200777,1.8684065869741329,-10.593906918176032
2015-01-16,0.9526858700200777,1.8727287490475848,-10.593906918176032
2015-01-19,0.9526858700200777,1.8808455034885896,-10.593906918176032
2015-01-20,0.9526858700200777,1.9127181460994238,-10.593906918176032
2015-01-21,0.9526858700200777,1.9201750087910303,-10.593906918176032
2015-01-22,0.9526858700200777,1.9271919436497045,-10.593906918176032
2015-01-23,0.9526858700200777,1.9435130944046812,-10.593906918176032
2015-01-27,0.9526858700200777,1.9599884776713985,-10.593906918176032
2015-01-28,0.9526858700200777,1.9608242975922674,-10.593906918176032
2015-01-29,0.9526858700200777,1.9691938816521009,-10.593906918176032
2015-01-30,0.9526858700200777,1.9376402296818451,-10.593906918176032
2015-02-02,0.9526858700200777,1.9351106446424848,-10.593906918176032
2015-02-03,0.9526858700200777,1.9261249897697363,-10.593906918176032
2015-02-04,0.9526858700200777,1.918899261037229,-10.593906918176032
2015-02-05,0.9526858700200777,1.9162596940396357,-10.593906918176032
2015-02-06,0.9526858700200777,1.9051184357472217,-10.593906918176032
2015-02-09,0.9526858700200777,1.8754892532375322,-10.593906918176032
2015-02-10,0.9526858700200777,1.884111881724707,-10.593906918176032
2015-02-11,0.9526858700200777,1.8977167788432439,-10.593906918176032
2015-02-12,0.9526858700200777,1.9162266135287607,-10.593906918176032
2015-02-13,0.9526858700200777,1.9368922664424553,-10.593906918176032
2015-02-16,0.9526858700200777,1.937739041597445,-10.593906918176032
2015-02-18,0.9526858700200777,1.9508818856062957,-10.593906918176032
2015-02-19,0.9526858700200777,1.9566449831794108,-10.593906918176032
2015-02-20,0.9526858700200777,1.9430731665717484,-10.593906918176032
2015-02-23,0.9526858700200777,1.9257731334267951,-10.593906918176032
2015-02-24,0.9526858700200777,1.9273457465444204,-10.593906918176032
2015-02-25,0.9526858700200777,1.9284786466376258,-10.593906918176032
2015-02-26,0.9526858700200777,1.9101335700809463,-10.593906918176032
2015-02-27,0.9526858700200777,1.9454927696528759,-10.593906918176032
2015-03-02,0.9526858700200777,1.9701618088079564,-10.593906918176032
2015-03-03,0.9526858700200777,1.9788503835083684,-10.593906918176032
2015-03-04,0.9526858700200777,1.9626611251798667,-10.593906918176032
2015-03-05,0.9526858700200777,1.9659824943951005,-10.593906918176032
2015-03-09,0.9526858700200777,1.9261690255147321,-10.593906918176032
2015-03-10,0.9445123423153159,1.916336595486994,-11.360962672622566
2015-03-11,0.9445123423153159,1.9136751180211586,-11.360962672622566
2015-03-12,0.9445123423153159,1.930403330906705,-11.360962672622566
2015-03-13,0.9445123423153159,1.9021929586199244,-11.360962672622566
2015-03-16,0.9445123423153159,1.898981571362924,-11.360962672622566
2015-03-17,0.9445123423153159,1.9188111895472377,-11.360962672622566
2015-03-18,0.9445123423153159,1.910584667956512,-11.360962672622566
2015-03-19,0.9445123423153159,1.8993115172376231,-11.360962672622566
2015-03-20,0.9445123423153159,1.8852888175629077,-11.360962672622566
2015-03-23,0.9445123423153159,1.8808895392335852,-11.360962672622566
2015-03-24,0.9445123423153159,1.879140783135977,-11.360962672622566
2015-03-25,0.9445123423153159,1.8764681356275088,-11.360962672622566
2015-03-26,0.9445123423153159,1.8349720716712816,-11.360962672622566
2015-03-27,0.9364811064658112,1.834807098733932,-12.114664855596857
2015-03-30,0.9364811064658112,1.8679995248435628,-12.114664855596857
2015-03-31,0.9364811064658112,1.8677136147138593,-12.114664855596857
2015-04-01,0.9364811064658112,1.8886651777572576,-12.114664855596857
2015-04-06,0.9364811064658112,1.9048656061283924,-12.114664855596857
2015-04-07,0.9364811064658112,1.9049534628098714,-12.114664855596857
2015-04-08,0.9364811064658112,1.916853639575796,-12.114664855596857
2015-04-09,0.9364811064658112,1.9309092049528742,-12.114664855596857
2015-04-10,0.9364811064658112,1.9313600880199273,-12.114664855596857
2015-04-13,0.9364811064658112,1.9431612380617398,-12.114664855596857
2015-04-16,0.9364811064658112,1.9151598744573046,-12.114664855596857
2015-04-17,0.9364811064658112,1.8930094651074636,-12.114664855596857
2015-04-20,0.9364811064658112,1.8582770767740577,-12.114664855596857
2015-04-21,0.9364811064658112,1.8428027011740709,-12.114664855596857
2015-04-22,0.9364811064658112,1.8542298695961885,-12.114664855596857
2015-04-23,0.9364811064658112,1.8473229166957474,-12.114664855596857
2015-04-24,0.9364811064658112,1.826855317230277,-12.114664855596857
2015-04-27,0.9364811064658112,1.8067395741077474,-12.114664855596857
2015-04-28,0.9364811064658112,1.8225329403483128,-12.114664855596857
2015-04-29,0.9364811064658112,1.8124476807017458,-12.114664855596857
2015-04-30,0.9364811064658112,1.7996347825675942,-12.114664855596857
2015-05-04,0.9364811064658112,1.8327283967616248,-12.114664855596857
2015-05-05,0.9364811064658112,1.8311555688354872,-12.114664855596857
2015-05-06,0.9364811064658112,1.7810478316262066,-12.114664855596857
2015-05-07,0.9323240213478601,1.772315221180799,-12.504792127030795
2015-05-08,0.9323240213478601,1.8018344217322553,-12.504792127030795
2015-05-11,0.9323240213478601,1.8312545955595996,-12.504792127030795
2015-05-12,0.9323240213478601,1.7876357938860694,-12.504792127030795
2015-05-13,0.9323240213478601,1.811501878822644,-12.504792127030795
2015-05-14,0.9323240213478601,1.8090272847624003,-12.504792127030795
2015-05-15,0.9323240213478601,1.8174187792904757,-12.504792127030795
2015-05-18,0.9323240213478601,1.841900935039965,-12.504792127030795
2015-05-19,0.9323240213478601,1.8401412237082362,-12.504792127030795
2015-05-20,0.9323240213478601,1.85281105937328,-12.504792127030795
2015-05-21,0.9323240213478601,1.8523161405612312,-12.504792127030795
2015-05-22,0.9323240213478601,1.8606638141528231,-12.504792127030795
2015-05-25,0.9323240213478601,1.8411529718005755,-12.504792127030795
2015-05-26,0.9323240213478601,1.8343560008583675,-12.504792127030795
2015-05-27,0.9323240213478601,1.8333111722551534,-12.504792127030795
2015-05-28,0.9323240213478601,1.8298798210816867,-12.504792127030795
2015-05-29,0.9323240213478601,1.8550987700279329,-12.504792127030795
2015-06-01,0.9323240213478601,1.8550437790488163,-12.504792127030795
2015-06-02,0.9323240213478601,1.8117218427391106,-12.504792127030795
2015-06-03,0.9194344861364376,1.7894284783244176,-13.714427979895493
2015-06-04,0.9194344861364376,1.7884495959344409,-13.714427979895493
2015-06-05,0.9194344861364376,1.78494123590936,-13.714427979895493
2015-06-08,0.9194344861364376,1.7694227171601213,-13.714427979895493
2015-06-09,0.9194344861364376,1.764638501976983,-13.714427979895493
2015-06-10,0.9194344861364376,1.7870858840949049,-13.714427979895493
2015-06-11,0.9194344861364376,1.7520896035042932,-13.714427979895493
2015-06-12,0.9194344861364376,1.7559499272765713,-13.714427979895493
2015-06-15,0.9194344861364376,1.762768808687021,-13.714427979895493
2015-06-16,0.9194344861364376,1.7701155820161385,-13.714427979895493
2015-06-17,0.9194344861364376,1.7798489853197645,-13.714427979895493
2015-06-18,0.9194344861364376,1.7981170530248298,-13.714427979895493
2015-06-19,0.9194344861364376,1.8091922576997506,-13.714427979895493
2015-06-22,0.9194344861364376,1.837380504709777,-13.714427979895493
2015-06-23,0.9194344861364376,1.8436385210949406,-13.714427979895493
2015-06-24,0.9194344861364376,1.8390852250623895,-13.714427979895493
2015-06-25,0.9194344861364376,1.8472569704825108,-13.714427979895493
2015-06-26,0.9194344861364376,1.8435394943708283,-13.714427979895493
2015-06-29,0.9194344861364376,1.829747928655212,-13.714427979895493
2015-06-30,0.9194344861364376,1.84076803494676,-13.714427979895493
2015-07-01,0.9194344861364376,1.8593659411222685,-13.714427979895493
2015-07-02,0.9194344861364376,1.8575733640881769,-13.714427979895493
2015-07-03,0.9194344861364376,1.866371920746822,-13.714427979895493
2015-07-06,0.9194344861364376,1.874565576635185,-13.714427979895493
2015-07-07,0.9194344861364376,1.8720688572981872,-13.714427979895493
2015-07-08,0.9194344861364376,1.8395691886403174,-13.714427979895493
2015-07-09,0.9194344861364376,1.831980433522236,-13.714427979895493
2015-07-10,0.9194344861364376,1.839019278849152,-13.714427979895493
2015-07-13,0.9194344861364376,1.860817831856052,-13.714427979895493
2015-07-14,0.9194344861364376,1.8595968602728552,-13.714427979895493
2015-07-15,0.9194344861364376,1.8749283882122463,-13.714427979895493
2015-07-16,0.9194344861364376,1.8934603481745171,-13.714427979895493
2015-07-17,0.9194344861364376,1.8938562402624537,-13.714427979895493
2015-07-20,0.9194344861364376,1.8924486000821779,-13.714427979895493
2015-07-21,0.9194344861364376,1.8761712702636848,-13.714427979895493
2015-07-22,0.9194344861364376,1.8990584728102826,-13.714427979895493
2015-07-23,0.9194344861364376,1.8894460066990104,-13.714427979895493
2015-07-24,0.9194344861364376,1.8744334694001974,-13.714427979895493
2015-07-27,0.9194344861364376,1.8391183055732636,-13.714427979895493
2015-07-28,0.9194344861364376,1.8338391715780766,-13.714427979895493
2015-07-29,0.9194344861364376,1.84220875563791,-13.714427979895493
2015-07-30,0.9194344861364376,1.8524920687327013,-13.714427979895493
2015-07-31,0.9194344861364376,1.876919018694562,-13.714427979895493
2015-08-03,0.9194344861364376,1.8791626936042187,-13.714427979895493
2015-08-04,0.9194344861364376,1.873410766073737,-13.714427979895493
2015-08-05,0.9194344861364376,1.8846398810476301,-13.714427979895493
2015-08-06,0.9194344861364376,1.8891931770801813,-13.714427979895493
2015-08-07,0.9194344861364376,1.8839028730423613,-13.714427979895493
2015-08-10,0.9194344861364376,1.8753242803001824,-13.714427979895493
2015-08-11,0.9194344861364376,1.8614115625837,-13.714427979895493
2015-08-12,0.9194344861364376,1.836577765299782,-13.714427979895493
2015-08-13,0.9194344861364376,1.8379854054800577,-13.714427979895493
2015-08-14,0.9194344861364376,1.8737735776507984,-13.714427979895493
2015-08-17,0.9194344861364376,1.864700066096571,-13.714427979895493
2015-08-18,0.9194344861364376,1.86233545399456,-13.714427979895493
2015-08-19,0.9194344861364376,1.8686265508905986,-13.714427979895493
2015-08-20,0.9194344861364376,1.8417028815917402,-13.714427979895493
2015-08-21,0.9194344861364376,1.8256895514347087,-13.714427979895493
2015-08-24,0.9194344861364376,1.7176982236839626,-13.714427979895493
2015-08-25,0.9158838080414093,1.733469679456286,-14.047646164669247
2015-08-26,0.9158838080414093,1.7139258639974198,-14.047646164669247
2015-08-27,0.9158838080414093,1.7484822167550989,-14.047646164669247
2015-08-28,0.9158838080414093,1.7601403043278032,-14.047646164669247
2015-08-31,0.9158838080414093,1.7533983243647118,-14.047646164669247
2015-09-01,0.9158838080414093,1.7126060804986227,-14.047646164669247
2015-09-02,0.9158838080414093,1.6974615433690787,-14.047646164669247
2015-09-03,0.9158838080414093,1.720777718514488,-14.047646164669247
2015-09-04,0.9158838080414093,1.6838347357823,-14.047646164669247
2015-09-07,0.9158838080414093,1.6626632088224356,-14.047646164669247
2015-09-08,0.9158838080414093,1.6911375807706777,-14.047646164669247
2015-09-09,0.9158838080414093,1.7198098987628883,-14.047646164669247
2015-09-10,0.9158838080414093,1.7131009993106714,-14.047646164669247
2015-09-11,0.9158838080414093,1.713364891567877,-14.047646164669247
2015-09-14,0.9158838080414093,1.7316109414004446,-14.047646164669247
2015-09-15,0.9158838080414093,1.7221195198857826,-14.047646164669247
2015-09-16,0.9158838080414093,1.7375279492725322,-14.047646164669247
2015-09-18,0.9158838080414093,1.7557299633601038,-14.047646164669247
2015-09-21,0.9158838080414093,1.7546741795227687,-14.047646164669247
2015-09-22,0.9158838080414093,1.7183581154333605,-14.047646164669247
2015-09-23,0.9269072259526306,1.7258259333590877,-13.01313861200687
2015-09-24,0.9269072259526306,1.7307860767136964,-13.01313861200687
2015-09-28,0.9269072259526306,1.7147727465566651,-13.01313861200687
2015-09-29,0.9269072259526306,1.7252429430570477,-13.01313861200687
2015-09-30,0.9269072259526306,1.7484711541167215,-13.01313861200687
2015-10-01,0.9269072259526306,1.7489110819496536,-13.01313861200687
2015-10-05,0.9269072259526306,1.7859529840016977,-13.01313861200687
2015-10-06,0.9269072259526306,1.7933437930758107,-13.01313861200687
2015-10-07,0.9269072259526306,1.7987329090292308,-13.01313861200687
2015-10-08,0.9269072259526306,1.7881636858047358,-13.01313861200687
2015-10-09,0.9269072259526306,1.8014385296443176,-13.01313861200687
2015-10-12,0.9269072259526306,1.791298171614378,-13.01313861200687
2015-10-13,0.9269072259526306,1.7886806224892824,-13.01313861200687
2015-10-14,0.9269072259526306,1.783445416834835,-13.01313861200687
2015-10-15,0.9269072259526306,1.799194854734661,-13.01313861200687
2015-10-16,0.9269072259526306,1.8120958243588041,-13.01313861200687
2015-10-19,0.9269072259526306,1.8202123639912968,-13.01313861200687
2015-10-20,0.9269072259526306,1.817264976395758,-13.01313861200687
2015-10-21,0.9269072259526306,1.8150762924652177,-13.01313861200687
2015-10-23,0.9269072259526306,1.8246997138106107,-13.01313861200687
2015-10-26,0.9269072259526306,1.817022887202538,-13.01313861200687
2015-10-27,0.9269072259526306,1.810941013797357,-13.01313861200687
2015-10-28,0.9269072259526306,1.7973691971896948,-13.01313861200687
2015-10-29,0.9269072259526306,1.7842922993940813,-13.01313861200687
2015-10-30,0.9269072259526306,1.7741849144707607,-13.01313861200687
2015-11-02,0.9269072259526306,1.7708854557237688,-13.01313861200687
2015-11-03,0.9269072259526306,1.773063184420188,-13.01313861200687
2015-11-04,0.9269072259526306,1.7685539241326327,-13.01313861200687
2015-11-05,0.9269072259526306,1.7499119822121287,-13.01313861200687
2015-11-06,0.9269072259526306,1.749658937784788,-13.01313861200687
2015-11-09,0.9269072259526306,1.7410584345743674,-13.01313861200687
2015-11-10,0.9269072259526306,1.7120561707074577,-13.01313861200687
2015-11-13,0.9269072259526306,1.7074149105891712,-13.01313861200687
2015-11-16,0.9269072259526306,1.717170331765295,-13.01313861200687
2015-11-17,0.9269072259526306,1.723978150537368,-13.01313861200687
2015-11-18,0.9269072259526306,1.7007169663710753,-13.01313861200687
2015-11-19,0.9269072259526306,1.7251220058646943,-13.01313861200687
2015-11-20,0.9269072259526306,1.7281574649502245,-13.01313861200687
2015-11-23,0.9269072259526306,1.7265517713217242,-13.01313861200687
2015-11-24,0.9269072259526306,1.7226694296769482,-13.01313861200687
2015-11-26,0.9269072259526306,1.7341514816739263,-13.01313861200687
2015-11-27,0.9269072259526306,1.747107442277186,-13.01313861200687
2015-11-30,0.9269072259526306,1.7454686681378109,-13.01313861200687
2015-12-01,0.9269072259526306,1.749790937615519,-13.01313861200687
2015-12-02,0.9269072259526306,1.744610830344444,-13.01313861200687
2015-12-03,0.9269072259526306,1.7298292121962182,-13.01313861200687
2015-12-04,0.9269072259526306,1.7117371800668795,-13.01313861200687
2015-12-07,0.9269072259526306,1.7081077754451883,-13.01313861200687
2015-12-08,0.9269072259526306,1.69409613840885,-13.01313861200687
2015-12-09,0.9269072259526306,1.6744753140983692,-13.01313861200687
2015-12-10,0.9269072259526306,1.6900487164224687,-13.01313861200687
2015-12-11,0.9269072259526306,1.6740244310313164,-13.01313861200687
2015-12-14,0.9269072259526306,1.68273491619997,-13.01313861200687
2015-12-15,0.9269072259526306,1.6939201028331239,-13.01313861200687
2015-12-16,0.9269072259526306,1.70491829865643,-13.01313861200687
2015-12-17,0.9269072259526306,1.7254739696118915,-13.01313861200687
2015-12-18,0.9269072259526306,1.707348964375934,-13.01313861200687
2015-12-21,0.9269072259526306,1.7232963483197279,-13.01313861200687
2015-12-22,0.9269072259526306,1.7126610714777397,-13.01313861200687
2015-12-23,0.9269072259526306,1.730225211688411,-13.01313861200687
2015-12-24,0.9269072259526306,1.729147302574322,-13.01313861200687
2015-12-28,0.9269072259526306,1.7432470111006517,-13.01313861200687
2015-12-29,0.9269072259526306,1.7440829384257768,-13.01313861200687
2015-12-30,0.9269072259526306,1.7368900753956322,-13.01313861200687
2015-12-31,0.9269072259526306,1.7479102890914362,-13.01313861200687
2016-01-04,0.9269072259526306,1.7138048194008102,-13.01313861200687
2016-01-05,0.9269072259526306,1.7123420808371617,-13.01313861200687
2016-01-06,0.9269072259526306,1.7027406773642666,-13.01313861200687
2016-01-07,0.9269072259526306,1.6647528660288646,-13.01313861200687
2016-01-08,0.9237991547346851,1.6720227379106238,-13.30481975619212
2016-01-11,0.9237991547346851,1.6637740910431442,-13.30481975619212
2016-01-12,0.9237991547346851,1.6519949588738296,-13.30481975619212
2016-01-13,0.9237991547346851,1.663455100402566,-13.30481975619212
2016-01-14,0.9237991547346851,1.657824002660182,-13.30481975619212
2016-01-15,0.9237991547346851,1.6360475749300358,-13.30481975619212
2016-01-18,0.9237991547346851,1.6169547499424788,-13.30481975619212
2016-01-19,0.9237991547346851,1.635453736798131,-13.30481975619212
2016-01-20,0.9237991547346851,1.607782211664139,-13.30481975619212
2016-01-21,0.9237991547346851,1.60063338437899,-13.30481975619212
2016-01-22,0.9237991547346851,1.6326712147356857,-13.30481975619212
2016-01-25,0.9237991547346851,1.6356846559487177,-13.30481975619212
2016-01-27,0.9237991547346851,1.6360366196959146,-13.30481975619212
2016-01-28,0.9237991547346851,1.6331550709093572,-13.30481975619212
2016-01-29,0.9237991547346851,1.6637080374256505,-13.30481975619212
2016-02-01,0.9237991547346851,1.662036397583913,-13.30481975619212
2016-02-02,0.9237991547346851,1.6399519344473092,-13.30481975619212
2016-02-03,0.9237991547346851,1.6193303172786102,-13.30481975619212
2016-02-04,0.9237991547346851,1.6286128375151832,-13.30481975619212
2016-02-05,0.9237991547346851,1.6473317882873015,-13.30481975619212
2016-02-08,0.9237991547346851,1.6249284419143755,-13.30481975619212
2016-02-09,0.9237991547346851,1.6053406981147695,-13.30481975619212
2016-02-10,0.9237991547346851,1.5871936750063143,-13.30481975619212
2016-02-11,0.9237991547346851,1.5345452901192962,-13.30481975619212
2016-02-12,0.9163353947697602,1.5355571456158914,-14.005266397801696
2016-02-15,0.9163353947697602,1.575590578412726,-14.005266397801696
2016-02-16,0.9163353947697602,1.550360674232359,-14.005266397801696
2016-02-17,0.9163353947697602,1.5636025449653224,-14.005266397801696
2016-02-18,0.9163353947697602,1.581925496245248,-14.005266397801696
2016-02-19,0.9163353947697602,1.5861048106581044,-14.005266397801696
2016-02-22,0.9163353947697602,1.5913399089082956,-14.005266397801696
2016-02-23,0.9163353947697602,1.56384441935003,-14.005266397801696
2016-02-24,0.9163353947697602,1.5438607834624876,-14.005266397801696
2016-02-25,0.9163353947697602,1.5332804975996157,-14.005266397801696
2016-02-26,0.9163353947697602,1.5462913417777358,-14.005266397801696
2016-02-29,0.9163353947697602,1.53689883958293,-14.005266397801696
2016-03-01,0.9163353947697602,1.5886453509315857,-14.005266397801696
2016-03-02,0.9163353947697602,1.6208811273322499,-14.005266397801696
2016-03-03,0.9163353947697602,1.6443622754150085,-14.005266397801696
2016-03-04,0.9163353947697602,1.646506923600553,-14.005266397801696
2016-03-08,0.9163353947697602,1.6464958609621758,-14.005266397801696
2016-03-09,0.9163353947697602,1.6567241830778505,-14.005266397801696
2016-03-10,0.9163353947697602,1.6466828517720231,-14.005266397801696
2016-03-11,0.9163353947697602,1.6519730484055872,-14.005266397801696
2016-03-14,0.9163353947697602,1.6582529752589925,-14.005266397801696
2016-03-15,0.9163353947697602,1.6410628166680161,-14.005266397801696
2016-03-16,0.9163353947697602,1.6494544186003477,-14.005266397801696
2016-03-17,0.9163353947697602,1.6524898776858776,-14.005266397801696
2016-03-18,0.9163353947697602,1.6726826296600215,-14.005266397801696
2016-03-21,0.9163353947697602,1.694657003434136,-14.005266397801696
2016-03-22,0.9163353947697602,1.6969995976636492,-14.005266397801696
2016-03-23,0.9163353947697602,1.697351561410846,-14.005266397801696
2016-03-28,0.9163353947697602,1.6750472417620323,-14.005266397801696
2016-03-29,0.9163353947697602,1.6710658733931443,-14.005266397801696
2016-03-30,0.9163353947697602,1.7014649296104651,-14.005266397801696
2016-03-31,0.9163353947697602,1.7021687497006028,-14.005266397801696
2016-04-01,0.9163353947697602,1.6965926429373355,-14.005266397801696
2016-04-04,0.9163353947697602,1.7066559921156605,-14.005266397801696
2016-04-05,0.9163353947697602,1.6724296926369364,-14.005266397801696
2016-04-06,0.9118987323723265,1.6748822688246827,-14.421630976893463
2016-04-07,0.9118987323723265,1.6599467403774841,-14.421630976893463
2016-04-08,0.9118987323723265,1.6618714246465627,-14.421630976893463
2016-04-11,0.9118987323723265,1.6874311672973727,-14.421630976893463
2016-04-12,0.9118987323723265,1.6956908768032295,-14.421630976893463
2016-04-13,0.9118987323723265,1.726815770983186,-14.421630976893463
2016-04-18,0.9118987323723265,1.7409484526161345,-14.421630976893463
2016-04-20,0.9118987323723265,1.7409594078502553,-14.421630976893463
2016-04-21,0.9118987323723265,1.7403654623140943,-14.421630976893463
2016-04-22,0.9118987323723265,1.7375609223791513,-14.421630976893463
2016-04-25,0.9118987323723265,1.7278275190755252,-14.421630976893463
2016-04-26,0.9118987323723265,1.7514956579681313,-14.421630976893463
2016-04-27,0.9118987323723265,1.755290035527172,-14.421630976893463
2016-04-28,0.9118987323723265,1.7261118434887919,-14.421630976893463
2016-04-29,0.9118987323723265,1.726672708514078,-14.421630976893463
2016-05-02,0.9118987323723265,1.7170163140620665,-14.421630976893463
2016-05-03,0.9118987323723265,1.704060460863063,-14.421630976893463
2016-05-04,0.9118987323723265,1.6951628774803058,-14.421630976893463
2016-05-05,0.9118987323723265,1.7015308758237027,-14.421630976893463
2016-05-06,0.9118987323723265,1.7010799927566496,-14.421630976893463
2016-05-09,0.9118987323723265,1.7302471221566529,-14.421630976893463
2016-05-10,0.9118987323723265,1.735031337339791,-14.421630976893463
2016-05-11,0.9118987323723265,1.726463807235989,-14.421630976893463
2016-05-12,0.9118987323723265,1.7378029041681153,-14.421630976893463
2016-05-13,0.9118987323723265,1.7189959893102618,-14.421630976893463
2016-05-16,0.9118987323723265,1.7290813563610847,-14.421630976893463
2016-05-17,0.9118987323723265,1.7356802738550685,-14.421630976893463
2016-05-18,0.9118987323723265,1.7311489956950152,-14.421630976893463
2016-05-19,0.9118987323723265,1.712067125941579,-14.421630976893463
2016-05-20,0.9118987323723265,1.7046544063992242,-14.421630976893463
2016-05-23,0.9118987323723265,1.700551993433726,-14.421630976893463
2016-05-24,0.9118987323723265,1.7044674155893766,-14.421630976893463
2016-05-25,0.9118987323723265,1.7453916592861967,-14.421630976893463
2016-05-26,0.9118987323723265,1.775031797030007,-14.421630976893463
2016-05-27,0.9118987323723265,1.7941686577625595,-14.421630976893463
2016-05-30,0.9118987323723265,1.7989748908181957,-14.421630976893463
2016-05-31,0.9118987323723265,1.7949275762360701,-14.421630976893463
2016-06-01,0.9118987323723265,1.7992938814587738,-14.421630976893463
2016-06-02,0.9118987323723265,1.8078724742009529,-14.421630976893463
2016-06-03,0.9118987323723265,1.8082793215230104,-14.421630976893463
2016-06-06,0.9118987323723265,1.8039350341728047,-14.421630976893463
2016-06-07,0.9118987323723265,1.818320760233094,-14.421630976893463
2016-06-08,0.9118987323723265,1.8197724361583656,-14.421630976893463
2016-06-09,0.9118987323723265,1.8044958991980908,-14.421630976893463
2016-06-10,0.9118987323723265,1.7971161527623547,-14.421630976893463
2016-06-13,0.9118987323723265,1.7840393623709974,-14.421630976893463
2016-06-14,0.9118987323723265,1.7836544255171818,-14.421630976893463
2016-06-15,0.9118987323723265,1.8051557909474893,-14.421630976893463
2016-06-16,0.9118987323723265,1.7906712529716,-14.421630976893463
2016-06-17,0.9118987323723265,1.79714923327323,-14.421630976893463
2016-06-20,0.9118987323723265,1.8121727258061637,-14.421630976893463
2016-06-21,0.9118987323723265,1.8080814828832987,-14.421630976893463
2016-06-22,0.9118987323723265,1.804518024474845,-14.421630976893463
2016-06-23,0.9118987323723265,1.8192006158989589,-14.421630976893463
2016-06-24,0.9118987323723265,1.779200156208743,-14.421630976893463
2016-06-27,0.916353263786944,1.7805419575800376,-14.003589455733078
2016-06-28,0.916353263786944,1.7878337399300384,-14.003589455733078
2016-06-29,0.916353263786944,1.8045839706880826,-14.003589455733078
2016-06-30,0.916353263786944,1.8230059486921206,-14.003589455733078
2016-07-01,0.916353263786944,1.8319363977772405,-14.003589455733078
2016-07-04,0.916353263786944,1.841251998524688,-14.003589455733078
2016-07-05,0.916353263786944,1.8336082524274904,-14.003589455733078
2016-07-07,0.916353263786944,1.8340372250263017,-14.003589455733078
2016-07-08,0.916353263786944,1.8308037124925474,-14.003589455733078
2016-07-11,0.916353263786944,1.862632534166898,-14.003589455733078
2016-07-12,0.916353263786944,1.874323487441965,-14.003589455733078
2016-07-13,0.916353263786944,1.873982586333145,-14.003589455733078
2016-07-14,0.916353263786944,1.8839909445323537,-14.003589455733078
2016-07-15,0.916353263786944,1.878799882027158,-14.003589455733078
2016-07-18,0.916353263786944,1.8716070189970135,-14.003589455733078
2016-07-19,0.916353263786944,1.8759732168154613,-14.003589455733078
2016-07-20,0.916353263786944,1.8841778279379453,-14.003589455733078
2016-07-21,0.916353263786944,1.871914839594959,-14.003589455733078
2016-07-22,0.916353263786944,1.8787558462821627,-14.003589455733078
2016-07-25,0.916353263786944,1.8995314811540904,-14.003589455733078
2016-07-26,0.916353263786944,1.8896331049131148,-14.003589455733078
2016-07-27,0.916353263786944,1.8951650685271304,-14.003589455733078
2016-07-28,0.916353263786944,1.9062732463086696,-14.003589455733078
2016-07-29,0.916353263786944,1.900158292392614,-14.003589455733078
2016-08-01,0.916353263786944,1.8997293197938026,-14.003589455733078
2016-08-02,0.916353263786944,1.8967269412191472,-14.003589455733078
2016-08-03,0.916353263786944,1.8795585856921564,-14.003589455733078
2016-08-04,0.916353263786944,1.8809333601700697,-14.003589455733078
2016-08-05,0.916353263786944,1.909979767186231,-14.003589455733078
2016-08-08,0.916353263786944,1.9161825777837662,-14.003589455733078
2016-08-09,0.916353263786944,1.9089018580721422,-14.003589455733078
2016-08-10,0.916353263786944,1.8862565299102523,-14.003589455733078
2016-08-11,0.916353263786944,1.8899630507878138,-14.003589455733078
2016-08-16,0.916353263786944,1.9010491032925991,-14.003589455733078
2016-08-17,0.916353263786944,1.8969797708379759,-14.003589455733078
2016-08-18,0.916353263786944,1.9078020384898116,-14.003589455733078
2016-08-19,0.916353263786944,1.9064053535436567,-14.003589455733078
2016-08-22,0.916353263786944,1.8981017156970605,-14.003589455733078
2016-08-23,0.916353263786944,1.898860419362059,-14.003589455733078
2016-08-24,0.916353263786944,1.9027538236452122,-14.003589455733078
2016-08-25,0.916353263786944,1.8899740060219352,-14.003589455733078
2016-08-26,0.916353263786944,1.885651629139971,-14.003589455733078
2016-08-29,0.916353263786944,1.8933284557480436,-14.003589455733078
2016-08-30,0.916353263786944,1.9234413870271487,-14.003589455733078
2016-08-31,0.916353263786944,1.9326470058163634,-14.003589455733078
2016-09-01,0.916353263786944,1.9301064655428821,-14.003589455733078
2016-09-02,0.916353263786944,1.9378052026191963,-14.003589455733078
2016-09-06,0.916353263786944,1.967137304956549,-14.003589455733078
2016-09-07,0.916353263786944,1.9616272518107751,-14.003589455733078
2016-09-08,0.916353263786944,1.9692269621629772,-14.003589455733078
2016-09-09,0.916353263786944,1.9503541010918861,-14.003589455733078
2016-09-12,0.916353263786944,1.9171174244287474,-14.003589455733078
2016-09-14,0.916353263786944,1.9195370275098746,-14.003589455733078
2016-09-15,0.916353263786944,1.923045494939212,-14.003589455733078
2016-09-16,0.916353263786944,1.931250106061696,-14.003589455733078
2016-09-19,0.916353263786944,1.9375302477236134,-14.003589455733078
2016-09-20,0.916353263786944,1.9303814204384642,-14.003589455733078
2016-09-21,0.916353263786944,1.9306563753340467,-14.003589455733078
2016-09-22,0.916353263786944,1.9505190740292353,-14.003589455733078
2016-09-23,0.916353263786944,1.9426222835046967,-14.003589455733078
2016-09-26,0.916353263786944,1.9187561985681223,-14.003589455733078
2016-09-27,0.916353263786944,1.9150939282440687,-14.003589455733078
2016-09-28,0.916353263786944,1.923617530007131,-14.003589455733078
2016-09-29,0.916353263786944,1.8897649973395896,-14.003589455733078
2016-09-30,0.916353263786944,1.8941423652006701,-14.003589455733078
2016-10-03,0.916353263786944,1.9220666125492347,-14.003589455733078
2016-10-04,0.916353263786944,1.9288966640023175,-14.003589455733078
2016-10-05,0.916353263786944,1.9233535303456688,-14.003589455733078
2016-10-06,0.916353263786944,1.9157866856958292,-14.003589455733078
2016-10-07,0.916353263786944,1.9131580739323566,-14.003589455733078
2016-10-10,0.916353263786944,1.9156217127584794,-14.003589455733078
2016-10-13,0.916353263786944,1.8858275573114405,-14.003589455733078
2016-10-14,0.916353263786944,1.8880383665187346,-14.003589455733078
2016-10-17,0.916353263786944,1.874180639781369,-14.003589455733078
2016-10-18,0.916353263786944,1.9088249566247835,-14.003589455733078
2016-10-19,0.916353263786944,1.9046894631484106,-14.003589455733078
2016-10-20,0.916353263786944,1.913554180828805,-14.003589455733078
2016-10-21,0.916353263786944,1.9121572810741378,-14.003589455733078
2016-10-24,0.916353263786944,1.915654793269354,-14.003589455733078
2016-10-25,0.916353263786944,1.9117723442203218,-14.003589455733078
2016-10-26,0.916353263786944,1.8950441313347755,-14.003589455733078
2016-10-27,0.916353263786944,1.8950441313347755,-14.003589455733078
2016-10-28,0.916353263786944,1.90004831043438,-14.003589455733078
2016-11-01,0.916353263786944,1.897463734415903,-14.003589455733078
2016-11-02,0.916353263786944,1.8727727847925808,-14.003589455733078
2016-11-03,0.916353263786944,1.8663828759809422,-14.003589455733078
2016-11-04,0.916353263786944,1.8551206804961742,-14.003589455733078
2016-11-07,0.916353263786944,1.8690443534467776,-14.003589455733078
2016-11-08,0.916353263786944,1.8792726755624523,-14.003589455733078
2016-11-09,0.916353263786944,1.8547357436423584,-14.003589455733078
2016-11-10,0.916353263786944,1.8753573608110576,-14.003589455733078
2016-11-11,0.916353263786944,1.824886597216203,-14.003589455733078
2016-11-15,0.8950097409588108,1.7835664614314464,-16.006601202538874
2016-11-16,0.8950097409588108,1.7842593262874635,-16.006601202538874
2016-11-17,0.8950097409588108,1.7772974898121618,-16.006601202538874
2016-11-18,0.8950097409588108,1.776010679419984,-16.006601202538874
2016-11-21,0.8950097409588108,1.744115911532396,-16.006601202538874
2016-11-22,0.8950097409588108,1.7602172057751628,-16.006601202538874
2016-11-23,0.8950097409588108,1.7670360871856126,-16.006601202538874
2016-11-24,0.8950097409588108,1.7521225766109119,-16.006601202538874
2016-11-25,0.8950097409588108,1.7848531644193686,-16.006601202538874
2016-11-28,0.8950097409588108,1.787624731247693,-16.006601202538874
2016-11-29,0.8950097409588108,1.7909791809738012,-16.006601202538874
2016-11-30,0.8950097409588108,1.8090932309756376,-16.006601202538874
2016-12-01,0.8950097409588108,1.802142457138713,-16.006601202538874
2016-12-02,0.8950097409588108,1.77880415671655,-16.006601202538874
2016-12-05,0.8950097409588108,1.7880316859740064,-16.006601202538874
2016-12-06,0.8950097409588108,1.7911991448902673,-16.006601202538874
2016-12-07,0.8950097409588108,1.7821586064426584,-16.006601202538874
2016-12-08,0.8950097409588108,1.8140093385852507,-16.006601202538874
2016-12-09,0.8950097409588108,1.8172868868640009,-16.006601202538874
2016-12-12,0.8950097409588108,1.7972811256997046,-16.006601202538874
2016-12-13,0.8950097409588108,1.8084992854394768,-16.006601202538874
2016-12-14,0.8950097409588108,1.7998437912499397,-16.006601202538874
2016-12-15,0.8950097409588108,1.7934978107790407,-16.006601202538874
2016-12-16,0.8950097409588108,1.7903853428418963,-16.006601202538874
2016-12-19,0.8950097409588108,1.7826645878930842,-16.006601202538874
2016-12-20,0.8950097409588108,1.7778363369649504,-16.006601202538874
2016-12-21,0.8950097409588108,1.7731950768466638,-16.006601202538874
2016-12-22,0.8950097409588108,1.755114107355702,-16.006601202538874
2016-12-23,0.8950097409588108,1.7565768459193505,-16.006601202538874
2016-12-26,0.8950097409588108,1.7395296423932258,-16.006601202538874
2016-12-27,0.8950097409588108,1.7669371678657562,-16.006601202538874
2016-12-28,0.8950097409588108,1.7673770956986883,-16.006601202538874
2016-12-29,0.8950097409588108,1.7824996149557344,-16.006601202538874
2016-12-30,0.8950097409588108,1.800580584446696,-16.006601202538874
2017-01-02,0.8950097409588108,1.799194854734662,-16.006601202538874
2017-01-03,0.8950097409588108,1.801999394669605,-16.006601202538874
2017-01-04,0.8950097409588108,1.801614457815789,-16.006601202538874
2017-01-05,0.8950097409588108,1.8199374090957148,-16.006601202538874
2017-01-06,0.8950097409588108,1.8133384916017312,-16.006601202538874
2017-01-09,0.8950097409588108,1.8116337712491186,-16.006601202538874
2017-01-10,0.8950097409588108,1.8231928320977109,-16.006601202538874
2017-01-11,0.8950097409588108,1.8434406824552274,-16.006601202538874
2017-01-12,0.8950097409588108,1.8492806814757003,-16.006601202538874
2017-01-13,0.8950097409588108,1.8477737997628,-16.006601202538874
2017-01-16,0.8950097409588108,1.8505123934845058,-16.006601202538874
2017-01-17,0.8950097409588108,1.8472569704825097,-16.006601202538874
2017-01-18,0.8950097409588108,1.851436284895366,-16.006601202538874
2017-01-19,0.8950097409588108,1.855417545859998,-16.006601202538874
2017-01-20,0.8950097409588108,1.8365556400230278,-16.006601202538874
2017-01-23,0.8950097409588108,1.8458272050254798,-16.006601202538874
2017-01-24,0.8950097409588108,1.8643701202218717,-16.006601202538874
2017-01-25,0.8950097409588108,1.8922945823789485,-16.006601202538874
2017-01-27,0.8950097409588108,1.900763193162894,-16.006601202538874
2017-01-30,0.8950097409588108,1.898893499872932,-16.006601202538874
2017-01-31,0.8950097409588108,1.883177035079725,-16.006601202538874
2017-02-01,0.8950097409588108,1.9172935674087281,-16.006601202538874
2017-02-02,0.8950097409588108,1.9212198373942437,-16.006601202538874
2017-02-03,0.8950097409588108,1.9226936385962694,-16.006601202538874
2017-02-06,0.8950097409588108,1.9359133840524785,-16.006601202538874
2017-02-07,0.8950097409588108,1.928709565788213,-16.006601202538874
2017-02-08,0.8950097409588108,1.9288745387255624,-16.006601202538874
2017-02-09,0.8950097409588108,1.9309313302296278,-16.006601202538874
2017-02-10,0.8950097409588108,1.9342636546789824,-16.006601202538874
2017-02-13,0.8950097409588108,1.936793239718343,-16.006601202538874
2017-02-14,0.8950097409588108,1.9339886997834,-16.006601202538874
2017-02-15,0.8950097409588108,1.9191192249536948,-16.006601202538874
2017-02-16,0.8950097409588108,1.930843258739637,-16.006601202538874
2017-02-17,0.8950097409588108,1.940455724850909,-16.006601202538874
2017-02-20,0.8950097409588108,1.9531036500477112,-16.006601202538874
2017-02-21,0.8950097409588108,1.9594054873693583,-16.006601202538874
2017-02-22,0.8950097409588108,1.9635959718248475,-16.006601202538874
2017-02-23,0.8950097409588108,1.9663674312489157,-16.006601202538874
2017-02-27,0.8950097409588108,1.9569530185858681,-16.006601202538874
2017-02-28,0.8950097409588108,1.95319150672919,-16.006601202538874
2017-03-01,0.8950097409588108,1.9677531609609498,-16.006601202538874
2017-03-02,0.8950097409588108,1.9576238655693872,-16.006601202538874
2017-03-03,0.8950097409588108,1.9571399019914593,-16.006601202538874
2017-03-06,0.8950097409588108,1.9716356100099819,-16.006601202538874
2017-03-07,0.8950097409588108,1.96799525015417,-16.006601202538874
2017-03-08,0.8950097409588108,1.9630239367569282,-16.006601202538874
2017-03-09,0.8950097409588108,1.9636178822930892,-16.006601202538874
2017-03-10,0.8950097409588108,1.9652785669007058,-16.006601202538874
2017-03-14,0.8950097409588108,1.9988121089276687,-16.006601202538874
2017-03-15,0.8950097409588108,1.9983281453497408,-16.006601202538874
2017-03-16,0.8950097409588108,2.0134837451176617,-16.006601202538874
2017-03-17,0.8950097409588108,2.014880430063817,-16.006601202538874
2017-03-20,0.8950097409588108,2.007577585075439,-16.006601202538874
2017-03-21,0.8950097409588108,2.0064008640457502,-16.006601202538874
2017-03-22,0.8950097409588108,1.9863731924132122,-16.006601202538874
2017-03-23,0.8950097409588108,1.9986580912244405,-16.006601202538874
2017-03-24,0.8950097409588108,2.003431351173458,-16.006601202538874
2017-03-27,0.8950097409588108,1.9896176601810875,-16.006601202538874
2017-03-28,0.8950097409588108,2.0018475680131993,-16.006601202538874
2017-03-29,0.8950097409588108,2.011306016421243,-16.006601202538874
2017-03-30,0.8950097409588108,2.017893978681106,-16.006601202538874
2017-03-31,0.8950097409588108,2.017893978681106,-16.006601202538874
2017-04-03,0.8950097409588108,2.031993579803179,-16.006601202538874
2017-04-05,0.8950097409588108,2.037998766569514,-16.006601202538874
2017-04-06,0.8950097409588108,2.0372948390751198,-16.006601202538874
2017-04-07,0.8950097409588108,2.023294049868646,-16.006601202538874
2017-04-10,0.8950097409588108,2.0195877437995966,-16.006601202538874
2017-04-11,0.8950097409588108,2.0318066963975876,-16.006601202538874
2017-04-12,0.8950097409588108,2.0244269499618515,-16.006601202538874
2017-04-13,0.8950097409588108,2.012845763836505,-16.006601202538874
2017-04-17,0.8950097409588108,2.0103161787971446,-16.006601202538874
2017-04-18,0.8950097409588108,2.002804539934934,-16.006601202538874
2017-04-19,0.8950097409588108,2.00244151354936,-16.006601202538874
2017-04-20,0.8950097409588108,2.0096784123245004,-16.006601202538874
2017-04-21,0.8950097409588108,2.0059390257445764,-16.006601202538874
2017-04-24,0.8950097409588108,2.0276164267506105,-16.006601202538874
2017-04-25,0.8950097409588108,2.0471160990602253,-16.006601202538874
2017-04-26,0.8950097409588108,2.0570694662803173,-16.006601202538874
2017-04-27,0.8950097409588108,2.0549359881374056,-16.006601202538874
2017-04-28,0.8950097409588108,2.046555234034939,-16.006601202538874
2017-05-02,0.8950097409588108,2.048699882220484,-16.006601202538874
2017-05-03,0.8950097409588108,2.0482930348984265,-16.006601202538874
2017-05-04,0.8950097409588108,2.0588403476546797,-16.006601202538874
2017-05-05,0.8950097409588108,2.0424309106011997,-16.006601202538874
2017-05-08,0.8950097409588108,2.048754873199601,-16.006601202538874
2017-05-09,0.8950097409588108,2.0493707292040035,-16.006601202538874
2017-05-10,0.8950097409588108,2.0692665084100668,-16.006601202538874
2017-05-11,0.8950097409588108,2.0725880924338127,-16.006601202538874
2017-05-12,0.8950097409588108,2.067858868229791,-16.006601202538874
2017-05-15,0.8950097409588108,2.0776472625125333,-16.006601202538874
2017-05-16,0.8950097409588108,2.0923517644048886,-16.006601202538874
2017-05-17,0.8950097409588108,2.0953212772771814,-16.006601202538874
2017-05-18,0.8950097409588108,2.074138795083196,-16.006601202538874
2017-05-19,0.8950097409588108,2.073797893974376,-16.006601202538874
2017-05-22,0.8950097409588108,2.076074434586396,-16.006601202538874
2017-05-23,0.8950097409588108,2.064614400461916,-16.006601202538874
2017-05-24,0.8950097409588108,2.0589831953152755,-16.006601202538874
2017-05-25,0.8950097409588108,2.0918018546137236,-16.006601202538874
2017-05-26,0.8950097409588108,2.1105756889607026,-16.006601202538874
2017-05-29,0.8950097409588108,2.1127315071888804,-16.006601202538874
2017-05-30,0.8950097409588108,2.1170536692623325,-16.006601202538874
2017-05-31,0.8950097409588108,2.1163278312996967,-16.006601202538874
2017-06-01,0.8950097409588108,2.1151949312064913,-16.006601202538874
2017-06-02,0.8950097409588108,2.1234216676057294,-16.006601202538874
2017-06-05,0.8950097409588108,2.128172802277993,-16.006601202538874
2017-06-06,0.8950097409588108,2.1198253434949135,-16.006601202538874
2017-06-07,0.8950097409588108,2.125709378260382,-16.006601202538874
2017-06-08,0.8950097409588108,2.1220468931278162,-16.006601202538874
2017-06-09,0.8950097409588108,2.126666135373605,-16.006601202538874
2017-06-12,0.8950097409588108,2.1152610922282413,-16.006601202538874
2017-06-13,0.8950097409588108,2.113171435021813,-16.006601202538874
2017-06-14,0.8950097409588108,2.115646029082057,-16.006601202538874
2017-06-15,0.8950097409588108,2.1068253471466583,-16.006601202538874
2017-06-16,0.8950097409588108,2.1090249863113195,-16.006601202538874
2017-06-19,0.8950097409588108,2.1243124785057153,-16.006601202538874
2017-06-20,0.8950097409588108,2.12342166760573,-16.006601202538874
2017-06-21,0.8950097409588108,2.119044299744649,-16.006601202538874
2017-06-22,0.8950097409588108,2.1182525155687757,-16.006601202538874
2017-06-23,0.8950097409588108,2.106143544929018,-16.006601202538874
2017-06-27,0.8950097409588108,2.092164880999298,-16.006601202538874
2017-06-28,0.8950097409588108,2.0877325221591003,-16.006601202538874
2017-06-29,0.8950097409588108,2.090558972562285,-16.006601202538874
2017-06-30,0.8950097409588108,2.0942545382057256,-16.006601202538874
2017-07-03,0.8950097409588108,2.114953056821783,-16.006601202538874
2017-07-04,0.8950097409588108,2.114579075202088,-16.006601202538874
2017-07-05,0.8950097409588108,2.1199241554105126,-16.006601202538874
2017-07-06,0.8950097409588108,2.1280518650856384,-16.006601202538874
2017-07-07,0.8950097409588108,2.12612718081656,-16.006601202538874
2017-07-10,0.8950097409588108,2.1492783830246194,-16.006601202538874
2017-07-11,0.8950097409588108,2.152577841771611,-16.006601202538874
2017-07-12,0.8950097409588108,2.1591877144997156,-16.006601202538874
2017-07-13,0.8950097409588108,2.175817115469662,-16.006601202538874
2017-07-14,0.8950097409588108,2.174640179631461,-16.006601202538874
2017-07-17,0.8950097409588108,2.1811512404439655,-16.006601202538874
2017-07-18,0.8950097409588108,2.161618487623476,-16.006601202538874
2017-07-19,0.8950097409588108,2.1775547015246373,-16.006601202538874
2017-07-20,0.8950097409588108,2.1717696934832804,-16.006601202538874
2017-07-21,0.8950097409588108,2.180997222740737,-16.006601202538874
2017-07-24,0.8950097409588108,2.192248462991384,-16.006601202538874
2017-07-25,0.8950097409588108,2.1918414008608145,-16.006601202538874
2017-07-26,0.8950097409588108,2.204181505459671,-16.006601202538874
2017-07-27,0.8950097409588108,2.2041593801829173,-16.006601202538874
2017-07-28,0.8950097409588108,2.2028286414499996,-16.006601202538874
2017-07-31,0.8950097409588108,2.216598296697374,-16.006601202538874
2017-08-01,0.8950097409588108,2.2248581136074868,-16.006601202538874
2017-08-02,0.8950097409588108,2.21756622385323,-16.006601202538874
2017-08-03,0.8950097409588108,2.202641758044408,-16.006601202538874
2017-08-04,0.8950097409588108,2.2142448546379963,-16.006601202538874
2017-08-07,0.8950097409588108,2.212265179389801,-16.006601202538874
2017-08-08,0.8950097409588108,2.19492089569134,-16.006601202538874
2017-08-09,0.8950097409588108,2.179413439580478,-16.006601202538874
2017-08-10,0.8950097409588108,2.160100650676455,-16.006601202538874
2017-08-11,0.8950097409588108,2.1360255570575353,-16.006601202538874
2017-08-14,0.8950097409588108,2.154359678380094,-16.006601202538874
2017-08-16,0.8950097409588108,2.177048827478467,-16.006601202538874
2017-08-17,0.8950097409588108,2.1785557091913677,-16.006601202538874
2017-08-18,0.8950097409588108,2.163873117767254,-16.006601202538874
2017-08-21,0.8950097409588108,2.1456049426579322,-16.006601202538874
2017-08-22,0.8950097409588108,2.148068581484055,-16.006601202538874
2017-08-23,0.8950097409588108,2.1671944869824866,-16.006601202538874
2017-08-24,0.8950097409588108,2.168195279840705,-16.006601202538874
2017-08-28,0.8950097409588108,2.1804582681836915,-16.006601202538874
2017-08-29,0.8950097409588108,2.1547774809362714,-16.006601202538874
2017-08-30,0.8950097409588108,2.174211421841161,-16.006601202538874
2017-08-31,0.8950097409588108,2.1815802130427757,-16.006601202538874
2017-09-01,0.8950097409588108,2.1940081743231117,-16.006601202538874
2017-09-04,0.8950097409588108,2.180469223417812,-16.006601202538874
2017-09-05,0.8950097409588108,2.189124932415861,-16.006601202538874
2017-09-06,0.8950097409588108,2.1812062314230807,-16.006601202538874
2017-09-07,0.8950097409588108,2.184219780040369,-16.006601202538874
2017-09-08,0.8950097409588108,2.1852974743459455,-16.006601202538874
2017-09-11,0.8950097409588108,2.200969903394157,-16.006601202538874
2017-09-12,0.8950097409588108,2.22010676412671,-16.006601202538874
2017-09-13,0.8950097409588108,2.217082260275301,-16.006601202538874
2017-09-14,0.8950097409588108,2.218687953903801,-16.006601202538874
2017-09-15,0.8950097409588108,2.2184241690508513,-16.006601202538874
2017-09-18,0.8950097409588108,2.233315554348798,-16.006601202538874
2017-09-19,0.8950097409588108,2.2320947975741134,-16.006601202538874
2017-09-20,0.8950097409588108,2.2306871573938376,-16.006601202538874
2017-09-21,0.8950097409588108,2.2264528520018647,-16.006601202538874
2017-09-22,0.8950097409588108,2.19180853515845,-16.006601202538874
2017-09-25,0.8950097409588108,2.17161567578005,-16.006601202538874
2017-09-26,0.8950097409588108,2.1713738013953425,-16.006601202538874
2017-09-27,0.8950097409588108,2.141513699735066,-16.006601202538874
2017-09-28,0.8950097409588108,2.148816544723444,-16.006601202538874
2017-09-29,0.8950097409588108,2.1531387067968963,-16.006601202538874
2017-10-03,0.8950097409588108,2.1687342343977494,-16.006601202538874
2017-10-04,0.8950097409588108,2.1809203212933777,-16.006601202538874
2017-10-05,0.8950097409588108,2.1751572237202628,-16.006601202538874
2017-10-06,0.8950097409588108,2.1951739401186803,-16.006601202538874
2017-10-09,0.8950097409588108,2.197164570600996,-16.006601202538874
2017-10-10,0.8950097409588108,2.2033675960070433,-16.006601202538874
2017-10-11,0.8950097409588108,2.1962956701692526,-16.006601202538874
2017-10-12,0.8950097409588108,2.2208437721319796,-16.006601202538874
2017-10-13,0.8950097409588108,2.2364721654351953,-16.006601202538874
2017-10-16,0.8950097409588108,2.2504177488540407,-16.006601202538874
2017-10-17,0.8950097409588108,2.251209747838426,-16.006601202538874
2017-10-18,0.8950097409588108,2.246018470524718,-16.006601202538874
2017-10-19,0.8950097409588108,2.2318748336576486,-16.006601202538874
2017-10-23,0.8950097409588108,2.240299408696599,-16.006601202538874
2017-10-24,0.8950097409588108,2.2453257130729574,-16.006601202538874
2017-10-25,0.8950097409588108,2.2646054214661056,-16.006601202538874
2017-10-26,0.8950097409588108,2.275262716180592,-16.006601202538874
2017-10-27,0.8950097409588108,2.2706984649139197,-16.006601202538874
2017-10-30,0.8950097409588108,2.279629128807551,-16.006601202538874
2017-10-31,0.8950097409588108,2.2733930228906294,-16.006601202538874
2017-11-01,0.8950097409588108,2.296533269864568,-16.006601202538874
2017-11-02,0.8950097409588108,2.2928598294978815,-16.006601202538874
2017-11-03,0.8950097409588108,2.299172836862162,-16.006601202538874
2017-11-06,0.8950097409588108,2.299018819158933,-16.006601202538874
2017-11-07,0.8950097409588108,2.276659615935259,-16.006601202538874
2017-11-08,0.8950097409588108,2.266321311861351,-16.006601202538874
2017-11-09,0.8950097409588108,2.2675970596151522,-16.006601202538874
2017-11-10,0.8950097409588108,2.270412554784216,-16.006601202538874
2017-11-13,0.8950097409588108,2.249120090631998,-16.006601202538874
2017-11-14,0.8950097409588108,2.240684345550415,-16.006601202538874
2017-11-15,0.8950097409588108,2.2256058620383645,-16.006601202538874
2017-11-16,0.8950097409588108,2.246876415722341,-16.006601202538874
2017-11-17,0.8950097409588108,2.2620208454476285,-16.006601202538874
2017-11-20,0.8950097409588108,2.265353384705495,-16.006601202538874
2017-11-21,0.8950097409588108,2.271545454877421,-16.006601202538874
2017-11-22,0.8950097409588108,2.2749327703058926,-16.006601202538874
2017-11-23,0.8950097409588108,2.2763515805288015,-16.006601202538874
2017-11-24,0.8950097409588108,2.2853591458697915,-16.006601202538874
2017-11-27,0.8950097409588108,2.287525704523578,-16.006601202538874
2017-11-28,0.8950097409588108,2.2810808047328233,-16.006601202538874
2017-11-29,0.8950097409588108,2.279112084718749,-16.006601202538874
2017-11-30,0.8950097409588108,2.2494719469749387,-16.006601202538874
2017-12-01,0.8950097409588108,2.226430726725112,-16.006601202538874
2017-12-04,0.8950097409588108,2.2277395549897885,-16.006601202538874
2017-12-05,0.8950097409588108,2.2256498977833603,-16.006601202538874
2017-12-06,0.8950097409588108,2.2093394874539922,-16.006601202538874
2017-12-07,0.8950097409588108,2.236307192497846,-16.006601202538874
2017-12-08,0.8950097409588108,2.258072664993872,-16.006601202538874
2017-12-11,0.8950097409588108,2.2705225367424497,-16.006601202538874
2017-12-12,0.8950097409588108,2.252463585123986,-16.006601202538874
2017-12-13,0.8950097409588108,2.2420812453050822,-16.006601202538874
2017-12-14,0.8950097409588108,2.2550919820789463,-16.006601202538874
2017-12-15,0.8950097409588108,2.272942139823577,-16.006601202538874
2017-12-18,0.8950097409588108,2.285150137187447,-16.006601202538874
2017-12-19,0.8950097409588108,2.301526493730053,-16.006601202538874
2017-12-20,0.8950097409588108,2.2973471793171965,-16.006601202538874
2017-12-21,0.8950097409588108,2.2964892341195737,-16.006601202538874
2017-12-22,0.8950097409588108,2.3080813754790412,-16.006601202538874
2017-12-26,0.8950097409588108,2.316549986262987,-16.006601202538874
2017-12-27,0.8950097409588108,2.3075864566669924,-16.006601202538874
2017-12-28,0.8950097409588108,2.3047600062638076,-16.006601202538874
2017-12-29,0.8950097409588108,2.3163740580915166,-16.006601202538874
2018-01-02,0.8950097409588108,2.2969072514842646,-16.006601202538874
2018-01-03,0.8950097409588108,2.2971272154007307,-16.006601202538874
2018-01-04,0.8950097409588108,2.310676906731639,-16.006601202538874
2018-01-05,0.8950097409588108,2.322565913454931,-16.006601202538874
2018-01-08,0.8950097409588108,2.3368085770461122,-16.006601202538874
2018-01-09,0.8950097409588108,2.339756179450163,-16.006601202538874
2018-01-10,0.8950097409588108,2.338700395612828,-16.006601202538874
2018-01-11,0.8950097409588108,2.3428797100256844,-16.006601202538874
2018-01-12,0.8950097409588108,2.349489582753789,-16.006601202538874
2018-01-15,0.8950097409588108,2.362753363954994,-16.006601202538874
2018-01-16,0.8950097409588108,2.353712932911641,-16.006601202538874
2018-01-17,0.8950097409588108,2.3730916680289016,-16.006601202538874
2018-01-18,0.8950097409588108,2.3793496844140654,-16.006601202538874
2018-01-19,0.8950097409588108,2.3964409236851854,-16.006601202538874
2018-01-22,0.8950097409588108,2.4121683437125134,-16.006601202538874
2018-01-23,0.8950097409588108,2.4380141038972827,-16.006601202538874
2018-01-24,0.8950097409588108,2.4385199779434528,-16.006601202538874
2018-01-25,0.8950097409588108,2.4349236538326364,-16.006601202538874
2018-01-29,0.8950097409588108,2.448286461757953,-16.006601202538874
2018-01-30,0.8950097409588108,2.4305243755033135,-16.006601202538874
2018-01-31,0.8950097409588108,2.42569612457518,-16.006601202538874
2018-02-01,0.8950097409588108,2.423320557239048,-16.006601202538874
2018-02-02,0.8950097409588108,2.366943633601971,-16.006601202538874
2018-02-05,0.8984736616144645,2.3462560702200346,-15.681524886920906
2018-02-06,0.8984736616144645,2.309236186040488,-15.681524886920906
2018-02-07,0.8984736616144645,2.3044960066023457,-15.681524886920906
2018-02-08,0.8984736616144645,2.3265252639513205,-15.681524886920906
2018-02-09,0.8984736616144645,2.2997117914192073,-15.681524886920906
2018-02-12,0.8984736616144645,2.3183646885738325,-15.681524886920906
2018-02-14,0.8984736616144645,2.3098191763425286,-15.681524886920906
2018-02-15,0.8984736616144645,2.319629481093513,-15.681524886920906
2018-02-16,0.8984736616144645,2.2991288011171678,-15.681524886920906
2018-02-19,0.8984736616144645,2.2828735965754285,-15.681524886920906
2018-02-20,0.8984736616144645,2.2789142460790384,-15.681524886920906
2018-02-21,0.8984736616144645,2.287063866222406,-15.681524886920906
2018-02-22,0.8984736616144645,2.2838193984545305,-15.681524886920906
2018-02-23,0.8984736616144645,2.30765240288023,-15.681524886920906
2018-02-26,0.8984736616144645,2.3277900564710015,-15.681524886920906
2018-02-27,0.8984736616144645,2.3215651205967127,-15.681524886920906
2018-02-28,0.8984736616144645,2.308048294968167,-15.681524886920906
2018-03-01,0.8984736616144645,2.3004595398500856,-15.681524886920906
2018-03-05,0.8984736616144645,2.278573130161706,-15.681524886920906
2018-03-06,0.8984736616144645,2.2544651708404237,-15.681524886920906
2018-03-07,0.8984736616144645,2.2335576435420212,-15.681524886920906
2018-03-08,0.8984736616144645,2.253013494915152,-15.681524886920906
2018-03-09,0.8984736616144645,2.2495378931881778,-15.681524886920906
2018-03-12,0.8984736616144645,2.292332044983472,-15.681524886920906
2018-03-13,0.8984736616144645,2.2935306764814025,-15.681524886920906
2018-03-14,0.8984736616144645,2.2900224238605777,-15.681524886920906
2018-03-15,0.8984736616144645,2.278859255099922,-15.681524886920906
2018-03-16,0.8984736616144645,2.2425652088830113,-15.681524886920906
2018-03-19,0.8984736616144645,2.2203707637881744,-15.681524886920906
2018-03-20,0.8984736616144645,2.2269915917503997,-15.681524886920906
2018-03-21,0.8984736616144645,2.2337885626926077,-15.681524886920906
2018-03-22,0.8984736616144645,2.2248800240757296,-15.681524886920906
2018-03-23,0.8984736616144645,2.1992101920624307,-15.681524886920906
2018-03-26,0.8984736616144645,2.2283775362709464,-15.681524886920906
2018-03-27,0.8984736616144645,2.240145605801884,-15.681524886920906
2018-03-28,0.8984736616144645,2.224649104925143,-15.681524886920906
2018-04-02,0.8984736616144645,2.2462274792070653,-15.681524886920906
2018-04-03,0.8984736616144645,2.253530324195443,-15.681524886920906
2018-04-04,0.8984736616144645,2.227882617458898,-15.681524886920906
2018-04-05,0.8984736616144645,2.271160518023608,-15.681524886920906
2018-04-06,0.8984736616144645,2.272579113438005,-15.681524886920906
2018-04-09,0.8984736616144645,2.2830823904492625,-15.681524886920906
2018-04-10,0.8984736616144645,2.2881196500597416,-15.681524886920906
2018-04-11,0.8984736616144645,2.2913971983384918,-15.681524886920906
2018-04-12,0.8984736616144645,2.300525700871836,-15.681524886920906
2018-04-13,0.8984736616144645,2.305353736991458,-15.681524886920906
2018-04-16,0.8984736616144645,2.3158570140027153,-15.681524886920906
2018-04-17,0.8984736616144645,2.320333408587908,-15.681524886920906
2018-04-18,0.8984736616144645,2.31538422046742,-15.681524886920906
2018-04-19,0.8984736616144645,2.3239847236778406,-15.681524886920906
2018-04-20,0.8984736616144645,2.323709768782258,-15.681524886920906
2018-04-23,0.8984736616144645,2.328252109580688,-15.681524886920906
2018-04-24,0.8984736616144645,2.3347739108188015,-15.681524886920906
2018-04-25,0.8984736616144645,2.325139534239288,-15.681524886920906
2018-04-26,0.8984736616144645,2.3355328292923128,-15.681524886920906
2018-04-27,0.8984736616144645,2.351920141069039,-15.681524886920906
2018-04-30,0.8984736616144645,2.362269400377068,-15.681524886920906
2018-05-02,0.8984736616144645,2.357584211918042,-15.681524886920906
2018-05-03,0.8984736616144645,2.34913772641085,-15.681524886920906
2018-05-04,0.8984736616144645,2.335631856016425,-15.681524886920906
2018-05-07,0.8984736616144645,2.3570233468927557,-15.681524886920906
2018-05-08,0.8984736616144645,2.3575292209389254,-15.681524886920906
2018-05-09,0.8984736616144645,2.3627864444658706,-15.681524886920906
2018-05-10,0.8984736616144645,2.3572542660433426,-15.681524886920906
2018-05-11,0.8984736616144645,2.3770400632911732,-15.681524886920906
2018-05-14,0.8984736616144645,2.377061973759415,-15.681524886920906
2018-05-15,0.8984736616144645,2.376017145156201,-15.681524886920906
2018-05-16,0.8984736616144645,2.3626543372308837,-15.681524886920906
2018-05-17,0.8984736616144645,2.349808573394369,-15.681524886920906
2018-05-18,0.8984736616144645,2.3308257303650453,-15.681524886920906
2018-05-21,0.8984736616144645,2.3132945632609925,-15.681524886920906
2018-05-22,0.8984736616144645,2.317693841590315,-15.681524886920906
2018-05-23,0.8984736616144645,2.2943005501890354,-15.681524886920906
2018-05-24,0.8984736616144645,2.312667537213957,-15.681524886920906
2018-05-25,0.8984736616144645,2.332750414634124,-15.681524886920906
2018-05-28,0.8984736616144645,2.3511174016590455,-15.681524886920906
2018-05-29,0.8984736616144645,2.3389422699975384,-15.681524886920906
2018-05-30,0.8984736616144645,2.334773910818803,-15.681524886920906
2018-05-31,0.8984736616144645,2.3615656876911864,-15.681524886920906
2018-06-01,0.8984736616144645,2.352778086266662,-15.681524886920906
2018-06-04,0.8984736616144645,2.337886486160203,-15.681524886920906
2018-06-05,0.8984736616144645,2.33011084763653,-15.681524886920906
2018-06-06,0.8984736616144645,2.3502375459931804,-15.681524886920906
2018-06-07,0.8984736616144645,2.3686483539545855,-15.681524886920906
2018-06-08,0.8984736616144645,2.368494551059869,-15.681524886920906
2018-06-11,0.8984736616144645,2.3727398116859626,-15.681524886920906
2018-06-12,0.8984736616144645,2.3850356657313116,-15.681524886920906
2018-06-13,0.8984736616144645,2.388082294859475,-15.681524886920906
2018-06-14,0.8984736616144645,2.377380964399993,-15.681524886920906
2018-06-15,0.8984736616144645,2.379503702117296,-15.681524886920906
2018-06-18,0.8984736616144645,2.3755772173232685,-15.681524886920906
2018-06-19,0.8984736616144645,2.355912572076304,-15.681524886920906
2018-06-20,0.8984736616144645,2.3694622634072124,-15.681524886920906
2018-06-21,0.8984736616144645,2.3626543372308837,-15.681524886920906
2018-06-22,0.8984736616144645,2.3804164234855234,-15.681524886920906
2018-06-25,0.8984736616144645,2.3673506957325428,-15.681524886920906
2018-06-26,0.8984736616144645,2.368824496934568,-15.681524886920906
2018-06-27,0.8984736616144645,2.3473230241000045,-15.681524886920906
2018-06-28,0.8984736616144645,2.329219821928033,-15.681524886920906
2018-06-29,0.8984736616144645,2.356759347231294,-15.681524886920906
2018-07-02,0.8984736616144645,2.344221403992725,-15.681524886920906
2018-07-03,0.8984736616144645,2.3535919957192895,-15.681524886920906
2018-07-04,0.8984736616144645,2.368989469871918,-15.681524886920906
2018-07-05,0.8984736616144645,2.3645571110317207,-15.681524886920906
2018-07-06,0.8984736616144645,2.3695943706422,-15.681524886920906
2018-07-09,0.8984736616144645,2.3872464749386064,-15.681524886920906
2018-07-10,0.8984736616144645,2.4079999845337805,-15.681524886920906
2018-07-11,0.8984736616144645,2.4082309036843674,-15.681524886920906
2018-07-12,0.8984736616144645,2.424706286951085,-15.681524886920906
2018-07-13,0.8984736616144645,2.423760485071983,-15.681524886920906
2018-07-16,0.8984736616144645,2.4057122738791277,-15.681524886920906
2018-07-17,0.8984736616144645,2.4213737476932184,-15.681524886920906
2018-07-18,0.8984736616144645,2.415302829522158,-15.681524886920906
2018-07-19,0.8984736616144645,2.4101665431875667,-15.681524886920906
2018-07-20,0.8984736616144645,2.4218467560370254,-15.681524886920906
2018-07-23,0.8984736616144645,2.4382450230478723,-15.681524886920906
2018-07-24,0.8984736616144645,2.4491441921470662,-15.681524886920906
2018-07-25,0.8984736616144645,2.4486383181008966,-15.681524886920906
2018-07-26,0.8984736616144645,2.4564030013904485,-15.681524886920906
2018-07-27,0.8984736616144645,2.4808299513523093,-15.681524886920906
2018-07-30,0.8984736616144645,2.489892507672416,-15.681524886920906
2018-07-31,0.8984736616144645,2.4980202173475416,-15.681524886920906
2018-08-01,0.8984736616144645,2.495754631969643,-15.681524886920906
2018-08-02,0.8984736616144645,2.4734282944483317,-15.681524886920906
2018-08-03,0.8984736616144645,2.4989660192266436,-15.681524886920906
2018-08-06,0.8984736616144645,2.5047510272680005,-15.681524886920906
2018-08-07,0.8984736616144645,2.505268071356803,-15.681524886920906
2018-08-08,0.8984736616144645,2.5185868435371246,-15.681524886920906
2018-08-09,0.8984736616144645,2.523140139569676,-15.681524886920906
2018-08-10,0.8984736616144645,2.5140775832495694,-15.681524886920906
2018-08-13,0.8984736616144645,2.4978552444101925,-15.681524886920906
2018-08-14,0.8984736616144645,2.5153092952583744,-15.681524886920906
2018-08-16,0.8984736616144645,2.5043001442009474,-15.681524886920906
2018-08-17,0.8984736616144645,2.5231510948037963,-15.681524886920906
2018-08-20,0.8984736616144645,2.540968172037552,-15.681524886920906
2018-08-21,0.8984736616144645,2.545180566961283,-15.681524886920906
2018-08-23,0.8984736616144645,2.5477870534480016,-15.681524886920906
2018-08-24,0.8984736616144645,2.5421448930672406,-15.681524886920906
2018-08-27,0.8984736616144645,2.5718071560878046,-15.681524886920906
2018-08-28,0.8984736616144645,2.5820464334376,-15.681524886920906
2018-08-29,0.8984736616144645,2.5717962008536834,-15.681524886920906
2018-08-30,0.8984736616144645,2.5684746168299375,-15.681524886920906
2018-08-31,0.8984736616144645,2.5692885262825644,-15.681524886920906
2018-09-03,0.8984736616144645,2.5476989819580096,-15.681524886920906
2018-09-04,0.8984736616144645,2.534050263902989,-15.681524886920906
2018-09-05,0.8984736616144645,2.5245149140475873,-15.681524886920906
2018-09-06,0.8984736616144645,2.5377017938014337,-15.681524886920906
2018-09-07,0.8984736616144645,2.549183738394156,-15.681524886920906
2018-09-10,0.8984736616144645,2.515969187007771,-15.681524886920906
2018-09-11,0.8984736616144645,2.4828427071113777,-15.681524886920906
2018-09-12,0.8984736616144645,2.500967819751591,-15.681524886920906
2018-09-14,0.8984736616144645,2.5329285338524166,-15.681524886920906
2018-09-17,0.8984736616144645,2.5026944505724456,-15.681524886920906
2018-09-18,0.8984736616144645,2.480951103353174,-15.681524886920906
2018-09-19,0.8984736616144645,2.4711515390277987,-15.681524886920906
2018-09-21,0.8984736616144645,2.4510798316502647,-15.681524886920906
2018-09-24,0.8984736616144645,2.4124323433739763,-15.681524886920906
2018-09-25,0.8984736616144645,2.4344396902547096,-15.681524886920906
2018-09-26,0.8984736616144645,2.431437096871542,-15.681524886920906
2018-09-27,0.8984736616144645,2.4146648482410003,-15.681524886920906
2018-09-28,0.8984736616144645,2.4043046336988505,-15.681524886920906
2018-10-01,0.8984736616144645,2.4214287386723337,-15.681524886920906
2018-10-03,0.8984736616144645,2.388423195968294,-15.681524886920906
2018-10-04,0.8984736616144645,2.331452541603568,-15.681524886920906
2018-10-05,0.8797867475450252,2.2692467889886503,-17.435223594207415
2018-10-08,0.8797867475450252,2.276197562825575,-17.435223594207415
2018-10-09,0.8797867475450252,2.265859258751667,-17.435223594207415
2018-10-10,0.8797867475450252,2.300844476703902,-17.435223594207415
2018-10-11,0.8797867475450252,2.2512537835834237,-17.435223594207415
2018-10-12,0.8797867475450252,2.3035721151914865,-17.435223594207415
2018-10-15,0.8797867475450252,2.3123706718501316,-17.435223594207415
2018-10-16,0.8797867475450252,2.3282630648148093,-17.435223594207415
2018-10-17,0.8797867475450252,2.2992937740545183,-17.435223594207415
2018-10-19,0.8797867475450252,2.2664091685428325,-17.435223594207415
2018-10-22,0.8797867475450252,2.25358531517456,-17.435223594207415
2018-10-23,0.8797867475450252,2.231929824636768,-17.435223594207415
2018-10-24,0.8797867475450252,2.249076054887005,-17.435223594207415
2018-10-25,0.8797867475450252,2.227112743751267,-17.435223594207415
2018-10-26,0.8797867475450252,2.206238082155227,-17.435223594207415
2018-10-29,0.8797867475450252,2.254817027183366,-17.435223594207415
2018-10-30,0.8797867475450252,2.2432800916115276,-17.435223594207415
2018-10-31,0.8797867475450252,2.2846771288436427,-17.435223594207415
2018-11-01,0.8797867475450252,2.2833244796424834,-17.435223594207415
2018-11-02,0.8797867475450252,2.321279210467011,-17.435223594207415
2018-11-05,0.8797867475450252,2.3149002568894934,-17.435223594207415
2018-11-06,0.8797867475450252,2.31622004038829,-17.435223594207415
2018-11-07,0.8797867475450252,2.3312656581979776,-17.435223594207415
2018-11-09,0.8797867475450252,2.328362091538922,-17.435223594207415
2018-11-12,0.8797867475450252,2.3057058081429114,-17.435223594207415
2018-11-13,0.8797867475450252,2.3277681460027613,-17.435223594207415
2018-11-14,0.8797867475450252,2.326404326758969,-17.435223594207415
2018-11-15,0.8797867475450252,2.3352909549076055,-17.435223594207415
2018-11-16,0.8797867475450252,2.3496985914361366,-17.435223594207415
2018-11-19,0.8797867475450252,2.3675597044148886,-17.435223594207415
2018-11-20,0.8797867475450252,2.3439795296080175,-17.435223594207415
2018-11-21,0.8797867475450252,2.3316284697750396,-17.435223594207415
2018-11-22,0.8797867475450252,2.3155051576597754,-17.435223594207415
2018-11-26,0.8797867475450252,2.3379083966284453,-17.435223594207415
2018-11-27,0.8797867475450252,2.3504463398670143,-17.435223594207415
2018-11-28,0.8797867475450252,2.359959779254174,-17.435223594207415
2018-11-29,0.8797867475450252,2.3885222226924077,-17.435223594207415
2018-11-30,0.8797867475450252,2.3924925284229186,-17.435223594207415
2018-12-03,0.8797867475450252,2.394032275838182,-17.435223594207415
2018-12-04,0.8797867475450252,2.3908977900285393,-17.435223594207415
2018-12-05,0.8797867475450252,2.3718490007859776,-17.435223594207415
2018-12-06,0.8797867475450252,2.3318705589682596,-17.435223594207415
2018-12-07,0.8797867475450252,2.352228176475497,-17.435223594207415
2018-12-10,0.8797867475450252,2.307080582620825,-17.435223594207415
2018-12-11,0.8797867475450252,2.320432435312021,-17.435223594207415
2018-12-12,0.8797867475450252,2.361884463523252,-17.435223594207415
2018-12-13,0.8797867475450252,2.373751559778302,-17.435223594207415
2018-12-14,0.8797867475450252,2.376809144140586,-17.435223594207415
2018-12-17,0.8797867475450252,2.39504402393052,-17.435223594207415
2018-12-18,0.8797867475450252,2.399520418515713,-17.435223594207415
2018-12-19,0.8797867475450252,2.4124102180972233,-17.435223594207415
2018-12-20,0.8797867475450252,2.4089788669237566,-17.435223594207415
2018-12-21,0.8797867475450252,2.3654919576767015,-17.435223594207415
2018-12-24,0.8797867475450252,2.345585223236517,-17.435223594207415
2018-12-26,0.8797867475450252,2.3601797431706397,-17.435223594207415
2018-12-27,0.8797867475450252,2.3711669837598253,-17.435223594207415
2018-12-28,0.8797867475450252,2.3887862223538687,-17.435223594207415
2018-12-31,0.8797867475450252,2.3893689978473964,-17.435223594207415
2019-01-02,0.8797867475450252,2.373960568460647,-17.435223594207415
2019-01-03,0.8797867475450252,2.347509907505595,-17.435223594207415
2019-01-04,0.8797867475450252,2.359629833379474,-17.435223594207415
2019-01-07,0.8797867475450252,2.3694072724280955,-17.435223594207415
2019-01-08,0.8797867475450252,2.3760833061779496,-17.435223594207415
2019-01-09,0.8797867475450252,2.3877413937506544,-17.435223594207415
2019-01-10,0.8797867475450252,2.380361432506406,-17.435223594207415
2019-01-11,0.8797867475450252,2.374499523017691,-17.435223594207415
2019-01-14,0.8797867475450252,2.3618844635232517,-17.435223594207415
2019-01-15,0.8797867475450252,2.3947031228216997,-17.435223594207415
2019-01-16,0.8797867475450252,2.3954729965293313,-17.435223594207415
2019-01-17,0.8797867475450252,2.3987505448080815,-17.435223594207415
2019-01-18,0.8797867475450252,2.3991354816618973,-17.435223594207415
2019-01-21,0.8797867475450252,2.41121137179078,-17.435223594207415
2019-01-22,0.8797867475450252,2.4026108685803593,-17.435223594207415
2019-01-23,0.8797867475450252,2.3825391612028253,-17.435223594207415
2019-01-24,0.8797867475450252,2.386564457912453,-17.435223594207415
2019-01-25,0.8797867475450252,2.371331956697174,-17.435223594207415
2019-01-28,0.8797867475450252,2.345156250637705,-17.435223594207415
2019-01-29,0.8797867475450252,2.3430996739421515,-17.435223594207415
2019-01-30,0.8797867475450252,2.3430116024521603,-17.435223594207415
2019-01-31,0.8797867475450252,2.3824182240104714,-17.435223594207415
2019-02-01,0.8797867475450252,2.3962100045345998,-17.435223594207415
2019-02-04,0.8797867475450252,2.4003012474574645,-17.435223594207415
2019-02-05,0.8797867475450252,2.405162364087961,-17.435223594207415
2019-02-06,0.8797867475450252,2.433339870672379,-17.435223594207415
2019-02-07,0.8797867475450252,2.4348686628535208,-17.435223594207415
2019-02-08,0.8797867475450252,2.4071970303152725,-17.435223594207415
2019-02-11,0.8797867475450252,2.395143050654631,-17.435223594207415
2019-02-12,0.8797867475450252,2.382517250734583,-17.435223594207415
2019-02-14,0.8797867475450252,2.363743201579092,-17.435223594207415
2019-02-15,0.8797867475450252,2.358981111672708,-17.435223594207415
2019-02-18,0.8797867475450252,2.3406250798819075,-17.435223594207415
2019-02-19,0.8797867475450252,2.33257427165414,-17.435223594207415
2019-02-20,0.8797867475450252,2.3614116699879566,-17.435223594207415
2019-02-21,0.8797867475450252,2.3733775781586064,-17.435223594207415
2019-02-22,0.8797867475450252,2.3737736850550553,-17.435223594207415
2019-02-25,0.8797867475450252,2.393229321619674,-17.435223594207415
2019-02-26,0.8797867475450252,2.3833749811236937,-17.435223594207415
2019-02-27,0.8797867475450252,2.3770731438020465,-17.435223594207415
2019-02-28,0.8797867475450252,2.373960568460646,-17.435223594207415
2019-03-01,0.8797867475450252,2.389578006529741,-17.435223594207415
2019-03-05,0.8797867475450252,2.4168425769374196,-17.435223594207415
2019-03-06,0.8797867475450252,2.431261168700072,-17.435223594207415
2019-03-07,0.8797867475450252,2.4324050240273984,-17.435223594207415
2019-03-08,0.8797867475450252,2.427389889693673,-17.435223594207415
2019-03-11,0.8797867475450252,2.4565679743277977,-17.435223594207415
2019-03-12,0.8797867475450252,2.485856255728667,-17.435223594207415
2019-03-13,0.8797867475450252,2.494764794345545,-17.435223594207415
2019-03-14,0.8797867475450252,2.495105695454365,-17.435223594207415
2019-03-15,0.8797867475450252,2.513494592947528,-17.435223594207415
2019-03-18,0.8797867475450252,2.5212704462797126,-17.435223594207415
2019-03-19,0.8797867475450252,2.5367119561773372,-17.435223594207415
2019-03-20,0.8797867475450252,2.5342152368403394,-17.435223594207415
2019-03-22,0.8797867475450252,2.520104680484145,-17.435223594207415
2019-03-25,0.8797867475450252,2.4975252985354923,-17.435223594207415
2019-03-26,0.8797867475450252,2.5259006437596225,-17.435223594207415
2019-03-27,0.8797867475450252,2.517497979188914,-17.435223594207415
2019-03-28,0.8797867475450252,2.544982513513059,-17.435223594207415
2019-04-01,0.8797867475450252,2.56679202175408,-17.435223594207415
2019-04-02,0.8797867475450252,2.5764813893127103,-17.435223594207415
2019-04-03,0.8797867475450252,2.561248888097431,-17.435223594207415
2019-04-04,0.8797867475450252,2.5511415031741103,-17.435223594207415
2019-04-05,0.8797867475450252,2.566088094259686,-17.435223594207415
2019-04-08,0.8797867475450252,2.5525712686311404,-17.435223594207415
2019-04-09,0.8797867475450252,2.567407877758483,-17.435223594207415
2019-04-10,0.8797867475450252,2.5481279545568225,-17.435223594207415
2019-04-11,0.8797867475450252,2.5508555930444072,-17.435223594207415
2019-04-12,0.8797867475450252,2.561138906139199,-17.435223594207415
2019-04-15,0.8797867475450252,2.571455084936353,-17.435223594207415
2019-04-16,0.8797867475450252,2.5927477638970835,-17.435223594207415
2019-04-18,0.8797867475450252,2.5851918744813647,-17.435223594207415
2019-04-22,0.8797867475450252,2.550360674232359,-17.435223594207415
2019-04-23,0.8797867475450252,2.5462913417777355,-17.435223594207415
2019-04-24,0.8797867475450252,2.5793299649926498,-17.435223594207415
2019-04-25,0.8797867475450252,2.560775879753625,-17.435223594207415
2019-04-26,0.8797867475450252,2.5855989366119347,-17.435223594207415
2019-04-30,0.8797867475450252,2.584169171154905,-17.435223594207415
2019-05-02,0.8797867475450252,2.579021929586193,-17.435223594207415
2019-05-03,0.8797867475450252,2.5762723806303662,-17.435223594207415
2019-05-06,0.8797867475450252,2.551196494153228,-17.435223594207415
2019-05-07,0.8797867475450252,2.5291232010592575,-17.435223594207415
2019-05-08,0.8797867475450252,2.4986691538628203,-17.435223594207415
2019-05-09,0.8797867475450252,2.4859881481551436,-17.435223594207415
2019-05-10,0.8797867475450252,2.480951103353177,-17.435223594207415
2019-05-13,0.8797867475450252,2.452201776509352,-17.435223594207415
2019-05-14,0.8797867475450252,2.4684460258169705,-17.435223594207415
2019-05-15,0.8797867475450252,2.4541374160125513,-17.435223594207415
2019-05-16,0.8797867475450252,2.4761557181274054,-17.435223594207415
2019-05-17,0.8797867475450252,2.509161475639957,-17.435223594207415
2019-05-20,0.8797867475450252,2.601788194940437,-17.435223594207415
2019-05-21,0.8797867475450252,2.5755794083700936,-17.435223594207415
2019-05-22,0.8797867475450252,2.5819145410111277,-17.435223594207415
2019-05-23,0.8797867475450252,2.564130329479734,-17.435223594207415
2019-05-24,0.8797867475450252,2.6052745370930204,-17.435223594207415
2019-05-27,0.8797867475450252,2.623014712879418,-17.435223594207415
2019-05-28,0.8797867475450252,2.623894568545283,-17.435223594207415
2019-05-29,0.8797867475450252,2.6090139236729444,-17.435223594207415
2019-05-30,0.8797867475450252,2.6276670356360814,-17.435223594207415
2019-05-31,0.8797867475450252,2.6225857402806065,-17.435223594207415
2019-06-03,0.8797867475450252,2.6590447594348667,-17.435223594207415
2019-06-04,0.8797867475450252,2.6443293023083903,-17.435223594207415
2019-06-06,0.8797867475450252,2.605197635645662,-17.435223594207415
2019-06-07,0.8797867475450252,2.6111147509220056,-17.435223594207415
2019-06-10,0.8797867475450252,2.622563829812365,-17.435223594207415
2019-06-11,0.8797867475450252,2.6320001529436543,-17.435223594207415
2019-06-12,0.8797867475450252,2.618934425190674,-17.435223594207415
2019-06-13,0.8797867475450252,2.620661056011528,-17.435223594207415
2019-06-14,0.8797867475450252,2.600699330592227,-17.435223594207415
2019-06-17,0.8797867475450252,2.5674519135034797,-17.435223594207415
2019-06-18,0.8797867475450252,2.571708129363694,-17.435223594207415
2019-06-19,0.8797867475450252,2.5716971741295733,-17.435223594207415
2019-06-20,0.8797867475450252,2.602558068648068,-17.435223594207415
2019-06-21,0.8797867475450252,2.5788788671170844,-17.435223594207415
2019-06-24,0.8797867475450252,2.5735009212062976,-17.435223594207415
2019-06-25,0.8797867475450252,2.594793385358516,-17.435223594207415
2019-06-26,0.8797867475450252,2.6060334555665303,-17.435223594207415
2019-06-27,0.8797867475450252,2.6047136720677333,-17.435223594207415
2019-06-28,0.8797867475450252,2.5931215307082662,-17.435223594207415
2019-07-01,0.8797867475450252,2.6100037612970413,-17.435223594207415
2019-07-02,0.8797867475450252,2.6198361913247794,-17.435223594207415
2019-07-03,0.8797867475450252,2.6212550015476883,-17.435223594207415
2019-07-04,0.8797867475450252,2.627853919041672,-17.435223594207415
2019-07-05,0.8797867475450252,2.5980268978922703,-17.435223594207415
2019-07-08,0.8797867475450252,2.5424748389419407,-17.435223594207415
2019-07-09,0.8798811670797798,2.541881108214292,-17.426362665354933
2019-07-10,0.8798811670797798,2.5293431649757228,-17.426362665354933
2019-07-11,0.8798811670797798,2.547820133958877,-17.426362665354933
2019-07-12,0.8798811670797798,2.541133144974902,-17.426362665354933
2019-07-15,0.8798811670797798,2.549018765456808,-17.426362665354933
2019-07-16,0.8798811670797798,2.5653510862544175,-17.426362665354933
2019-07-17,0.8798811670797798,2.570828273697829,-17.426362665354933
2019-07-18,0.8798811670797798,2.550899628789403,-17.426362665354933
2019-07-19,0.8798811670797798,2.511822953105791,-17.426362665354933
2019-07-22,0.8798811670797798,2.495754631969643,-17.426362665354933
2019-07-23,0.8798811670797798,2.4924220927117764,-17.426362665354933
2019-07-24,0.8798811670797798,2.4792792487029254,-17.426362665354933
2019-07-25,0.8798811670797798,2.4750670685877063,-17.426362665354933
2019-07-26,0.8798811670797798,2.4821387796169847,-17.426362665354933
2019-07-29,0.8798811670797798,2.4612202970844614,-17.426362665354933
2019-07-30,0.8798811670797798,2.4383880855169804,-17.426362665354933
2019-07-31,0.8798811670797798,2.445558823270371,-17.426362665354933
2019-08-01,0.8798811670797798,2.415203802798046,-17.426362665354933
2019-08-02,0.8798811670797798,2.4190200908253283,-17.426362665354933
2019-08-05,0.8798811670797798,2.389379953081518,-17.426362665354933
2019-08-06,0.8798811670797798,2.4082199484502467,-17.426362665354933
2019-08-07,0.8798811670797798,2.387818295198014,-17.426362665354933
2019-08-08,0.8798811670797798,2.426740953178397,-17.426362665354933
2019-08-09,0.8798811670797798,2.443722210491284,-17.426362665354933
2019-08-13,0.8798811670797798,2.4032926707980007,-17.426362665354933
2019-08-14,0.8798811670797798,2.4260701061948775,-17.426362665354933
2019-08-16,0.8798811670797798,2.4301173133727465,-17.426362665354933
2019-08-19,0.8798811670797798,2.431459222148297,-17.426362665354933
2019-08-20,0.8798811670797798,2.423342467707292,-17.426362665354933
2019-08-21,0.8798811670797798,2.4017200576803743,-17.426362665354933
2019-08-22,0.8798811670797798,2.36270932821,-17.426362665354933
2019-08-23,0.8798811670797798,2.382066152859019,-17.426362665354933
2019-08-26,0.8798811670797798,2.4323279077715285,-17.426362665354933
2019-08-27,0.8798811670797798,2.44277619380367,-17.426362665354933
2019-08-28,0.8798811670797798,2.429743331753052,-17.426362665354933
2019-08-29,0.8798811670797798,2.4082309036843674,-17.426362665354933
2019-08-30,0.8798811670797798,2.424717242185206,-17.426362665354933
2019-09-03,0.8798811670797798,2.3751484595329697,-17.426362665354933
2019-09-04,0.8825451102232734,2.385431772627761,-17.17636132058128
2019-09-05,0.8825451102232734,2.386146655356276,-17.17636132058128
2019-09-06,0.8825451102232734,2.4077690653831936,-17.17636132058128
2019-09-09,0.8825451102232734,2.420273928110888,-17.17636132058128
2019-09-11,0.8825451102232734,2.427455835906912,-17.17636132058128
2019-09-12,0.8825451102232734,2.415819658802449,-17.17636132058128
2019-09-13,0.8825451102232734,2.436298428310552,-17.17636132058128
2019-09-16,0.8825451102232734,2.420372954835,-17.17636132058128
2019-09-17,0.8825451102232734,2.3794815768405426,-17.17636132058128
2019-09-18,0.8825451102232734,2.3845519169618963,-17.17636132058128
2019-09-19,0.8825451102232734,2.354669690024866,-17.17636132058128
2019-09-20,0.8825451102232734,2.4799172299840824,-17.17636132058128
2019-09-23,0.8825451102232734,2.5516254667520393,-17.17636132058128
2019-09-24,0.8825451102232734,2.5489858997544457,-17.17636132058128
2019-09-25,0.8825451102232734,2.516431240117459,-17.17636132058128
2019-09-26,0.8825451102232734,2.5452465131745217,-17.17636132058128
2019-09-27,0.8825451102232734,2.532312677848016,-17.17636132058128
2019-09-30,0.8825451102232734,2.523965004256424,-17.17636132058128
2019-10-01,0.8825451102232734,2.4987681805869317,-17.17636132058128
2019-10-03,0.8825451102232734,2.4886717508977316,-17.17636132058128
2019-10-04,0.8825451102232734,2.4580417755298236,-17.17636132058128
2019-10-07,0.8825451102232734,2.4474066060920916,-17.17636132058128
2019-10-09,0.8825451102232734,2.4885177331945028,-17.17636132058128
2019-10-10,0.8825451102232734,2.4711955747727954,-17.17636132058128
2019-10-11,0.8825451102232734,2.486703030883657,-17.17636132058128
2019-10-14,0.8825451102232734,2.4946438571531915,-17.17636132058128
2019-10-15,0.8825451102232734,2.513813583588107,-17.17636132058128
2019-10-16,0.8825451102232734,2.52166633836765,-17.17636132058128
2019-10-17,0.8825451102232734,2.5485788376238756,-17.17636132058128
2019-10-18,0.8825451102232734,2.5651861133170684,-17.17636132058128
2019-10-22,0.8825451102232734,2.5490187654568084,-17.17636132058128
2019-10-23,0.8825451102232734,2.55248319714115,-17.17636132058128
2019-10-24,0.8825451102232734,2.5477539729371284,-17.17636132058128
2019-10-25,0.8825451102232734,2.548040097875344,-17.17636132058128
2019-10-29,0.8825451102232734,2.5926816028753343,-17.17636132058128
2019-10-30,0.8825451102232734,2.60527453709302,-17.17636132058128
2019-10-31,0.8825451102232734,2.6126104625922726,-17.17636132058128
2019-11-01,0.8825451102232734,2.615502859208695,-17.17636132058128
2019-11-04,0.8825451102232734,2.62665507273523,-17.17636132058128
2019-11-05,0.8825451102232734,2.621354028271801,-17.17636132058128
2019-11-06,0.8825451102232734,2.6320991796677666,-17.17636132058128
2019-11-07,0.8825451102232734,2.6422175198252082,-17.17636132058128
2019-11-08,0.8825451102232734,2.6193633977894852,-17.17636132058128
2019-11-11,0.8825451102232734,2.620529163585053,-17.17636132058128
2019-11-13,0.8825451102232734,2.6044717976830256,-17.17636132058128
2019-11-14,0.8825451102232734,2.611433526754071,-17.17636132058128
2019-11-15,0.8825451102232734,2.6165698130886623,-17.17636132058128
2019-11-18,0.8825451102232734,2.614161165241656,-17.17636132058128
2019-11-19,0.8825451102232734,2.626391073073768,-17.17636132058128
2019-11-20,0.8825451102232734,2.6393689441452692,-17.17636132058128
2019-11-21,0.8825451102232734,2.632616223756569,-17.17636132058128
2019-11-22,0.8825451102232734,2.620738172267398,-17.17636132058128
2019-11-25,0.8825451102232734,2.65578933643287,-17.17636132058128
2019-11-26,0.8825451102232734,2.6478596802059684,-17.17636132058128
2019-11-27,0.8825451102232734,2.661717406943334,-17.17636132058128
2019-11-28,0.8825451102232734,2.6728146294907527,-17.17636132058128
2019-11-29,0.8825451102232734,2.651895932149717,-17.17636132058128
2019-12-02,0.8825451102232734,2.6501693013288627,-17.17636132058128
2019-12-03,0.8825451102232734,2.638291249839692,-17.17636132058128
2019-12-04,0.8825451102232734,2.649069481746532,-17.17636132058128
2019-12-05,0.8825451102232734,2.6436144195798743,-17.17636132058128
2019-12-06,0.8825451102232734,2.6222998301509017,-17.17636132058128
2019-12-09,0.8825451102232734,2.62581925281436,-17.17636132058128
2019-12-10,0.8825451102232734,2.6080681217938415,-17.17636132058128
2019-12-11,0.8825451102232734,2.6198033256224167,-17.17636132058128
2019-12-12,0.8825451102232734,2.6333639721874462,-17.17636132058128
2019-12-13,0.8825451102232734,2.6586379121128085,-17.17636132058128
2019-12-16,0.8825451102232734,2.6514340938485432,-17.17636132058128
2019-12-17,0.8825451102232734,2.675861043810404,-17.17636132058128
2019-12-18,0.8825451102232734,2.6883220856016146,-17.17636132058128
2019-12-19,0.8825451102232734,2.6966916696614485,-17.17636132058128
2019-12-20,0.8825451102232734,2.6993531471272836,-17.17636132058128
2019-12-23,0.8825451102232734,2.6973625166449677,-17.17636132058128
2019-12-24,0.8825451102232734,2.686760212909598,-17.17636132058128
2019-12-26,0.8825451102232734,2.667403388260579,-17.17636132058128
2019-12-27,0.8825451102232734,2.6936340852991645,-17.17636132058128
2019-12-30,0.8825451102232734,2.6958446796979465,-17.17636132058128
2019-12-31,0.8825451102232734,2.6766199622839144,-17.17636132058128
2020-01-01,0.8825451102232734,2.679710412348561,-17.17636132058128
2020-01-02,0.8825451102232734,2.7016408577819364,-17.17636132058128
2020-01-03,0.8825451102232734,2.689421905183946,-17.17636132058128
2020-01-06,0.8825451102232734,2.638038205412352,-17.17636132058128
2020-01-07,0.8825451102232734,2.6512141299320775,-17.17636132058128
2020-01-08,0.8825451102232734,2.6451429969525053,-17.17636132058128
2020-01-09,0.8825451102232734,2.687057293081935,-17.17636132058128
2020-01-10,0.8825451102232734,2.6960536883802924,-17.17636132058128
2020-01-13,0.8825451102232734,2.712056063303203,-17.17636132058128
2020-01-14,0.8825451102232734,2.7192598815674685,-17.17636132058128
2020-01-15,0.8825451102232734,2.715080567154612,-17.17636132058128
2020-01-16,0.8825451102232734,2.717764169897201,-17.17636132058128
2020-01-17,0.8825451102232734,2.717071197636928,-17.17636132058128
2020-01-20,0.8825451102232734,2.6889598520742597,-17.17636132058128
2020-01-21,0.8825451102232734,2.6769277828818603,-17.17636132058128
2020-01-22,0.8825451102232734,2.6630812261871277,-17.17636132058128
2020-01-23,0.8825451102232734,2.679237404004755,-17.17636132058128
2020-01-24,0.8825451102232734,2.69417303985621,-17.17636132058128
2020-01-27,0.8825451102232734,2.6657427036529637,-17.17636132058128
2020-01-28,0.8825451102232734,2.6518409411706023,-17.17636132058128
2020-01-29,0.8825451102232734,2.668052324775858,-17.17636132058128
2020-01-30,0.8825451102232734,2.64744166284128,-17.17636132058128
2020-01-31,0.8825451102232734,2.631230279236024,-17.17636132058128
2020-02-03,0.8825451102232734,2.575315623517145,-17.17636132058128
2020-02-04,0.8952616888170268,2.635090817816814,-15.982956815262561
2020-02-05,0.8952616888170268,2.659176866669855,-15.982956815262561
2020-02-06,0.8952616888170268,2.6699110628316993,-15.982956815262561
2020-02-07,0.8952616888170268,2.6612003628545335,-15.982956815262561
2020-02-10,0.8952616888170268,2.646495860962178,-15.982956815262561
2020-02-11,0.8952616888170268,2.663301190103595,-15.982956815262561
2020-02-12,0.8952616888170268,2.6838237805481815,-15.982956815262561
2020-02-13,0.8952616888170268,2.677983781527708,-15.982956815262561
2020-02-14,0.8952616888170268,2.664521946878279,-15.982956815262561
2020-02-17,0.8952616888170268,2.6496413020059406,-15.982956815262561
2020-02-18,0.8952616888170268,2.6379172682199985,-15.982956815262561
2020-02-19,0.8952616888170268,2.6672605405999845,-15.982956815262561
2020-02-20,0.8952616888170268,2.657350994316376,-15.982956815262561
2020-02-24,0.8952616888170268,2.6020412393677788,-15.982956815262561
2020-02-25,0.8874713775447821,2.5951123759990957,-16.714049105660457
2020-02-26,0.8874713775447821,2.5688485984496356,-16.714049105660457
2020-02-27,0.8874713775447821,2.5589061864636644,-16.714049105660457
2020-02-28,0.8874713775447821,2.463980801274411,-16.714049105660457
2020-03-02,0.8874713775447821,2.4488032910382485,-16.714049105660457
2020-03-03,0.8874713775447821,2.4863180940298437,-16.714049105660457
2020-03-04,0.8874713775447821,2.4748140241603678,-16.714049105660457
2020-03-05,0.8874713775447821,2.478773374656758,-16.714049105660457
2020-03-06,0.8874713775447821,2.417282504770355,-16.714049105660457
2020-03-09,0.8874713775447821,2.2989419177115797,-16.714049105660457
2020-03-11,0.8874713775447821,2.3004707098927217,-16.714049105660457
2020-03-12,0.8874713775447821,2.1094870394210092,-16.714049105660457
2020-03-13,0.9682891366949685,2.1897848241652658,-9.12959726835787
2020-03-16,0.9682891366949685,2.023096211228939,-9.12959726835787
2020-03-17,0.9682891366949685,1.97242739418586,-9.12959726835787
2020-03-18,0.9682891366949685,1.8628303728066133,-9.12959726835787
2020-03-19,0.9682891366949685,1.8176608684836997,-9.12959726835787
2020-03-20,0.9682891366949685,1.9236834762203716,-9.12959726835787
2020-03-23,0.9682891366949685,1.6739803952863246,-9.12959726835787
2020-03-24,0.9682891366949685,1.715949467586359,-9.12959726835787
2020-03-25,0.9682891366949685,1.8296267766543497,-9.12959726835787
2020-03-26,0.9682891366949685,1.9008072289078952,-9.12959726835787
2020-03-27,0.9682891366949685,1.9049425075757558,-9.12959726835787
2020-03-30,0.9682891366949685,1.82154310272422,-9.12959726835787
2020-03-31,0.9741176704431427,1.891194762796623,-8.582610641161615
2020-04-01,0.9741176704431427,1.8155381307663971,-8.582610641161615
2020-04-03,0.9741176704431427,1.778144264967156,-8.582610641161615
2020-04-07,0.9741176704431427,1.9339667893151635,-8.582610641161615
2020-04-08,0.9741176704431427,1.924409314183008,-8.582610641161615
2020-04-09,0.9741176704431427,2.004289296371086,-8.582610641161615
2020-04-13,0.9741176704431427,1.97832238418545,-8.582610641161615
2020-04-15,0.9741176704431427,1.9632439006733997,-8.582610641161615
2020-04-16,0.9741176704431427,1.9780914650348629,-8.582610641161615
2020-04-17,0.9741176704431427,2.03835062291246,-8.582610641161615
2020-04-20,0.9741176704431427,2.0372727137983713,-8.582610641161615
2020-04-21,0.9741176704431427,1.9755949605063772,-8.582610641161615
2020-04-22,0.9894950951385142,2.020874446787524,-7.139495437149879
2020-04-23,0.9894950951385142,2.048722007497243,-7.139495437149879
2020-04-24,0.9894950951385142,2.013637762820896,-7.139495437149879
2020-04-27,0.9894950951385142,2.041771018851806,-7.139495437149879
2020-04-28,0.9894950951385142,2.0634595899004733,-7.139495437149879
2020-04-29,0.9894950951385142,2.1013921954482466,-7.139495437149879
2020-04-30,0.9894950951385142,2.1688223058877467,-7.139495437149879
2020-05-04,0.9894950951385142,2.044234657677929,-7.139495437149879
2020-05-05,0.9894950951385142,2.024899743497152,-7.139495437149879
2020-05-06,0.9894950951385142,2.0392635590891994,-7.139495437149879
2020-05-07,0.9894950951385142,2.023459022806001,-7.139495437149879
2020-05-08,0.9894950951385142,2.0349961731863515,-7.139495437149879
2020-05-11,0.9894950951385142,2.0322906599755206,-7.139495437149879
2020-05-12,0.9894950951385142,2.0229091130148356,-7.139495437149879
2020-05-13,0.9894950951385142,2.064042365394001,-7.139495437149879
2020-05-14,0.9894950951385142,2.0110750972706604,-7.139495437149879
2020-05-15,0.9826075546009206,2.0097772242401053,-7.785865987807828
2020-05-18,0.9826075546009206,1.9407966259597336,-7.785865987807828
2020-05-19,0.9826075546009206,1.9530815247709619,-7.785865987807828
2020-05-20,0.9826075546009206,1.9943138038742394,-7.785865987807828
2020-05-21,0.9826075546009206,2.003046414319647,-7.785865987807828
2020-05-22,0.9826075546009206,1.9883088319164166,-7.785865987807828
2020-05-26,0.9826075546009206,1.9860651570067598,-7.785865987807828
2020-05-27,0.9826075546009206,2.04895292664783,-7.785865987807828
2020-05-28,0.9826075546009206,2.087479477731764,-7.785865987807828
2020-05-29,0.9826075546009206,2.1073202659587107,-7.785865987807828
2020-06-01,0.9826075546009206,2.161398523707015,-7.785865987807828
2020-06-02,0.9826075546009206,2.1950418328836987,-7.785865987807828
2020-06-03,0.9826075546009206,2.213177900758033,-7.785865987807828
2020-06-04,0.9826075546009206,2.206040028707005,-7.785865987807828
2020-06-05,0.9826075546009206,2.23090712131031,-7.785865987807828
2020-06-08,0.9826075546009206,2.2364721654352007,-7.785865987807828
2020-06-09,0.9826075546009206,2.209900567287795,-7.785865987807828
2020-06-10,0.9826075546009206,2.2251880594821905,-7.785865987807828
2020-06-11,0.9826075546009206,2.178082700847565,-7.785865987807828
2020-06-12,1.0246977914639577,2.193678228448418,-3.835850822018283
2020-06-15,1.0246977914639577,2.158659929985309,-3.835850822018283
2020-06-16,1.0246977914639577,2.1807222678451588,-3.835850822018283
2020-06-17,1.0246977914639577,2.1734965391126515,-3.835850822018283
2020-06-18,1.0246977914639577,2.2197989435287706,-3.835850822018283
2020-06-19,1.0246977914639577,2.253398431768971,-3.835850822018283
2020-06-22,1.0246977914639577,2.268091978427206,-3.835850822018283
2020-06-23,1.0246977914639577,2.3032421693167904,-3.835850822018283
2020-06-24,1.0246977914639577,2.266794105396651,-3.835850822018283
2020-06-25,1.0246977914639577,2.263186826051714,-3.835850822018283
2020-06-26,1.0246977914639577,2.283885344667771,-3.835850822018283
2020-06-29,1.0246977914639577,2.2683559780886675,-3.835850822018283
2020-06-30,1.0246977914639577,2.2660901779022566,-3.835850822018283
2020-07-01,1.0246977914639577,2.2942346039757995,-3.835850822018283
2020-07-02,1.0246977914639577,2.3209933003373084,-3.835850822018283
2020-07-03,1.0246977914639577,2.333234163403541,-3.835850822018283
2020-07-06,1.0246977914639577,2.367614695394006,-3.835850822018283
2020-07-07,1.0246977914639577,2.3755333963867864,-3.835850822018283
2020-07-08,1.0246977914639577,2.3548786987072123,-3.835850822018283
2020-07-09,1.0246977914639577,2.3785688554723166,-3.835850822018283
2020-07-10,1.0246977914639577,2.3685824077413495,-3.835850822018283
2020-07-13,1.0246977914639577,2.3762042433703057,-3.835850822018283
2020-07-14,1.0246977914639577,2.333234163403541,-3.835850822018283
2020-07-15,1.0246977914639577,2.3356209007823057,-3.835850822018283
2020-07-16,1.0246977914639577,2.3624015076120566,-3.835850822018283
2020-07-17,1.0246977914639577,2.397980671100452,-3.835850822018283
2020-07-20,1.0246977914639577,2.4244863230346203,-3.835850822018283
2020-07-21,1.0246977914639577,2.4552922265739987,-3.835850822018283
2020-07-22,1.0246977914639577,2.448770210527373,-3.835850822018283
2020-07-23,1.0246977914639577,2.4669943498916984,-3.835850822018283
2020-07-24,1.0246977914639577,2.4623091614326724,-3.835850822018283
2020-07-27,1.0246977914639577,2.448594282355902,-3.835850822018283
2020-07-28,1.0246977914639577,2.485713193259561,-3.835850822018283
2020-07-29,1.0246977914639577,2.464222675659118,-3.835850822018283
2020-07-30,1.0246977914639577,2.4420724811177887,-3.835850822018283
2020-07-31,1.0246977914639577,2.4357594737535084,-3.835850822018283
2020-08-03,1.0246977914639577,2.3957589066590366,-3.835850822018283
2020-08-04,1.0246977914639577,2.4405546441707675,-3.835850822018283
2020-08-05,1.0246977914639577,2.4419624991595557,-3.835850822018283
2020-08-06,1.0246977914639577,2.463628944931469,-3.835850822018283
2020-08-07,1.0246977914639577,2.466686314485241,-3.835850822018283
2020-08-10,1.0246977914639577,2.479026419084098,-3.835850822018283
2020-08-11,1.0246977914639577,2.4905414441876945,-3.835850822018283
2020-08-12,1.0246977914639577,2.487440038888927,-3.835850822018283
2020-08-13,1.0246977914639577,2.485691282791319,-3.835850822018283
2020-08-14,1.0246977914639577,2.4588447297483307,-3.835850822018283
2020-08-17,1.0246977914639577,2.4739560789627433,-3.835850822018283
2020-08-18,1.0246977914639577,2.504366090414185,-3.835850822018283
2020-08-19,1.0246977914639577,2.5094364305355388,-3.835850822018283
2020-08-20,1.0246977914639577,2.488275858809795,-3.835850822018283
2020-08-21,1.0246977914639577,2.5013415865627757,-3.835850822018283
2020-08-24,1.0246977914639577,2.5222052929246948,-3.835850822018283
2020-08-25,1.0246977914639577,2.523481040678496,-3.835850822018283
2020-08-26,1.0246977914639577,2.540495163693746,-3.835850822018283
2020-08-27,1.0246977914639577,2.5426179014110493,-3.835850822018283
2020-08-28,1.0246977914639577,2.5620516275074268,-3.835850822018283
2020-08-31,1.0246977914639577,2.5048390987579925,-3.835850822018283
2020-09-01,1.0231802340307095,2.523041112845564,-3.978268050407685
2020-09-02,1.0231802340307095,2.5372837764367455,-3.978268050407685
2020-09-03,1.0231802340307095,2.535623091829129,-3.978268050407685
2020-09-04,1.0231802340307095,2.49303794871618,-3.978268050407685
2020-09-07,1.0231802340307095,2.497701226706964,-3.978268050407685
2020-09-08,1.0231802340307095,2.4894085440944886,-3.978268050407685
2020-09-09,1.0231802340307095,2.4807530499049517,-3.978268050407685
2020-09-10,1.0231802340307095,2.5184218705997754,-3.978268050407685
2020-09-11,1.0231802340307095,2.5217653650917633,-3.978268050407685
2020-09-14,1.0231802340307095,2.516398159606585,-3.978268050407685
2020-09-15,1.0231802340307095,2.534380209777691,-3.978268050407685
2020-09-16,1.0231802340307095,2.5525822238652625,-3.978268050407685
2020-09-17,1.0231802340307095,2.533126372492131,-3.978268050407685
2020-09-18,1.0231802340307095,2.530673903708641,-3.978268050407685
2020-09-21,1.0231802340307095,2.474714997436254,-3.978268050407685
2020-09-22,1.0077259860248624,2.453400622815794,-5.428592841822121
2020-09-23,1.0077259860248624,2.4486052375900225,-5.428592841822121
2020-09-24,1.0077259860248624,2.3768310546088283,-5.428592841822121
2020-09-25,1.0077259860248624,2.4306562679297916,-5.428592841822121
2020-09-28,1.0077259860248624,2.469655827357533,-5.428592841822121
2020-09-29,1.0077259860248624,2.46852314207284,-5.428592841822121
2020-09-30,1.0077259860248624,2.474055105686856,-5.428592841822121
2020-10-01,1.0077259860248624,2.511317079059623,-5.428592841822121
2020-10-05,1.0077259860248624,2.530321832557189,-5.428592841822121
2020-10-06,1.0077259860248624,2.565307265317936,-5.428592841822121
2020-10-07,1.0077259860248624,2.5821233348849617,-5.428592841822121
2020-10-08,1.0077259860248624,2.6031848798865935,-5.428592841822121
2020-10-09,1.0077259860248624,2.6206941365224043,-5.428592841822121
2020-10-12,1.0077259860248624,2.624378532123212,-5.428592841822121
2020-10-13,1.0077259860248624,2.6251593610649637,-5.428592841822121
2020-10-14,1.0077259860248624,2.633198999250098,-5.428592841822121
2020-10-15,1.0077259860248624,2.569255445771693,-5.428592841822121
2020-10-16,1.0087223352885686,2.5873146121986688,-5.335089098546241
2020-10-19,1.0087223352885686,2.6116425354364172,-5.335089098546241
2020-10-20,1.0087223352885686,2.616866678452488,-5.335089098546241
2020-10-21,1.0087223352885686,2.625852333325236,-5.335089098546241
2020-10-22,1.0087223352885686,2.6167897770051294,-5.335089098546241
2020-10-23,1.0087223352885686,2.624246424888224,-5.335089098546241
2020-10-26,1.0087223352885686,2.588480377994237,-5.335089098546241
2020-10-27,1.0087223352885686,2.615239074355746,-5.335089098546241
2020-10-28,1.0087223352885686,2.5800886686576496,-5.335089098546241
2020-10-29,1.0087223352885686,2.567154833331144,-5.335089098546241
2020-10-30,1.0087223352885686,2.5609079869886133,-5.335089098546241
2020-11-02,1.0087223352885686,2.5667920217540825,-5.335089098546241
2020-11-03,1.0087223352885686,2.598543727172563,-5.335089098546241
2020-11-04,1.0087223352885686,2.6194402992368446,-5.335089098546241
2020-11-05,1.0087223352885686,2.6660286137826676,-5.335089098546241
2020-11-06,1.0087223352885686,2.69753844481644,-5.335089098546241
2020-11-09,1.0087223352885686,2.7409813183184992,-5.335089098546241
2020-11-10,1.0087223352885686,2.7783861393518614,-5.335089098546241
2020-11-11,1.0087223352885686,2.8043530515374973,-5.335089098546241
2020-11-12,1.0087223352885686,2.7915180281265917,-5.335089098546241
2020-11-13,1.0087223352885686,2.797930062214984,-5.335089098546241
2020-11-17,1.0087223352885686,2.8318594963298835,-5.335089098546241
2020-11-18,1.0087223352885686,2.845948142217836,-5.335089098546241
2020-11-19,1.0087223352885686,2.8093131948921055,-5.335089098546241
2020-11-20,1.0087223352885686,2.8285269570720164,-5.335089098546241
2020-11-23,1.0087223352885686,2.8433526109652383,-5.335089098546241
2020-11-24,1.0087223352885686,2.8716620099761307,-5.335089098546241
2020-11-25,1.0087223352885686,2.8283841094114206,-5.335089098546241
2020-11-26,1.0087223352885686,2.8566713831455597,-5.335089098546241
2020-11-27,1.0087223352885686,2.8527010774150487,-5.335089098546241
2020-12-01,1.0087223352885686,2.8835179361885483,-5.335089098546241
2020-12-02,1.0087223352885686,2.884551809557642,-5.335089098546241
2020-12-03,1.0087223352885686,2.8889841683978394,-5.335089098546241
2020-12-04,1.0087223352885686,2.916402541700234,-5.335089098546241
2020-12-07,1.0087223352885686,2.9377830773424436,-5.335089098546241
2020-12-08,1.0087223352885686,2.9459657779966864,-5.335089098546241
2020-12-09,1.0087223352885686,2.975913736338442,-5.335089098546241
2020-12-10,1.0087223352885686,2.9647396123436653,-5.335089098546241
2020-12-11,1.0087223352885686,2.9725592866123334,-5.335089098546241
2020-12-14,1.0087223352885686,2.9823038599585923,-5.335089098546241
2020-12-15,1.0087223352885686,2.9844373381015035,-5.335089098546241
2020-12-16,1.0087223352885686,3.009700322792745,-5.335089098546241
2020-12-17,1.0087223352885686,3.0224582299477807,-5.335089098546241
2020-12-18,1.0087223352885686,3.026824427766228,-5.335089098546241
2020-12-21,1.0087223352885686,2.9317671501505,-5.335089098546241
2020-12-22,1.0136930748897859,2.962100045346071,-4.868603322429321
2020-12-23,1.0136930748897859,2.9917511383240023,-4.868603322429321
2020-12-24,1.0136930748897859,3.0243388784718634,-4.868603322429321
2020-12-28,1.0136930748897859,3.051603448879542,-4.868603322429321
2020-12-29,1.0136930748897859,3.0646691766325227,-4.868603322429321
2020-12-30,1.0136930748897859,3.0755245247952336,-4.868603322429321
2020-12-31,1.0136930748897859,3.0754804890502383,-4.868603322429321
2021-01-01,1.0136930748897859,3.0835641629803683,-4.868603322429321
2021-01-04,1.0136930748897859,3.108728120947498,-4.868603322429321
2021-01-05,1.0136930748897859,3.123377631860737,-4.868603322429321
2021-01-06,1.0136930748897859,3.111664553308916,-4.868603322429321
2021-01-07,1.0136930748897859,3.109706788528962,-4.868603322429321
2021-01-08,1.0136930748897859,3.1558773005186067,-4.868603322429321
2021-01-11,1.0136930748897859,3.186122339032699,-4.868603322429321
2021-01-12,1.0136930748897859,3.2034335422202855,-4.868603322429321
2021-01-13,1.0136930748897859,3.2037413628182305,-4.868603322429321
2021-01-14,1.0136930748897859,3.2105052532495635,-4.868603322429321
2021-01-15,1.0136930748897859,3.1748932240588053,-4.868603322429321
2021-01-18,1.0136930748897859,3.141370637265963,-4.868603322429321
2021-01-19,1.0136930748897859,3.19412911151547,-4.868603322429321
2021-01-20,1.0136930748897859,3.2213056104331574,-4.868603322429321
2021-01-21,1.0136930748897859,3.2093504426881165,-4.868603322429321
2021-01-22,1.0136930748897859,3.1612994969829016,-4.868603322429321
2021-01-25,1.0136930748897859,3.132044296092907,-4.868603322429321
2021-01-27,1.0136930748897859,3.0723460032405963,-4.868603322429321
2021-01-28,1.0136930748897859,3.0393623710047986,-4.868603322429321
2021-01-29,1.0136930748897859,2.9991199295256186,-4.868603322429321
2021-02-01,1.0136930748897859,3.141348726797722,-4.868603322429321
2021-02-02,1.0136930748897859,3.221998367884919,-4.868603322429321
2021-02-03,1.0136930748897859,3.2532553692998625,-4.868603322429321
2021-02-04,1.0136930748897859,3.2765055982320344,-4.868603322429321
2021-02-05,1.0136930748897859,3.2827964803195604,-4.868603322429321
2021-02-08,1.0136930748897859,3.324930525556944,-4.868603322429321
2021-02-09,1.0136930748897859,3.3235007600999142,-4.868603322429321
2021-02-10,1.0136930748897859,3.3228849040955115,-4.868603322429321
2021-02-11,1.0136930748897859,3.3375784507537465,-4.868603322429321
2021-02-12,1.0136930748897859,3.3353788115890852,-4.868603322429321
2021-02-15,1.0136930748897859,3.368681434465462,-4.868603322429321
2021-02-16,1.0136930748897859,3.368406479569879,-4.868603322429321
2021-02-17,1.0136930748897859,3.3454092950650485,-4.868603322429321
2021-02-18,1.0136930748897859,3.3256234978172183,-4.868603322429321
2021-02-19,1.0136930748897859,3.295444405516364,-4.868603322429321
2021-02-22,1.0136930748897859,3.2281244918436087,-4.868603322429321
2021-02-23,1.0065602651805028,3.235185247638767,-5.537991489999872
2021-02-24,1.0065602651805028,3.295499396495481,-5.537991489999872
2021-02-25,1.0065602651805028,3.3208721483364436,-5.537991489999872
2021-02-26,1.0065602651805028,3.1958888228472015,-5.537991489999872
2021-03-01,1.0065602651805028,3.2470083081488217,-5.537991489999872
2021-03-02,1.0065602651805028,3.281663580226357,-5.537991489999872
2021-03-03,1.0065602651805028,3.353481798952547,-5.537991489999872
2021-03-04,1.0065602651805028,3.317220833246511,-5.537991489999872
2021-03-05,1.0065602651805028,3.2858428946392135,-5.537991489999872
2021-03-08,1.0065602651805028,3.289824370412358,-5.537991489999872
2021-03-09,1.0065602651805028,3.3211032822955433,-5.537991489999872
2021-03-10,1.0065602651805028,3.3379083966284475,-5.537991489999872
2021-03-12,1.0065602651805028,3.3062666731682,-5.537991489999872
2021-03-15,1.0065602651805028,3.2839512908810096,-5.537991489999872
2021-03-16,1.0065602651805028,3.2797610212340325,-5.537991489999872
2021-03-17,1.0065602651805028,3.23815476051106,-5.537991489999872
2021-03-18,1.0065602651805028,3.2022016154029695,-5.537991489999872
2021-03-19,1.0065602651805028,3.2431479843765434,-5.537991489999872
2021-03-22,1.0065602651805028,3.2414763445348056,-5.537991489999872
2021-03-23,1.0065602651805028,3.258710431466522,-5.537991489999872
2021-03-24,1.0065602651805028,3.2003430921556406,-5.537991489999872
2021-03-25,1.0065602651805028,3.1509611929089956,-5.537991489999872
2021-03-26,1.0065602651805028,3.19108248238731,-5.537991489999872
2021-03-30,1.0065602651805028,3.265386250407864,-5.537991489999872
2021-03-31,1.0065602651805028,3.2314239505906017,-5.537991489999872
2021-04-01,1.0065602651805028,3.270280447549235,-5.537991489999872
2021-04-05,1.0065602651805028,3.219787773486139,-5.537991489999872
2021-04-06,1.0065602651805028,3.229840167430343,-5.537991489999872
2021-04-07,1.0065602651805028,3.259656233345624,-5.537991489999872
2021-04-08,1.0065602651805028,3.271699257772144,-5.537991489999872
2021-04-09,1.0065602651805028,3.263131620264086,-5.537991489999872
2021-04-12,1.0065602651805028,3.147859572801716,-5.537991489999872
2021-04-13,1.0143500104889642,3.1905325725961435,-4.806952313238155
2021-04-15,1.0143500104889642,3.2073928927166766,-4.806952313238155
2021-04-16,1.0143500104889642,3.215399450390936,-4.806952313238155
2021-04-19,1.0143500104889642,3.158560903261197,-4.806952313238155
2021-04-20,1.0143500104889642,3.14469222128971,-4.806952313238155
2021-04-22,1.0143500104889642,3.168833261121867,-4.806952313238155
2021-04-23,1.0143500104889642,3.154579427488052,-4.806952313238155
2021-04-26,1.0143500104889642,3.186177330011816,-4.806952313238155
2021-04-27,1.0143500104889642,3.223142223212246,-4.806952313238155
2021-04-28,1.0143500104889642,3.2696645915448315,-4.806952313238155
2021-04-29,1.0143500104889642,3.2763406252946856,-4.806952313238155
2021-04-30,1.0143500104889642,3.2183139722841125,-4.806952313238155
2021-05-03,1.0143500104889642,3.218985034076144,-4.806952313238155
2021-05-04,1.0143500104889642,3.1887069150511773,-4.806952313238155
2021-05-05,1.0143500104889642,3.215399450390936,-4.806952313238155
2021-05-06,1.0143500104889642,3.238924634218691,-4.806952313238155
2021-05-07,1.0143500104889642,3.260558214288241,-4.806952313238155
2021-05-10,1.0143500104889642,3.286777741284193,-4.806952313238155
2021-05-11,1.0143500104889642,3.266629132459301,-4.806952313238155
2021-05-12,1.0143500104889642,3.232699698344401,-4.806952313238155
2021-05-14,1.0143500104889642,3.228586330144782,-4.806952313238155
2021-05-17,1.0143500104889642,3.282554605934853,-4.806952313238155
2021-05-18,1.0143500104889642,3.3232367604384527,-4.806952313238155
2021-05-19,1.0143500104889642,3.306090744996728,-4.806952313238155
2021-05-20,1.0143500104889642,3.2787930940781744,-4.806952313238155
2021-05-21,1.0143500104889642,3.338018378586679,-4.806952313238155
2021-05-24,1.0143500104889642,3.3429456562389253,-4.806952313238155
2021-05-25,1.0143500104889642,3.3453102683409357,-4.806952313238155
2021-05-26,1.0143500104889642,3.365766912572285,-4.806952313238155
2021-05-27,1.0143500104889642,3.3737734702465447,-4.806952313238155
2021-05-28,1.0143500104889642,3.3952861131237415,-4.806952313238155
2021-05-31,1.0143500104889642,3.4276536745466246,-4.806952313238155
2021-06-01,1.0143500104889642,3.4259049184490165,-4.806952313238155
2021-06-02,1.0143500104889642,3.4262019986213526,-4.806952313238155
2021-06-03,1.0143500104889642,3.451310750800854,-4.806952313238155
2021-06-04,1.0143500104889642,3.4468895620032893,-4.806952313238155
2021-06-07,1.0143500104889642,3.4647947107270367,-4.806952313238155
2021-06-08,1.0143500104889642,3.4622539556450436,-4.806952313238155
2021-06-09,1.0143500104889642,3.439212735395217,-4.806952313238155
2021-06-10,1.0143500104889642,3.461737126364753,-4.806952313238155
2021-06-11,1.0143500104889642,3.4752868176956615,-4.806952313238155
2021-06-14,1.0143500104889642,3.4780363666514877,-4.806952313238155
2021-06-15,1.0143500104889642,3.490662381380048,-4.806952313238155
2021-06-16,1.0143500104889642,3.4682920081137407,-4.806952313238155
2021-06-17,1.0143500104889642,3.4515418847599526,-4.806952313238155
2021-06-18,1.0143500104889642,3.4497710033855906,-4.806952313238155
2021-06-21,1.0143500104889642,3.4636618106338313,-4.806952313238155
2021-06-22,1.0143500104889642,3.4694358634410674,-4.806952313238155
2021-06-23,1.0143500104889642,3.4505630023699765,-4.806952313238155
2021-06-24,1.0143500104889642,3.4733292677242207,-4.806952313238155
2021-06-25,1.0143500104889642,3.4887046166000957,-4.806952313238155
2021-06-28,1.0143500104889642,3.4786633926985244,-4.806952313238155
2021-06-29,1.0143500104889642,3.4640907832326433,-4.806952313238155
2021-06-30,1.0143500104889642,3.458162712722179,-4.806952313238155
2021-07-01,1.0143500104889642,3.4490342101888345,-4.806952313238155
2021-07-02,1.0143500104889642,3.4583167304254077,-4.806952313238155
2021-07-05,1.0143500104889642,3.482985554771976,-4.806952313238155
2021-07-06,1.0143500104889642,3.4794442216402763,-4.806952313238155
2021-07-07,1.0143500104889642,3.492950092034701,-4.806952313238155
2021-07-08,1.0143500104889642,3.459570567710967,-4.806952313238155
2021-07-09,1.0143500104889642,3.4511898136085004,-4.806952313238155
2021-07-12,1.0143500104889642,3.4518056696129036,-4.806952313238155
2021-07-13,1.0143500104889642,3.4781463486097217,-4.806952313238155
2021-07-14,1.0143500104889642,3.4872969764198194,-4.806952313238155
2021-07-15,1.0143500104889642,3.5027494415515648,-4.806952313238155
2021-07-16,1.0143500104889642,3.502573513380094,-4.806952313238155
2021-07-19,1.0143500104889642,3.464959683664387,-4.806952313238155
2021-07-20,1.0143500104889642,3.438497852666702,-4.806952313238155
2021-07-22,1.0143500104889642,3.480719969394077,-4.806952313238155
2021-07-23,1.0143500104889642,3.4877588147209933,-4.806952313238155
2021-07-26,1.0143500104889642,3.4808080408840687,-4.806952313238155
2021-07-27,1.0143500104889642,3.463650855399711,-4.806952313238155
2021-07-28,1.0143500104889642,3.4555012352563432,-4.806952313238155
2021-07-29,1.0143500104889642,3.4706897007266266,-4.806952313238155
2021-07-30,1.0143500104889642,3.4673021704896434,-4.806952313238155
2021-08-02,1.0143500104889642,3.4941598935752647,-4.806952313238155
2021-08-03,1.0143500104889642,3.54818294553594,-4.806952313238155
2021-08-04,1.0143500104889642,3.576349282077725,-4.806952313238155
2021-08-05,1.0143500104889642,3.58422394732551,-4.806952313238155
2021-08-06,1.0143500104889642,3.571818111321928,-4.806952313238155
2021-08-09,1.0143500104889642,3.576228344885372,-4.806952313238155
2021-08-10,1.0143500104889642,3.5810344705367516,-4.806952313238155
2021-08-11,1.0143500104889642,3.5815074788805585,-4.806952313238155
2021-08-12,1.0143500104889642,3.599577600541655,-4.806952313238155
2021-08-13,1.0143500104889642,3.635805485736816,-4.806952313238155
2021-08-16,1.0143500104889642,3.6432735184710556,-4.806952313238155
2021-08-17,1.0143500104889642,3.6546124005946696,-4.806952313238155
2021-08-18,1.0143500104889642,3.6445490514163446,-4.806952313238155
2021-08-20,1.0143500104889642,3.6185164078259833,-4.806952313238155
2021-08-23,1.0143500104889642,3.6286235779407914,-4.806952313238155
2021-08-24,1.0143500104889642,3.65681203975933,-4.806952313238155
2021-08-25,1.0143500104889642,3.6590228489666243,-4.806952313238155
2021-08-26,1.0143500104889642,3.659517767778673,-4.806952313238155
2021-08-27,1.0143500104889642,3.674541045503095,-4.806952313238155
2021-08-30,1.0143500104889642,3.724220239730589,-4.806952313238155
2021-08-31,1.0143500104889642,3.768465637834131,-4.806952313238155
2021-09-01,1.0143500104889642,3.756158828554661,-4.806952313238155
2021-09-02,1.0143500104889642,3.7908912168880664,-4.806952313238155
2021-09-03,1.0143500104889642,3.810566817369151,-4.806952313238155
2021-09-06,1.0143500104889642,3.82248911941183,-4.806952313238155
2021-09-07,1.0143500104889642,3.819035428153097,-4.806952313238155
2021-09-08,1.0143500104889642,3.817143824394893,-4.806952313238155
2021-09-09,1.0143500104889642,3.8206082560792347,-4.806952313238155
2021-09-13,1.0143500104889642,3.817539931291342,-4.806952313238155
2021-09-14,1.0143500104889642,3.8229728681812456,-4.806952313238155
2021-09-15,1.0143500104889642,3.8536466644856366,-4.806952313238155
2021-09-16,1.0143500104889642,3.8778538653395436,-4.806952313238155
2021-09-17,1.0143500104889642,3.868098551567676,-4.806952313238155
2021-09-20,1.0143500104889642,3.826690344292928,-4.806952313238155
2021-09-21,1.0143500104889642,3.86300630097808,-4.806952313238155
2021-09-22,1.0143500104889642,3.85962994078373,-4.806952313238155
2021-09-23,1.0143500104889642,3.920405713133105,-4.806952313238155
2021-09-24,1.0143500104889642,3.9270596216062055,-4.806952313238155
2021-09-27,1.0143500104889642,3.927477638970896,-4.806952313238155
2021-09-28,1.0143500104889642,3.9040514818672536,-4.806952313238155
2021-09-29,1.0143500104889642,3.8958470855532816,-4.806952313238155
2021-09-30,1.0143500104889642,3.875357360811057,-4.806952313238155
2021-10-01,1.0143500104889642,3.856418553526729,-4.806952313238155
2021-10-04,1.0143500104889642,3.891436637181326,-4.806952313238155
2021-10-05,1.0143500104889642,3.920263080281021,-4.806952313238155
2021-10-06,1.0143500104889642,3.8814832699612336,-4.806952313238155
2021-10-07,1.0143500104889642,3.9132349753797135,-4.806952313238155
2021-10-08,1.0143500104889642,3.936298106097782,-4.806952313238155
2021-10-11,1.0143500104889642,3.947461274858438,-4.806952313238155
2021-10-12,1.0143500104889642,3.9575796150158795,-4.806952313238155
2021-10-13,1.0143500104889642,3.994929659878637,-4.806952313238155
2021-10-14,1.0143500104889642,4.033819452156657,-4.806952313238155
2021-10-18,1.0143500104889642,4.064284454587216,-4.806952313238155
2021-10-19,1.0143500104889642,4.051460386410431,-4.806952313238155
2021-10-20,1.0143500104889642,4.017992790596706,-4.806952313238155
2021-10-21,1.0143500104889642,3.9985259839894542,-4.806952313238155
2021-10-22,1.0143500104889642,3.9846244363156047,-4.806952313238155
2021-10-25,1.0143500104889642,3.9869340574384986,-4.806952313238155
2021-10-26,1.0143500104889642,4.018388897493154,-4.806952313238155
2021-10-27,1.0143500104889642,4.005751712721961,-4.806952313238155
2021-10-28,1.0143500104889642,3.9279506473147023,-4.806952313238155
2021-10-29,1.0143500104889642,3.887125430341994,-4.806952313238155
2021-11-01,1.0143500104889642,3.943876120790254,-4.806952313238155
2021-11-02,1.0143500104889642,3.9349233316198684,-4.806952313238155
2021-11-03,1.0143500104889642,3.921780487611018,-4.806952313238155
2021-11-04,1.0143500104889642,3.94104967038707,-4.806952313238155
2021-11-08,1.0143500104889642,3.9744291947108046,-4.806952313238155
2021-11-09,1.0143500104889642,3.969083899693868,-4.806952313238155
2021-11-10,1.0143500104889642,3.96313370390665,-4.806952313238155
2021-11-11,1.0143500104889642,3.931546971425519,-4.806952313238155
2021-11-12,1.0143500104889642,3.981951788807136,-4.806952313238155
2021-11-15,1.0143500104889642,3.983425375200649,-4.806952313238155
2021-11-16,1.0143500104889642,3.9591743534102593,-4.806952313238155
2021-11-17,1.0143500104889642,3.9370572393798047,-4.806952313238155
2021-11-18,1.0143500104889642,3.9076151550842186,-4.806952313238155
2021-11-22,1.0143500104889642,3.831012721174891,-4.806952313238155
2021-11-23,1.0143500104889642,3.850105331353936,-4.806952313238155
2021-11-24,1.0143500104889642,3.830682775300192,-4.806952313238155
2021-11-25,1.0143500104889642,3.8573422301290767,-4.806952313238155
2021-11-26,1.0143500104889642,3.745204453667837,-4.806952313238155
2021-11-29,1.0122111935367801,3.7512534613706547,-5.00767248085009
2021-11-30,1.0122111935367801,3.7356910142806763,-5.00767248085009
2021-12-01,1.0122111935367801,3.7760986435057178,-5.00767248085009
2021-12-02,1.0122111935367801,3.82773517289614,-5.00767248085009
2021-12-03,1.0122111935367801,3.7826533104461935,-5.00767248085009
2021-12-06,1.0122111935367801,3.720084746254214,-5.00767248085009
2021-12-07,1.0122111935367801,3.778254032116871,-5.00767248085009
2021-12-08,1.0122111935367801,3.842714629684078,-5.00767248085009
2021-12-09,1.0122111935367801,3.8530748442262275,-5.00767248085009
2021-12-10,1.0122111935367801,3.851854302260055,-5.00767248085009
2021-12-13,1.0122111935367801,3.8203882921627663,-5.00767248085009
2021-12-14,1.0122111935367801,3.8108529423073647,-5.00767248085009
2021-12-15,1.0122111935367801,3.7880866769531205,-5.00767248085009
2021-12-16,1.0122111935367801,3.7940257026977062,-5.00767248085009
2021-12-17,1.0122111935367801,3.7361309421136077,-5.00767248085009
2021-12-20,1.0122111935367801,3.6545243291046754,-5.00767248085009
2021-12-21,1.010047925644784,3.688981762542499,-5.210687279955528
2021-12-22,1.010047925644784,3.7295870155987405,-5.210687279955528
2021-12-23,1.010047925644784,3.7553558743361517,-5.210687279955528
2021-12-24,1.010047925644784,3.7402114446108636,-5.210687279955528
2021-12-27,1.010047925644784,3.758358467719319,-5.210687279955528
2021-12-28,1.010047925644784,3.7906931634398395,-5.210687279955528
2021-12-29,1.010047925644784,3.786370786557875,-5.210687279955528
2021-12-30,1.010047925644784,3.7842480488405723,-5.210687279955528
2021-12-31,1.010047925644784,3.817264976395757,-5.210687279955528
2022-01-03,1.010047925644784,3.8770178306101597,-5.210687279955528
2022-01-04,1.010047925644784,3.9165125236584624,-5.210687279955528
2022-01-05,1.010047925644784,3.9429081936343975,-5.210687279955528
2022-01-06,1.010047925644784,3.903457751139603,-5.210687279955528
2022-01-07,1.010047925644784,3.918151082989325,-5.210687279955528
2022-01-10,1.010047925644784,3.960076549161388,-5.210687279955528
2022-01-11,1.010047925644784,3.971613484733226,-5.210687279955528
2022-01-12,1.010047925644784,4.006059748128416,-5.210687279955528
2022-01-13,1.010047925644784,4.016057365902016,-5.210687279955528
2022-01-14,1.010047925644784,4.015606268026451,-5.210687279955528
2022-01-17,1.010047925644784,4.0271212931300475,-5.210687279955528
2022-01-18,1.010047925644784,3.9842175889935443,-5.210687279955528
2022-01-19,1.010047925644784,3.945800805059331,-5.210687279955528
2022-01-20,1.010047925644784,3.905899264688971,-5.210687279955528
2022-01-21,1.010047925644784,3.8751373968945884,-5.210687279955528
2022-01-24,1.010047925644784,3.7721831139458093,-5.210687279955528
2022-01-25,1.0244484300105183,3.8005253786590645,-3.8592524846426612
2022-01-27,1.0244484300105183,3.7636156912462635,-3.8592524846426612
2022-01-28,1.0244484300105183,3.761811729361027,-3.8592524846426612
2022-01-31,1.0244484300105183,3.814141231011723,-3.8592524846426612
2022-02-01,1.0244484300105183,3.8662726792141946,-3.8592524846426612
2022-02-02,1.0244484300105183,3.910958434767693,-3.8592524846426612
2022-02-03,1.0244484300105183,3.8626101940816286,-3.8592524846426612
2022-02-04,1.0244484300105183,3.852954121842385,-3.8592524846426612
2022-02-07,1.0244484300105183,3.7863707865578746,-3.8592524846426612
2022-02-08,1.0244484300105183,3.7980619546414536,-3.8592524846426612
2022-02-09,1.0244484300105183,3.841406016227913,-3.8592524846426612
2022-02-10,1.0244484300105183,3.872651632791711,-3.8592524846426612
2022-02-11,1.0244484300105183,3.821818057619794,-3.8592524846426612
2022-02-14,1.0244484300105183,3.704808424102449,-3.8592524846426612
2022-02-15,1.0477607592299607,3.8169126904357897,-1.6714754410892985
2022-02-16,1.0477607592299607,3.8102587819626894,-1.6714754410892985
2022-02-17,1.0477607592299607,3.806387502956291,-1.6714754410892985
2022-02-18,1.0477607592299607,3.800162781890514,-1.6714754410892985
2022-02-21,1.0477607592299607,3.7848422091852436,-1.6714754410892985
2022-02-22,1.0477607592299607,3.759667081175481,-1.6714754410892985
2022-02-23,1.0477607592299607,3.7532992976405963,-1.6714754410892985
2022-02-24,1.0477607592299607,3.5739627595074674,-1.6714754410892985
2022-02-25,1.0477607592299607,3.6642469919826905,-1.6714754410892985
2022-02-28,1.0477607592299607,3.6940521026638504,-1.6714754410892985
2022-03-02,1.0477607592299607,3.6527096267938277,-1.6714754410892985
2022-03-03,1.0477607592299607,3.6289758639007523,-1.6714754410892985
2022-03-04,1.0477607592299607,3.573390724439548,-1.6714754410892985
2022-03-07,1.0477607592299607,3.4893206874130054,-1.6714754410892985
2022-03-08,1.063343333843848,3.522381221096161,-0.2091076657025126
2022-03-09,1.063343333843848,3.5953871160861604,-0.2091076657025126
2022-03-10,1.063343333843848,3.6502792832870914,-0.2091076657025126
2022-03-11,1.063343333843848,3.6580987427472476,-0.2091076657025126
2022-03-14,1.063343333843848,3.711077395721733,-0.2091076657025126
2022-03-15,1.063343333843848,3.6652587400750294,-0.2091076657025126
2022-03-16,1.063343333843848,3.7339643834598184,-0.2091076657025126
2022-03-17,1.063343333843848,3.802527393992524,-0.2091076657025126
2022-03-21,1.063343333843848,3.7652542505771245,-0.2091076657025126
2022-03-22,1.063343333843848,3.8087851955691754,-0.2091076657025126
2022-03-23,1.063343333843848,3.793420801927421,-0.2091076657025126
2022-03-24,1.063343333843848,3.788383542316942,-0.2091076657025126
2022-03-25,1.063343333843848,3.77304105914343,-0.2091076657025126
2022-03-28,1.063343333843848,3.7882185693795924,-0.2091076657025126
2022-03-29,1.063343333843848,3.8109410137973527,-0.2091076657025126
2022-03-30,1.063343333843848,3.848983601303359,-0.2091076657025126
2022-03-31,1.063343333843848,3.841614810101744,-0.2091076657025126
2022-04-01,1.063343333843848,3.8868612158720164,-0.2091076657025126
2022-04-04,1.063343333843848,3.9710966554529334,-0.2091076657025126
2022-04-05,1.063343333843848,3.9499801194721855,-0.2091076657025126
2022-04-06,1.063343333843848,3.9170405229813836,-0.2091076657025126
2022-04-07,1.063343333843848,3.880064674546833,-0.2091076657025126
2022-04-08,1.063343333843848,3.9119151918809134,-0.2091076657025126
2022-04-11,1.063343333843848,3.887851053496114,-0.2091076657025126
2022-04-12,1.063343333843848,3.856033616672909,-0.2091076657025126
2022-04-13,1.063343333843848,3.84401250271463,-0.2091076657025126
2022-04-18,1.063343333843848,3.777583399941861,-0.2091076657025126
2022-04-19,1.063343333843848,3.730291157901644,-0.2091076657025126
2022-04-20,1.063343333843848,3.7694228245643724,-0.2091076657025126
2022-04-21,1.063343333843848,3.825744327605309,-0.2091076657025126
2022-04-22,1.063343333843848,3.777209203513654,-0.2091076657025126
2022-04-25,1.063343333843848,3.729257069724039,-0.2091076657025126
2022-04-26,1.063343333843848,3.7835555061973216,-0.2091076657025126
2022-04-27,1.063343333843848,3.747833280239818,-0.2091076657025126
2022-04-28,1.063343333843848,3.7932889095009474,-0.2091076657025126
2022-04-29,1.063343333843848,3.761944051404525,-0.2091076657025126
2022-05-02,1.063343333843848,3.7545860006285183,-0.2091076657025126
2022-05-04,1.063343333843848,3.6684701273320304,-0.2091076657025126
2022-05-05,1.0503591160715142,3.669581116956994,-1.4276291314648692
2022-05-06,1.0503591160715142,3.609882824104683,-1.4276291314648692
2022-05-09,1.0503591160715142,3.585818685719884,-1.4276291314648692
2022-05-10,1.0503591160715142,3.57222495864398,-1.4276291314648692
2022-05-11,1.0503591160715142,3.556178547976074,-1.4276291314648692
2022-05-12,1.0503591160715142,3.4771895914964936,-1.4276291314648692
2022-05-13,1.0503591160715142,3.471503610179249,-1.4276291314648692
2022-05-16,1.0503591160715142,3.4847343108695794,-1.4276291314648692
2022-05-17,1.0503591160715142,3.5764592640359534,-1.4276291314648692
2022-05-18,1.0503591160715142,3.572279949623097,-1.4276291314648692
2022-05-19,1.0503591160715142,3.4774976269029514,-1.4276291314648692
2022-05-20,1.0628152963139497,3.577966145748854,-0.25866206136894165
2022-05-23,1.0628152963139497,3.5666489592849695,-0.25866206136894165
2022-05-24,1.0628152963139497,3.5469512335271305,-0.25866206136894165
2022-05-25,1.0628152963139497,3.5250976895411137,-0.25866206136894165
2022-05-26,1.0628152963139497,3.556849609768106,-0.25866206136894165
2022-05-27,1.0628152963139497,3.596948988778178,-0.25866206136894165
2022-05-30,1.0628152963139497,3.6649068837320895,-0.25866206136894165
2022-05-31,1.0628152963139497,3.648002742675073,-0.25866206136894165
2022-06-01,1.0628152963139497,3.6344088007906565,-0.25866206136894165
2022-06-02,1.0628152963139497,3.6575600029987156,-0.25866206136894165
2022-06-03,1.0628152963139497,3.647947751695956,-0.25866206136894165
2022-06-06,1.0628152963139497,3.644703283928081,-0.25866206136894165
2022-06-07,1.0628152963139497,3.6110045541552562,-0.25866206136894165
2022-06-08,1.0628152963139497,3.597784808699047,-0.25866206136894165
2022-06-09,1.0628152963139497,3.6245873259970396,-0.25866206136894165
2022-06-10,1.0628152963139497,3.5638113388391517,-0.25866206136894165
2022-06-13,1.0628152963139497,3.469798889826637,-0.25866206136894165
2022-06-14,1.0646122425418738,3.4604942443133107,-0.09002521393314256
2022-06-15,1.0646122425418738,3.4517068576972987,-0.09002521393314256
2022-06-16,1.0646122425418738,3.378777649346145,-0.09002521393314256
2022-06-17,1.0646122425418738,3.364018156474673,-0.09002521393314256
2022-06-20,1.0646122425418738,3.3764791982658835,-0.09002521393314256
2022-06-21,1.0646122425418738,3.439971653868723,-0.09002521393314256
2022-06-22,1.0646122425418738,3.3903697907056123,-0.09002521393314256
2022-06-23,1.0646122425418738,3.4219017470161384,-0.09002521393314256
2022-06-24,1.0646122425418738,3.453268515580803,-0.09002521393314256
2022-06-27,1.0646122425418738,3.4824796807258016,-0.09002521393314256
2022-06-28,1.0646122425418738,3.4864721117330664,-0.09002521393314256
2022-06-29,1.0646122425418738,3.47523182671654,-0.09002521393314256
2022-06-30,1.0646122425418738,3.4710855928145583,-0.09002521393314256
2022-07-01,1.0646122425418738,3.464882567408511,-0.09002521393314256
2022-07-04,1.0646122425418738,3.4832055186884365,-0.09002521393314256
2022-07-05,1.0646122425418738,3.4778164027350167,-0.09002521393314256
2022-07-06,1.0646122425418738,3.517178988548332,-0.09002521393314256
2022-07-07,1.0646122425418738,3.5486559538797415,-0.09002521393314256
2022-07-08,1.0646122425418738,3.567946617507011,-0.09002521393314256
2022-07-11,1.0646122425418738,3.5669348694146716,-0.09002521393314256
2022-07-12,1.0646122425418738,3.5322465168262616,-0.09002521393314256
2022-07-13,1.0646122425418738,3.5120869527672487,-0.09002521393314256
2022-07-14,1.0646122425418738,3.5059279631061973,-0.09002521393314256
2022-07-15,1.0646122425418738,3.530244931109825,-0.09002521393314256
2022-07-18,1.0646122425418738,3.580682614193805,-0.09002521393314256
2022-07-19,1.0646122425418738,3.5943313322488253,-0.09002521393314256
2022-07-20,1.0646122425418738,3.633990783425965,-0.09002521393314256
2022-07-21,1.0646122425418738,3.6525558238991107,-0.09002521393314256
2022-07-22,1.0646122425418738,3.6776755313127327,-0.09002521393314256
2022-07-25,1.0646122425418738,3.6582198947481137,-0.09002521393314256
2022-07-26,1.0646122425418738,3.6258521185167183,-0.09002521393314256
2022-07-27,1.0646122425418738,3.6605956768927568,-0.09002521393314256
2022-07-28,1.0646122425418738,3.723901034281493,-0.09002521393314256
2022-07-29,1.0646122425418738,3.774195869704877,-0.09002521393314256
2022-08-01,1.0646122425418738,3.8141854815652283,-0.09002521393314256
2022-08-02,1.0646122425418738,3.815372943020526,-0.09002521393314256
2022-08-03,1.0646122425418738,3.8247656600238438,-0.09002521393314256
2022-08-04,1.0646122425418738,3.823412796014172,-0.09002521393314256
2022-08-05,1.0646122425418738,3.826822236719397,-0.09002521393314256
2022-08-08,1.0646122425418738,3.8548895465370694,-0.09002521393314256
2022-08-10,1.0646122425418738,3.8570122842543726,-0.09002521393314256
2022-08-11,1.0646122425418738,3.8843428008752885,-0.09002521393314256
2022-08-12,1.0646122425418738,3.8929544741283424,-0.09002521393314256
2022-08-16,1.0646122425418738,3.920911801987782,-0.09002521393314256
2022-08-17,1.0646122425418738,3.947087508047251,-0.09002521393314256
2022-08-18,1.0646122425418738,3.9497820660239618,-0.09002521393314256
2022-08-19,1.0646122425418738,3.906218040521036,-0.09002521393314256
2022-08-22,1.0646122425418738,3.847322701887231,-0.09002521393314256
2022-08-23,1.0646122425418738,3.8664157416833005,-0.09002521393314256
2022-08-24,1.0646122425418738,3.872453579343486,-0.09002521393314256
2022-08-25,1.0646122425418738,3.8543065562350307,-0.09002521393314256
2022-08-26,1.0646122425418738,3.8623244987604357,-0.09002521393314256
2022-08-29,1.0646122425418738,3.808213375309769,-0.09002521393314256
2022-08-30,1.0646122425418738,3.906405353543651,-0.09002521393314256
2022-09-01,1.0646122425418738,3.858783165628735,-0.09002521393314256
2022-09-02,1.0646122425418738,3.858045942814954,-0.09002521393314256
2022-09-05,1.0646122425418738,3.885838727354068,-0.09002521393314256
2022-09-06,1.0646122425418738,3.8835948376358993,-0.09002521393314256
2022-09-07,1.0646122425418738,3.876732135288966,-0.09002521393314256
2022-09-08,1.0646122425418738,3.9150827582014296,-0.09002521393314256
2022-09-09,1.0646122425418738,3.9226934237877527,-0.09002521393314256
2022-09-12,1.0646122425418738,3.9453497071837638,-0.09002521393314256
2022-09-13,1.0646122425418738,3.9747591405854994,-0.09002521393314256
2022-09-14,1.0646122425418738,3.9601753610769856,-0.09002521393314256
2022-09-15,1.0646122425418738,3.932383006154896,-0.09002521393314256
2022-09-16,1.0646122425418738,3.8561543390567508,-0.09002521393314256
2022-09-19,1.0646122425418738,3.876259126945159,-0.09002521393314256
2022-09-20,1.0646122425418738,3.918932126739587,-0.09002521393314256
2022-09-21,1.0646122425418738,3.897397573394149,-0.09002521393314256
2022-09-22,1.0646122425418738,3.877920026361288,-0.09002521393314256
2022-09-23,1.0646122425418738,3.811391682055894,-0.09002521393314256
2022-09-26,1.0646122425418738,3.7429721636093207,-0.09002521393314256
2022-09-27,1.0646122425418738,3.741014398829367,-0.09002521393314256
2022-09-28,1.0646122425418738,3.7082835962123983,-0.09002521393314256
2022-09-29,1.0646122425418738,3.6993750575955207,-0.09002521393314256
2022-09-30,1.0646122425418738,3.7601400895192874,-0.09002521393314256
2022-10-03,1.0646122425418738,3.7146075588108,-0.09002521393314256
2022-10-04,1.0646122425418738,3.7997228540575816,-0.09002521393314256
2022-10-06,1.0646122425418738,3.8123707792543837,-0.09002521393314256
2022-10-07,1.0646122425418738,3.8085983121635847,-0.09002521393314256
2022-10-10,1.0646122425418738,3.7923978837924497,-0.09002521393314256
2022-10-11,1.0646122425418738,3.735768345345056,-0.09002521393314256
2022-10-12,1.0646122425418738,3.7665740340759215,-0.09002521393314256
2022-10-13,1.0646122425418738,3.7425429762019977,-0.09002521393314256
2022-10-14,1.0646122425418738,3.7802337073650634,-0.09002521393314256
2022-10-17,1.0646122425418738,3.807971500925061,-0.09002521393314256
2022-10-18,1.0646122425418738,3.846497837200483,-0.09002521393314256
2022-10-19,1.0646122425418738,3.852063096133886,-0.09002521393314256
2022-10-20,1.0646122425418738,3.8634350587683746,-0.09002521393314256
2022-10-21,1.0646122425418738,3.866151956830351,-0.09002521393314256
2022-10-24,1.0646122425418738,3.900125211881734,-0.09002521393314256
2022-10-25,1.0646122425418738,3.8837598105732494,-0.09002521393314256
2022-10-27,1.0646122425418738,3.9014888163170136,-0.09002521393314256
2022-10-28,1.0646122425418738,3.91245436124647,-0.09002521393314256
2022-10-31,1.0646122425418738,3.962033884324315,-0.09002521393314256
2022-11-01,1.0646122425418738,3.9913333357678176,-0.09002521393314256
2022-11-02,1.0646122425418738,3.9775744209460515,-0.09002521393314256
2022-11-03,1.0646122425418738,3.970942422941193,-0.09002521393314256
2022-11-04,1.0646122425418738,3.9851193551276496,-0.09002521393314256
2022-11-07,1.0646122425418738,4.003959350496378,-0.09002521393314256
2022-11-09,1.0646122425418738,3.993884831275419,-0.09002521393314256
2022-11-10,1.0646122425418738,3.965553306987773,-0.09002521393314256
2022-11-11,1.0646122425418738,4.0362717061316316,-0.09002521393314256
2022-11-14,1.0646122425418738,4.0317517054184675,-0.09002521393314256
2022-11-15,1.0646122425418738,4.048084026216077,-0.09002521393314256
2022-11-16,1.0646122425418738,4.04945880069399,-0.09002521393314256
2022-11-17,1.0646122425418738,4.034996173186342,-0.09002521393314256
2022-11-18,1.0646122425418738,4.027022481214445,-0.09002521393314256
2022-11-21,1.0646122425418738,3.9945335529821837,-0.09002521393314256
2022-11-22,1.0646122425418738,4.013065512944455,-0.09002521393314256
2022-11-23,1.0646122425418738,4.018135853065809,-0.09002521393314256
2022-11-24,1.0646122425418738,4.065834942428084,-0.09002521393314256
2022-11-25,1.0646122425418738,4.072136994558243,-0.09002521393314256
2022-11-28,1.0646122425418738,4.083135190381549,-0.09002521393314256
2022-11-29,1.0646122425418738,4.095299366808935,-0.09002521393314256
2022-11-30,1.0646122425418738,4.126160046518918,-0.09002521393314256
2022-12-01,1.0646122425418738,4.138071178518964,-0.09002521393314256
2022-12-02,1.0646122425418738,4.112467292718902,-0.09002521393314256
2022-12-05,1.0646122425418738,4.113556371875624,-0.09002521393314256
2022-12-06,1.0646122425418738,4.100732303698838,-0.09002521393314256
2022-12-07,1.0646122425418738,4.0826402715695,-0.09002521393314256
2022-12-08,1.0646122425418738,4.093385422965465,-0.09002521393314256
2022-12-09,1.0646122425418738,4.068584491383909,-0.09002521393314256
2022-12-12,1.0646122425418738,4.068705643384775,-0.09002521393314256
2022-12-13,1.0646122425418738,4.09308855760164,-0.09002521393314256
2022-12-14,1.0646122425418738,4.1045928422796285,-0.09002521393314256
2022-12-15,1.0646122425418738,4.050613611255437,-0.09002521393314256
2022-12-16,1.0646122425418738,4.0185207899196245,-0.09002521393314256
2022-12-19,1.0646122425418738,4.051834153221609,-0.09002521393314256
2022-12-20,1.0646122425418738,4.044102765251444,-0.09002521393314256
2022-12-21,1.0646122425418738,4.003145226235238,-0.09002521393314256
2022-12-22,1.0646122425418738,3.9873628152287934,-0.09002521393314256
2022-12-23,1.0646122425418738,3.916853639575792,-0.09002521393314256
2022-12-26,1.0646122425418738,3.9625618836472376,-0.09002521393314256
2022-12-27,1.0646122425418738,3.988451894385515,-0.09002521393314256
2022-12-28,1.0646122425418738,3.986296076157337,-0.09002521393314256
2022-12-29,1.0646122425418738,4.001363604435267,-0.09002521393314256
2022-12-30,1.0646122425418738,3.9825128686409297,-0.09002521393314256
2023-01-02,1.0646122425418738,4.002782199849663,-0.09002521393314256
2023-01-03,1.0646122425418738,4.010503277011243,-0.09002521393314256
2023-01-04,1.0646122425418738,3.968797774755646,-0.09002521393314256
2023-01-05,1.0646122425418738,3.957623865569382,-0.09002521393314256
2023-01-06,1.0646122425418738,3.928434396084113,-0.09002521393314256
2023-01-09,1.0646122425418738,3.9816106728897984,-0.09002521393314256
2023-01-10,1.0646122425418738,3.9404666800850245,-0.09002521393314256
2023-01-11,1.0646122425418738,3.9364080880560097,-0.09002521393314256
2023-01-12,1.0646122425418738,3.92815944118853,-0.09002521393314256
2023-01-13,1.0646122425418738,3.9498039764922015,-0.09002521393314256
2023-01-16,1.0646122425418738,3.9362212046504186,-0.09002521393314256
2023-01-17,1.0646122425418738,3.971074744984691,-0.09002521393314256
2023-01-18,1.0646122425418738,3.9957214440545052,-0.09002521393314256
2023-01-19,1.0646122425418738,3.983073518857703,-0.09002521393314256
2023-01-20,1.0646122425418738,3.9654325846039296,-0.09002521393314256
2023-01-23,1.0646122425418738,3.9854273905341056,-0.09002521393314256
2023-01-24,1.0646122425418738,3.985372399554989,-0.09002521393314256
2023-01-25,1.0646122425418738,3.935583223369262,-0.09002521393314256
2023-01-27,1.0646122425418738,3.87232168691701,-0.09002521393314256
2023-01-30,1.0646122425418738,3.8821319916679946,-0.09002521393314256
2023-01-31,1.0646122425418738,3.885035773135562,-0.09002521393314256
2023-02-01,1.0646122425418738,3.874950513488995,-0.09002521393314256
2023-02-02,1.0646122425418738,3.8736526404584404,-0.09002521393314256
2023-02-03,1.0646122425418738,3.9272469346288164,-0.09002521393314256
2023-02-06,1.0646122425418738,3.9075709045307065,-0.09002521393314256
2023-02-07,1.0646122425418738,3.8980905456544215,-0.09002521393314256
2023-02-08,1.0646122425418738,3.9311289540608234,-0.09002521393314256
2023-02-09,1.0646122425418738,3.9359131692439617,-0.09002521393314256
2023-02-10,1.0646122425418738,3.9277856743773483,-0.09002521393314256
2023-02-13,1.0646122425418738,3.9089568490512527,-0.09002521393314256
2023-02-14,1.0646122425418738,3.943919941726733,-0.09002521393314256
2023-02-15,1.0646122425418738,3.96283683854282,-0.09002521393314256
2023-02-16,1.0646122425418738,3.967236116872143,-0.09002521393314256
2023-02-17,1.0646122425418738,3.9470763380046177,-0.09002521393314256
2023-02-20,1.0646122425418738,3.9251680178479966,-0.09002521393314256
2023-02-21,1.0646122425418738,3.921230577819848,-0.09002521393314256
2023-02-22,1.0646122425418738,3.861312750668095,-0.09002521393314256
2023-02-23,1.0646122425418738,3.8518431322174185,-0.09002521393314256
2023-02-24,1.0646122425418738,3.8418459440608426,-0.09002521393314256
2023-02-27,1.0646122425418738,3.8257662380735495,-0.09002521393314256
2023-02-28,1.0646122425418738,3.806244440487181,-0.09002521393314256
2023-03-01,1.0646122425418738,3.838568395782093,-0.09002521393314256
2023-03-02,1.0646122425418738,3.8101930505579626,-0.09002521393314256
2023-03-03,1.0646122425418738,3.8701220477523486,-0.09002521393314256
2023-03-06,1.0646122425418738,3.895879736447127,-0.09002521393314256
2023-03-08,1.0646122425418738,3.905327444429562,-0.09002521393314256
2023-03-09,1.0646122425418738,3.8690772191491347,-0.09002521393314256
2023-03-10,1.0646122425418738,3.83020976695638,-0.09002521393314256
2023-03-13,1.0646122425418738,3.7733271840816456,-0.09002521393314256
2023-03-14,1.0646122425418738,3.748911189353906,-0.09002521393314256
2023-03-15,1.0646122425418738,3.7332606707739364,-0.09002521393314256
2023-03-16,1.0646122425418738,3.7362190136035958,-0.09002521393314256
2023-03-17,1.0646122425418738,3.7613941416133585,-0.09002521393314256
2023-03-20,1.0646122425418738,3.736835084416511,-0.09002521393314256
2023-03-21,1.0646122425418738,3.763032700944221,-0.09002521393314256
2023-03-22,1.0646122425418738,3.7727991847587217,-0.09002521393314256
2023-03-23,1.0646122425418738,3.7563018910237624,-0.09002521393314256
2023-03-24,1.0646122425418738,3.7272997345611087,-0.09002521393314256
2023-03-27,1.0646122425418738,3.7362409240718373,-0.09002521393314256
2023-03-28,1.0646122425418738,3.728762150911989,-0.09002521393314256
2023-03-29,1.0646122425418738,3.757137496136119,-0.09002521393314256
2023-03-31,1.0646122425418738,3.818518598872801,-0.09002521393314256
2023-04-03,1.0646122425418738,3.8269433887202635,-0.09002521393314256
2023-04-05,1.0646122425418738,3.8619176514383775,-0.09002521393314256
2023-04-06,1.0646122425418738,3.8711780463981964,-0.09002521393314256
2023-04-10,1.0646122425418738,3.876655233841608,-0.09002521393314256
2023-04-11,1.0646122425418738,3.898266688634405,-0.09002521393314256
2023-04-12,1.0646122425418738,3.9180853515845984,-0.09002521393314256
2023-04-13,1.0646122425418738,3.921516702758065,-0.09002521393314256
2023-04-17,1.0646122425418738,3.894867988354789,-0.09002521393314256
2023-04-18,1.0646122425418738,3.884595845302631,-0.09002521393314256
2023-04-19,1.0646122425418738,3.8754892532375287,-0.09002521393314256
2023-04-20,1.0646122425418738,3.8767428757145757,-0.09002521393314256
2023-04-21,1.0646122425418738,3.8766552338416087,-0.09002521393314256
2023-04-24,1.0646122425418738,3.9029078413484353,-0.09002521393314256
2023-04-25,1.0646122425418738,3.9085938226656793,-0.09002521393314256
2023-04-26,1.0646122425418738,3.918349136437547,-0.09002521393314256
2023-04-27,1.0646122425418738,3.94066473353325,-0.09002521393314256
2023-04-28,1.0646122425418738,3.973648150960536,-0.09002521393314256
2023-05-02,1.0646122425418738,3.991828254579866,-0.09002521393314256
2023-05-03,1.0646122425418738,3.9791141683613143,-0.09002521393314256
2023-05-04,1.0646122425418738,4.015617438069082,-0.09002521393314256
2023-05-05,1.0646122425418738,3.9745280066264,-0.09002521393314256
2023-05-08,1.0646122425418738,4.017509041827286,-0.09002521393314256
2023-05-09,1.0646122425418738,4.017849728127594,-0.09002521393314256
2023-05-10,1.0646122425418738,4.028661040545309,-0.09002521393314256
2023-05-11,1.0646122425418738,4.024679779580677,-0.09002521393314256
2023-05-12,1.0646122425418738,4.0285953091405835,-0.09002521393314256
2023-05-15,1.0646122425418738,4.047083018549346,-0.09002521393314256
2023-05-16,1.0646122425418738,4.022370158457782,-0.09002521393314256
2023-05-17,1.0646122425418738,3.999328938207955,-0.09002521393314256
2023-05-18,1.0646122425418738,3.9879346354882004,-0.09002521393314256
2023-05-19,1.0646122425418738,4.0040912429228515,-0.09002521393314256
2023-05-22,1.0646122425418738,4.028507237650591,-0.09002521393314256
2023-05-23,1.0646122425418738,4.035897939320448,-0.09002521393314256
2023-05-24,1.0646122425418738,4.022128284073074,-0.09002521393314256
2023-05-25,1.0646122425418738,4.029991994086738,-0.09002521393314256
2023-05-26,1.0646122425418738,4.0691893921541915,-0.09002521393314256
2023-05-29,1.0646122425418738,4.091031980906087,-0.09002521393314256
2023-05-30,1.0646122425418738,4.098774538918885,-0.09002521393314256
2023-05-31,1.0646122425418738,4.076899299273139,-0.09002521393314256
2023-06-01,1.0646122425418738,4.066637896646589,-0.09002521393314256
2023-06-02,1.0646122425418738,4.076833138251389,-0.09002521393314256
2023-06-05,1.0646122425418738,4.08997598226024,-0.09002521393314256
2023-06-06,1.0646122425418738,4.091108882353446,-0.09002521393314256
2023-06-07,1.0646122425418738,4.119132371234635,-0.09002521393314256
2023-06-08,1.0646122425418738,4.098928771430626,-0.09002521393314256
2023-06-09,1.0646122425418738,4.083278252850656,-0.09002521393314256
2023-06-12,1.0646122425418738,4.091658792144611,-0.09002521393314256
2023-06-13,1.0646122425418738,4.116877741090857,-0.09002521393314256
2023-06-14,1.0646122425418738,4.125621306770385,-0.09002521393314256
2023-06-15,1.0646122425418738,4.110707581387172,-0.09002521393314256
2023-06-16,1.0646122425418738,4.141040691391256,-0.09002521393314256
2023-06-19,1.0646122425418738,4.125522065237761,-0.09002521393314256
2023-06-20,1.0646122425418738,4.138994855121311,-0.09002521393314256
2023-06-21,1.0646122425418738,4.147826492290831,-0.09002521393314256
2023-06-22,1.0646122425418738,4.128997666964735,-0.09002521393314256
2023-06-23,1.0646122425418738,4.105736482798442,-0.09002521393314256
2023-06-26,1.0646122425418738,4.111389383604812,-0.09002521393314256
2023-06-27,1.0646122425418738,4.139149087633051,-0.09002521393314256
2023-06-28,1.0646122425418738,4.17317733366355,-0.09002521393314256
2023-06-30,1.0646122425418738,4.220898763111091,-0.09002521393314256
2023-07-03,1.0646122425418738,4.250263945959318,-0.09002521393314256
2023-07-04,1.0646122425418738,4.264880376361683,-0.09002521393314256
2023-07-05,1.0646122425418738,4.266970033568111,-0.09002521393314256
2023-07-06,1.0646122425418738,4.288702640361774,-0.09002521393314256
2023-07-07,1.0646122425418738,4.25229861218663,-0.09002521393314256
2023-07-10,1.0646122425418738,4.257599656650059,-0.09002521393314256
2023-07-11,1.0646122425418738,4.2759666436749795,-0.09002521393314256
2023-07-12,1.0646122425418738,4.263846717801101,-0.09002521393314256
2023-07-13,1.0646122425418738,4.270324483294218,-0.09002521393314256
2023-07-14,1.0646122425418738,4.303484043701487,-0.09002521393314256
2023-07-17,1.0646122425418738,4.335807569379374,-0.09002521393314256
2023-07-18,1.0646122425418738,4.344122377268603,-0.09002521393314256
2023-07-19,1.0646122425418738,4.362577435783515,-0.09002521393314256
2023-07-20,1.0646122425418738,4.394692167587569,-0.09002521393314256
2023-07-21,1.0646122425418738,4.343187530623621,-0.09002521393314256
2023-07-24,1.0646122425418738,4.327207066168952,-0.09002521393314256
2023-07-25,1.0646122425418738,4.329021768479797,-0.09002521393314256
2023-07-26,1.0646122425418738,4.350512500888752,-0.09002521393314256
2023-07-27,1.0646122425418738,4.3244686872557585,-0.09002521393314256
2023-07-28,1.0646122425418738,4.321422272936108,-0.09002521393314256
2023-07-31,1.0646122425418738,4.345123384935332,-0.09002521393314256
2023-08-01,1.0646122425418738,4.340669115626893,-0.09002521393314256
2023-08-02,1.0646122425418738,4.2951365849184056,-0.09002521393314256
2023-08-03,1.0646122425418738,4.2632637274990595,-0.09002521393314256
2023-08-04,1.0646122425418738,4.293035757669345,-0.09002521393314256
2023-08-07,1.0646122425418738,4.310699032008385,-0.09002521393314256
2023-08-08,1.0646122425418738,4.304880728647642,-0.09002521393314256
2023-08-09,1.0646122425418738,4.318452760063816,-0.09002521393314256
2023-08-10,1.0646122425418738,4.298776729965707,-0.09002521393314256
2023-08-11,1.0646122425418738,4.27352513012561,-0.09002521393314256
2023-08-14,1.0646122425418738,4.274899904603523,-0.09002521393314256
2023-08-16,1.0646122425418738,4.281597634013107,-0.09002521393314256
2023-08-17,1.0646122425418738,4.25965623334561,-0.09002521393314256
2023-08-18,1.0646122425418738,4.247536307471732,-0.09002521393314256
2023-08-21,1.0646122425418738,4.26589212445402,-0.09002521393314256
2023-08-22,1.0646122425418738,4.2665189356925435,-0.09002521393314256
2023-08-23,1.0646122425418738,4.276978391767317,-0.09002521393314256
2023-08-24,1.0646122425418738,4.264374287506998,-0.09002521393314256
2023-08-25,1.0646122425418738,4.237780993699863,-0.09002521393314256
2023-08-28,1.0646122425418738,4.246634541337625,-0.09002521393314256
2023-08-29,1.0646122425418738,4.25468513475688,-0.09002521393314256
2023-08-30,1.0646122425418738,4.255740703785703,-0.09002521393314256
2023-08-31,1.0646122425418738,4.23514142670227,-0.09002521393314256
2023-09-01,1.0646122425418738,4.275064877540871,-0.09002521393314256
2023-09-04,1.0646122425418738,4.295631503730453,-0.09002521393314256
2023-09-05,1.0646122425418738,4.305771754356137,-0.09002521393314256
2023-09-06,1.0646122425418738,4.313723535859792,-0.09002521393314256
2023-09-07,1.0646122425418738,4.339239350169862,-0.09002521393314256
2023-09-08,1.0646122425418738,4.359673654315945,-0.09002521393314256
2023-09-11,1.0646122425418738,4.398475375103974,-0.09002521393314256
2023-09-12,1.0646122425418738,4.397782402843701,-0.09002521393314256
2023-09-13,1.0646122425418738,4.4146758034751095,-0.09002521393314256
2023-09-14,1.0646122425418738,4.421956523186733,-0.09002521393314256
2023-09-15,1.0646122425418738,4.441588302731334,-0.09002521393314256
2023-09-18,1.0646122425418738,4.428599691234224,-0.09002521393314256
2023-09-20,1.0646122425418738,4.3775899730823244,-0.09002521393314256
2023-09-21,1.0646122425418738,4.342604540321577,-0.09002521393314256
2023-09-22,1.0646122425418738,4.327625083533639,-0.09002521393314256
2023-09-25,1.0646122425418738,4.327691244555389,-0.09002521393314256
2023-09-26,1.0646122425418738,4.325524256284578,-0.09002521393314256
2023-09-27,1.0646122425418738,4.3369073889617,-0.09002521393314256
2023-09-28,1.0646122425418738,4.294476693169004,-0.09002521393314256
2023-09-29,1.0646122425418738,4.3197175525834925,-0.09002521393314256
2023-10-03,1.0646122425418738,4.295620333687819,-0.09002521393314256
2023-10-04,1.0646122425418738,4.275240590903828,-0.09002521393314256
2023-10-05,1.0646122425418738,4.299359720267743,-0.09002521393314256
2023-10-06,1.0646122425418738,4.323060832266968,-0.09002521393314256
2023-10-09,1.0646122425418738,4.29201283953437,-0.09002521393314256
2023-10-10,1.0646122425418738,4.331056434707107,-0.09002521393314256
2023-10-11,1.0646122425418738,4.357782050557741,-0.09002521393314256
2023-10-12,1.0646122425418738,4.353965762530459,-0.09002521393314256
2023-10-13,1.0646122425418738,4.344518484165048,-0.09002521393314256
2023-10-16,1.0646122425418738,4.340273008730442,-0.09002521393314256
2023-10-17,1.0646122425418738,4.357815131068615,-0.09002521393314256
2023-10-18,1.0646122425418738,4.326932111273366,-0.09002521393314256
2023-10-19,1.0646122425418738,4.316725699625933,-0.09002521393314256
2023-10-20,1.0646122425418738,4.298677918050102,-0.09002521393314256
2023-10-23,1.0646122425418738,4.241289246320686,-0.09002521393314256
2023-10-25,1.0646122425418738,4.206183091176097,-0.09002521393314256
2023-10-26,1.0646122425418738,4.147914563780816,-0.09002521393314256
2023-10-27,1.0646122425418738,4.189707707909379,-0.09002521393314256
2023-10-30,1.0646122425418738,4.2103074146098365,-0.09002521393314256
2023-10-31,1.0646122425418738,4.196823454683654,-0.09002521393314256
2023-11-01,1.0646122425418738,4.176927890286103,-0.09002521393314256
2023-11-02,1.0646122425418738,4.208624604725466,-0.09002521393314256
2023-11-03,1.0646122425418738,4.230038006070038,-0.09002521393314256
2023-11-06,1.0646122425418738,4.269884555461282,-0.09002521393314256
2023-11-07,1.0646122425418738,4.268773565836319,-0.09002521393314256
2023-11-08,1.0646122425418738,4.276868409809082,-0.09002521393314256
2023-11-09,1.0646122425418738,4.266266320882225,-0.09002521393314256
2023-11-10,1.0646122425418738,4.2728759788018165,-0.09002521393314256
2023-11-13,1.0646122425418738,4.276879579851714,-0.09002521393314256
2023-11-15,1.0646122425418738,4.327888868386589,-0.09002521393314256
2023-11-16,1.0646122425418738,4.347630629889424,-0.09002521393314256
2023-11-17,1.0646122425418738,4.340284178773075,-0.09002521393314256
2023-11-20,1.0646122425418738,4.331969370883845,-0.09002521393314256
2023-11-21,1.0646122425418738,4.351634230939322,-0.09002521393314256
2023-11-22,1.0646122425418738,4.357892032515973,-0.09002521393314256
2023-11-23,1.0646122425418738,4.3557254738621864,-0.09002521393314256
2023-11-24,1.0646122425418738,4.354119565425174,-0.09002521393314256
2023-11-28,1.0646122425418738,4.375016137489456,-0.09002521393314256
2023-11-29,1.0646122425418738,4.420526757729702,-0.09002521393314256
2023-11-30,1.0646122425418738,4.428566610723349,-0.09002521393314256
2023-12-01,1.0646122425418738,4.45820674846716,-0.09002521393314256
2023-12-04,1.0646122425418738,4.550349718998224,-0.09002521393314256
2023-12-05,1.0646122425418738,4.587369388369258,-0.09002521393314256
2023-12-06,1.0646122425418738,4.605538321945955,-0.09002521393314256
2023-12-07,1.0646122425418738,4.597498898569333,-0.09002521393314256
2023-12-08,1.0646122425418738,4.612511435868146,-0.09002521393314256
2023-12-11,1.0646122425418738,4.618604264507447,-0.09002521393314256
2023-12-12,1.0646122425418738,4.5986537091307795,-0.09002521393314256
2023-12-13,1.0646122425418738,4.603041817417469,-0.09002521393314256
2023-12-14,1.0646122425418738,4.659429481480155,-0.09002521393314256
2023-12-15,1.0646122425418738,4.7196888541662645,-0.09002521393314256
2023-12-18,1.0646122425418738,4.711330225340552,-0.09002521393314256
2023-12-19,1.0646122425418738,4.718907810416,-0.09002521393314256
2023-12-20,1.0646122425418738,4.6522699137693975,-0.09002521393314256
2023-12-21,1.0646122425418738,4.6753442145300985,-0.09002521393314256
2023-12-22,1.0646122425418738,4.696097724125273,-0.09002521393314256
2023-12-26,1.0646122425418738,4.716323234397523,-0.09002521393314256
2023-12-27,1.0646122425418738,4.763263620094799,-0.09002521393314256
2023-12-28,1.0646122425418738,4.790527975693966,-0.09002521393314256
2023-12-29,1.0646122425418738,4.780123940215333,-0.09002521393314256
2024-01-01,1.0646122425418738,4.782433561338228,-0.09002521393314256
2024-01-02,1.0646122425418738,4.765694393218561,-0.09002521393314256
2024-01-03,1.0646122425418738,4.73304049204895,-0.09002521393314256
2024-01-04,1.0646122425418738,4.76411039524979,-0.09002521393314256
2024-01-05,1.0646122425418738,4.775592769459536,-0.09002521393314256
2024-01-08,1.0646122425418738,4.732083734935727,-0.09002521393314256
2024-01-09,1.0646122425418738,4.739089499751768,-0.09002521393314256
2024-01-10,1.0646122425418738,4.755333749059385,-0.09002521393314256
2024-01-11,1.0646122425418738,4.76160272067867,-0.09002521393314256
2024-01-12,1.0646122425418738,4.816011139110185,-0.09002521393314256
2024-01-15,1.0646122425418738,4.860641474067543,-0.09002521393314256
2024-01-16,1.0646122425418738,4.846311168603394,-0.09002521393314256
2024-01-17,1.0646122425418738,4.745050435964595,-0.09002521393314256
2024-01-18,1.0648718746028552,4.720920566175071,-0.0656596922626762
2024-01-19,1.0648718746028552,4.756147873320526,-0.0656596922626762
2024-01-23,1.0648718746028552,4.6717698008875255,-0.0656596922626762
2024-01-24,1.0648718746028552,4.719094693821592,-0.0656596922626762
2024-01-25,1.0648718746028552,4.696801436811155,-0.0656596922626762
2024-01-29,1.0648718746028552,4.781487544650613,-0.0656596922626762
2024-01-30,1.0648718746028552,4.734085320652163,-0.0656596922626762
2024-01-31,1.0648718746028552,4.778869888121261,-0.0656596922626762
2024-02-01,1.0648718746028552,4.772655907481093,-0.0656596922626762
2024-02-02,1.0648718746028552,4.807047609514191,-0.0656596922626762
2024-02-05,1.0648718746028552,4.788988228278702,-0.0656596922626762
2024-02-06,1.0648718746028552,4.823676795675625,-0.0656596922626762
2024-02-07,1.0648718746028552,4.8239186700603325,-0.0656596922626762
2024-02-08,1.0648718746028552,4.777165167768648,-0.0656596922626762
2024-02-09,1.0648718746028552,4.791364010423346,-0.0656596922626762
2024-02-12,1.0648718746028552,4.75475118837437,-0.0656596922626762
2024-02-13,1.0648718746028552,4.782730426702051,-0.0656596922626762
2024-02-14,1.0648718746028552,4.804023105662782,-0.0656596922626762
2024-02-15,1.0648718746028552,4.819574382710126,-0.0656596922626762
2024-02-16,1.0648718746028552,4.848158521808089,-0.0656596922626762
2024-02-19,1.0648718746028552,4.8660967510427104,-0.0656596922626762
2024-02-20,1.0648718746028552,4.88252788375592,-0.0656596922626762
2024-02-21,1.0648718746028552,4.851315347702996,-0.0656596922626762
2024-02-22,1.0648718746028552,4.887037144043474,-0.0656596922626762
2024-02-23,1.0648718746028552,4.8859923154402605,-0.0656596922626762
2024-02-26,1.0648718746028552,4.866052930106226,-0.0656596922626762
2024-02-27,1.0648718746028552,4.8828359191623765,-0.0656596922626762
2024-02-28,1.0648718746028552,4.828461010858761,-0.0656596922626762
2024-02-29,1.0648718746028552,4.835422954738319,-0.0656596922626762
2024-03-01,1.0648718746028552,4.913718938957626,-0.0656596922626762
2024-03-04,1.0648718746028552,4.928423440849981,-0.0656596922626762
2024-03-05,1.0648718746028552,4.917579477538416,-0.0656596922626762
2024-03-06,1.0648718746028552,4.943480228702302,-0.0656596922626762
2024-03-07,1.0648718746028552,4.947769525073391,-0.0656596922626762
2024-03-11,1.0648718746028552,4.912377244990587,-0.0656596922626762
2024-03-12,1.0648718746028552,4.913047877165594,-0.0656596922626762
2024-03-13,1.0648718746028552,4.838700073400044,-0.0656596922626762
2024-03-14,1.0648718746028552,4.871463956527888,-0.0656596922626762
2024-03-15,1.0648718746028552,4.8443422337808055,-0.0656596922626762
2024-03-18,1.0648718746028552,4.85145798055508,-0.0656596922626762
2024-03-19,1.0648718746028552,4.799051577457026,-0.0656596922626762
2024-03-20,1.0648718746028552,4.803813882171923,-0.0656596922626762
2024-03-21,1.0648718746028552,4.841834559209687,-0.0656596922626762
2024-03-22,1.0648718746028552,4.860487671172824,-0.0656596922626762
2024-03-26,1.0648718746028552,4.840239820815308,-0.0656596922626762
2024-03-27,1.0648718746028552,4.866404786449167,-0.0656596922626762
2024-03-28,1.0648718746028552,4.911112452470907,-0.0656596922626762
2024-04-01,1.0648718746028552,4.940829491662076,-0.0656596922626762
2024-04-02,1.0648718746028552,4.938915977435631,-0.0656596922626762
2024-04-03,1.0648718746028552,4.934813564470133,-0.0656596922626762
2024-04-04,1.0648718746028552,4.952410677787423,-0.0656596922626762
2024-04-05,1.0648718746028552,4.952201454296565,-0.0656596922626762
2024-04-08,1.0648718746028552,4.9857682916429145,-0.0656596922626762
2024-04-09,1.0648718746028552,4.980587969563327,-0.0656596922626762
2024-04-10,1.0648718746028552,5.0050151343337,-0.0656596922626762
2024-04-12,1.0648718746028552,4.953455506390636,-0.0656596922626762
2024-04-15,1.0648718746028552,4.899146329491745,-0.0656596922626762
2024-04-16,1.0648718746028552,4.871738911423471,-0.0656596922626762
2024-04-18,1.0648718746028552,4.838293226077987,-0.0656596922626762
2024-04-19,1.0648718746028552,4.871540857975246,-0.0656596922626762
2024-04-22,1.0648718746028552,4.913202109677335,-0.0656596922626762
2024-04-23,1.0648718746028552,4.920152883514259,-0.0656596922626762
2024-04-24,1.0648718746028552,4.9277197281640985,-0.0656596922626762
2024-04-25,1.0648718746028552,4.964662496087775,-0.0656596922626762
2024-04-26,1.0648718746028552,4.931579837127865,-0.0656596922626762
2024-04-29,1.0648718746028552,4.980731032032435,-0.0656596922626762
2024-04-30,1.0648718746028552,4.972251251205856,-0.0656596922626762
2024-05-02,1.0648718746028552,4.981786601061257,-0.0656596922626762
2024-05-03,1.0648718746028552,4.943875905981725,-0.0656596922626762
2024-05-06,1.0648718746028552,4.936584016227469,-0.0656596922626762
2024-05-07,1.0648718746028552,4.905745246985728,-0.0656596922626762
2024-05-08,1.0648718746028552,4.905745246985728,-0.0656596922626762
2024-05-09,1.0648718746028552,4.8298576958049155,-0.0656596922626762
2024-05-10,1.0648718746028552,4.851347998596846,-0.0656596922626762
2024-05-13,1.0648718746028552,4.8620935796098355,-0.0656596922626762
2024-05-14,1.0648718746028552,4.887125215533466,-0.0656596922626762
2024-05-15,1.0648718746028552,4.8833200975488165,-0.0656596922626762
2024-05-16,1.0648718746028552,4.928038503996166,-0.0656596922626762
2024-05-17,1.0648718746028552,4.941731257796182,-0.0656596922626762
2024-05-21,1.0648718746028552,4.955578244107939,-0.0656596922626762
2024-05-22,1.0648718746028552,4.9707007633649845,-0.0656596922626762
2024-05-23,1.0648718746028552,5.052054331946575,-0.0656596922626762
2024-05-24,1.0648718746028552,5.049733540781048,-0.0656596922626762
2024-05-27,1.0648718746028552,5.044311344316753,-0.0656596922626762
2024-05-28,1.0648718746028552,5.034567200587519,-0.0656596922626762
2024-05-29,1.0648718746028552,4.994214562341594,-0.0656596922626762
2024-05-30,1.0648718746028552,4.946691615959303,-0.0656596922626762
2024-05-31,1.0648718746028552,4.9559408408764885,-0.0656596922626762
2024-06-03,1.0648718746028552,5.117218642199665,-0.0656596922626762
2024-06-04,1.0648718746028552,4.813800329902889,-0.0656596922626762
2024-06-05,1.0864184090918891,4.975660691911081,0.0
2024-06-06,1.0864184090918891,5.019884609163405,0.0
2024-06-07,1.0864184090918891,5.122992695006902,0.0
2024-06-10,1.0864184090918891,5.116184554022061,0.0
2024-06-11,1.0864184090918891,5.117427436073499,0.0
2024-06-12,1.0864184090918891,5.130207253696776,0.0
2024-06-13,1.0864184090918891,5.146913770922593,0.0
2024-06-14,1.0864184090918891,5.161585192304074,0.0
2024-06-18,1.0864184090918891,5.181888033640706,0.0
2024-06-19,1.0864184090918891,5.17267145961737,0.0
2024-06-20,1.0864184090918891,5.183889619357142,0.0
2024-06-21,1.0864184090918891,5.16939391133862,0.0
2024-06-24,1.0864184090918891,5.17747758526875,0.0
2024-06-25,1.0864184090918891,5.2178302235146745,0.0
2024-06-26,1.0864184090918891,5.2502749011934275,0.0
2024-06-27,1.0864184090918891,5.2889223894697155,0.0
2024-06-28,1.0864184090918891,5.281465526778109,0.0
2024-07-01,1.0864184090918891,5.31035770128253,0.0
2024-07-02,1.0864184090918891,5.306376440317898,0.0
2024-07-03,1.0864184090918891,5.342153657254518,0.0
2024-07-04,1.0864184090918891,5.345596178470617,0.0
2024-07-05,1.0864184090918891,5.350369223611122,0.0
2024-07-08,1.0864184090918891,5.349643600456998,0.0
2024-07-09,1.0864184090918891,5.374422191953288,0.0
2024-07-10,1.0864184090918891,5.350501116037597,0.0
2024-07-11,1.0864184090918891,5.348631422747634,0.0
2024-07-12,1.0864184090918891,5.389588961763841,0.0
2024-07-15,1.0864184090918891,5.408186653130837,0.0
2024-07-16,1.0864184090918891,5.413971875980707,0.0
2024-07-18,1.0864184090918891,5.455292011765463,0.0
2024-07-19,1.0864184090918891,5.395912924362243,0.0
2024-07-22,1.0864184090918891,5.391150619647346,0.0
2024-07-23,1.0864184090918891,5.384507881216879,0.0
2024-07-24,1.0864184090918891,5.3700890746457155,0.0
2024-07-25,1.0864184090918891,5.368461255740462,0.0
2024-07-26,1.0864184090918891,5.462770784925312,0.0
2024-07-29,1.0864184090918891,5.463045739820895,0.0
2024-07-30,1.0864184090918891,5.467709232620192,0.0
2024-07-31,1.0864184090918891,5.488352760257133,0.0
2024-08-01,1.0864184090918891,5.501495604265983,0.0
2024-08-02,1.0864184090918891,5.437001926187901,0.0
2024-08-05,1.0864184090918891,5.291363903019086,0.0
2024-08-06,1.0753844556306245,5.277495435856111,-1.0156265181927138
2024-08-07,1.0753844556306245,5.344573260335646,-1.0156265181927138
2024-08-08,1.0753844556306245,5.30486977341351,-1.0156265181927138
2024-08-09,1.0753844556306245,5.359970734488274,-1.0156265181927138
2024-08-12,1.0753844556306245,5.355461474200719,-1.0156265181927138
2024-08-13,1.0753844556306245,5.309708979575765,-1.0156265181927138
2024-08-14,1.0753844556306245,5.310753808178979,-1.0156265181927138
2024-08-16,1.0753844556306245,5.3981675545060215,-1.0156265181927138
2024-08-19,1.0753844556306245,5.405096417874704,-1.0156265181927138
2024-08-20,1.0753844556306245,5.432855692285919,-1.0156265181927138
2024-08-21,1.0753844556306245,5.448550031802371,-1.0156265181927138
2024-08-22,1.0753844556306245,5.457634713399233,-1.0156265181927138
2024-08-23,1.0753844556306245,5.460197378949467,-1.0156265181927138
2024-08-26,1.0753844556306245,5.501429443244233,-1.0156265181927138
2024-08-27,1.0753844556306245,5.50300227117037,-1.0156265181927138
2024-08-28,1.0753844556306245,5.510612936756693,-1.0156265181927138
2024-08-29,1.0753844556306245,5.532521256913315,-1.0156265181927138
2024-08-30,1.0753844556306245,5.55098748547086,-1.0156265181927138
2024-09-02,1.0753844556306245,5.560401683325396,-1.0156265181927138
2024-09-03,1.0753844556306245,5.560654727752737,-1.0156265181927138
2024-09-04,1.0753844556306245,5.542804570008106,-1.0156265181927138
2024-09-05,1.0753844556306245,5.531014590008927,-1.0156265181927138
2024-09-06,1.0753844556306245,5.466576332526985,-1.0156265181927138
2024-09-09,1.0753844556306245,5.485108292489255,-1.0156265181927138
2024-09-10,1.0753844556306245,5.508138342696449,-1.0156265181927138
2024-09-11,1.0753844556306245,5.481159682418474,-1.0156265181927138
2024-09-12,1.0753844556306245,5.584641964690176,-1.0156265181927138
2024-09-13,1.0753844556306245,5.577515047873269,-1.0156265181927138
2024-09-16,1.0753844556306245,5.583509064596971,-1.0156265181927138
2024-09-17,1.0753844556306245,5.591163980736802,-1.0156265181927138
2024-09-18,1.0753844556306245,5.582145460161691,-1.0156265181927138
2024-09-19,1.0753844556306245,5.59055907996652,-1.0156265181927138
2024-09-20,1.0753844556306245,5.673078199535167,-1.0156265181927138
2024-09-23,1.0753844556306245,5.70565519925742,-1.0156265181927138
2024-09-24,1.0753844556306245,5.705952064621244,-1.0156265181927138
2024-09-25,1.0753844556306245,5.7199747642959595,-1.0156265181927138
2024-09-26,1.0753844556306245,5.7665852041185355,-1.0156265181927138
2024-09-27,1.0753844556306245,5.758424199124023,-1.0156265181927138
2024-09-30,1.0753844556306245,5.6774555673962475,-1.0156265181927138
2024-10-01,1.0753844556306245,5.674387242608355,-1.0156265181927138
2024-10-03,1.0753844556306245,5.554110801237869,-1.0156265181927138
2024-10-04,1.066089163995491,5.502309298910096,-1.8712169203199402
2024-10-07,1.066089163995491,5.45417028171489,-1.8712169203199402
2024-10-08,1.066089163995491,5.50199052307803,-1.8712169203199402
2024-10-09,1.066089163995491,5.495127391114072,-1.8712169203199402
2024-10-10,1.066089163995491,5.498756795735763,-1.8712169203199402
2024-10-11,1.066089163995491,5.491234201639431,-1.8712169203199402
2024-10-14,1.066089163995491,5.527242122918126,-1.8712169203199402
2024-10-15,1.066089163995491,5.511712756339022,-1.8712169203199402
2024-10-16,1.066089163995491,5.492785119097326,-1.8712169203199402
2024-10-17,1.066089163995491,5.444073852025689,-1.8712169203199402
2024-10-18,1.066089163995491,5.4669943498916735,-1.8712169203199402
2024-10-21,1.066089163995491,5.450947724415255,-1.8712169203199402
2024-10-22,1.066089163995491,5.382978874227223,-1.8712169203199402
2024-10-23,1.066089163995491,5.374928280807968,-1.8712169203199402
2024-10-24,1.066089163995491,5.366987669346946,-1.8712169203199402
2024-10-25,1.066089163995491,5.318903643130856,-1.8712169203199402
2024-10-28,1.066089163995491,5.353734843379862,-1.8712169203199402
2024-10-29,1.066089163995491,5.381824063665776,-1.8712169203199402
2024-10-30,1.066089163995491,5.354108610191044,-1.8712169203199402
2024-10-31,1.066089163995491,5.324303499509884,-1.8712169203199402
2024-11-01,1.066089163995491,5.346079927240029,-1.8712169203199402
2024-11-04,1.066089163995491,5.278111077051997,-1.8712169203199402
2024-11-05,1.066089163995491,5.326052470416003,-1.8712169203199402
2024-11-06,1.066089163995491,5.385607700799206,-1.8712169203199402
2024-11-07,1.066089163995491,5.322983716011086,-1.8712169203199402
2024-11-08,1.066089163995491,5.311732475760439,-1.8712169203199402
2024-11-11,1.066089163995491,5.310215068430442,-1.8712169203199402
2024-11-12,1.066089163995491,5.2534970288760325,-1.8712169203199402
2024-11-13,1.066089163995491,5.1821410780680415,-1.8712169203199402
2024-11-14,1.066089163995491,5.17634468517554,-1.8712169203199402
2024-11-18,1.066089163995491,5.158989875859982,-1.8712169203199402
2024-11-19,1.066089163995491,5.173221369408531,-1.8712169203199402
2024-11-21,1.066089163995491,5.136135539015748,-1.8712169203199402
2024-11-22,1.066089163995491,5.258732341934738,-1.8712169203199402
2024-11-25,1.066089163995491,5.327944074174208,-1.8712169203199402
2024-11-26,1.066089163995491,5.321916976939631,-1.8712169203199402
2024-11-27,1.066089163995491,5.339602161746913,-1.8712169203199402
2024-11-28,1.066089163995491,5.260250178881758,-1.8712169203199402
2024-11-29,1.066089163995491,5.3079711787122745,-1.8712169203199402
2024-12-02,1.066089163995491,5.339855206174254,-1.8712169203199402
2024-12-03,1.066089163995491,5.379690585522863,-1.8712169203199402
2024-12-04,1.066089163995491,5.38195595609225,-1.8712169203199402
2024-12-05,1.066089163995491,5.434956519534977,-1.8712169203199402
2024-12-06,1.066089163995491,5.428225709614519,-1.8712169203199402
2024-12-09,1.066089163995491,5.4152916594795,-1.8712169203199402
2024-12-10,1.066089163995491,5.413323154273938,-1.8712169203199402
2024-12-11,1.066089163995491,5.420307008621736,-1.8712169203199402
2024-12-12,1.066089163995491,5.399828024305121,-1.8712169203199402
2024-12-13,1.066089163995491,5.448132444054701,-1.8712169203199402
2024-12-16,1.066089163995491,5.426124882365455,-1.8712169203199402
2024-12-17,1.066089163995491,5.3530418711195855,-1.8712169203199402
2024-12-18,1.066089163995491,5.322873734052852,-1.8712169203199402
2024-12-19,1.066089163995491,5.268509566174845,-1.8712169203199402
2024-12-20,1.066089163995491,5.1883988796446925,-1.8712169203199402
2024-12-23,1.066089163995491,5.224901719735436,-1.8712169203199402
2024-12-24,1.066089163995491,5.219226908460825,-1.8712169203199402
2024-12-26,1.066089163995491,5.224186837006921,-1.8712169203199402
2024-12-27,1.066089163995491,5.238088814297796,-1.8712169203199402
2024-12-30,1.066089163995491,5.201024894373254,-1.8712169203199402
2024-12-31,1.066089163995491,5.2010029839050125,-1.8712169203199402
2025-01-01,1.066089163995491,5.222581358186934,-1.8712169203199402
2025-01-02,1.066089163995491,5.320630273951709,-1.8712169203199402
2025-01-03,1.066089163995491,5.280178823790184,-1.8712169203199402
2025-01-06,1.066089163995491,5.194679021306611,-1.8712169203199402
2025-01-07,1.066089163995491,5.214882621110619,-1.8712169203199402
2025-01-08,1.066089163995491,5.210714047123371,-1.8712169203199402
2025-01-09,1.066089163995491,5.174981080740259,-1.8712169203199402
2025-01-10,1.066089163995491,5.154084508675977,-1.8712169203199402
2025-01-13,1.066089163995491,5.078075805494298,-1.8712169203199402
2025-01-14,1.066089163995491,5.097894898061516,-1.8712169203199402
2025-01-15,1.066089163995491,5.1060662138646125,-1.8712169203199402
2025-01-16,1.066089163995491,5.127754999721792,-1.8712169203199402
2025-01-17,1.066089163995491,5.103866574699952,-1.8712169203199402
2025-01-20,1.066089163995491,5.135002638922542,-1.8712169203199402
2025-01-21,1.066089163995491,5.064592275185141,-1.8712169203199402
2025-01-22,1.066089163995491,5.093341387220453,-1.8712169203199402
2025-01-23,1.066089163995491,5.104339583043759,-1.8712169203199402
2025-01-24,1.066089163995491,5.079450579972212,-1.8712169203199402
2025-01-27,1.066089163995491,5.021589329516013,-1.8712169203199402
2025-01-28,1.066089163995491,5.049766621291919,-1.8712169203199402
2025-01-29,1.066089163995491,5.095046107573066,-1.8712169203199402
2025-01-30,1.066089163995491,5.114051075879144,-1.8712169203199402
2025-01-31,1.066089163995491,5.170999819775628,-1.8712169203199402
2025-02-01,1.066089163995491,5.165225766968392,-1.8712169203199402
2025-02-03,1.066089163995491,5.1385882226077495,-1.8712169203199402
2025-02-04,1.066089163995491,5.221778403968428,-1.8712169203199402
2025-02-05,1.066089163995491,5.212331125603018,-1.8712169203199402
2025-02-06,1.066089163995491,5.191885221797277,-1.8712169203199402
2025-02-07,1.066089163995491,5.1823387018992415,-1.8712169203199402
2025-02-10,1.066089163995491,5.143108223320913,-1.8712169203199402
2025-02-11,1.066089163995491,5.074963659769923,-1.8712169203199402
2025-02-12,1.066089163995491,5.069123445940938,-1.8712169203199402
2025-02-13,1.066089163995491,5.066077031621287,-1.8712169203199402
2025-02-14,1.066089163995491,5.043607631630867,-1.8712169203199402
2025-02-17,1.066089163995491,5.050261540103968,-1.8712169203199402
2025-02-18,1.066089163995491,5.047138224336958,-1.8712169203199402
2025-02-19,1.066089163995491,5.0444105858493735,-1.8712169203199402
2025-02-20,1.066089163995491,5.040066298499168,-1.8712169203199402
2025-02-21,1.066089163995491,5.014275529293515,-1.8712169203199402
2025-02-24,1.066089163995491,4.960923109507847,-1.8712169203199402
2025-02-25,1.066089163995491,4.959647576562558,-1.8712169203199402
2025-02-27,1.066089163995491,4.959097666771393,-1.8712169203199402
2025-02-28,1.066089163995491,4.866635490791238,-1.8712169203199402
2025-03-03,1.066089163995491,4.865448029335941,-1.8712169203199402
2025-03-04,1.066089163995491,4.8573862658740525,-1.8712169203199402
2025-03-05,1.066089163995491,4.913400163125556,-1.8712169203199402
2025-03-06,1.066089163995491,4.95902033570701,-1.8712169203199402
2025-03-07,1.066089163995491,4.960736226102256,-1.8712169203199402
2025-03-10,1.066089163995491,4.940455724850889,-1.8712169203199402
2025-03-11,1.066089163995491,4.94872628218661,-1.8712169203199402
2025-03-12,1.066089163995491,4.942699184952033,-1.8712169203199402
2025-03-13,1.066089163995491,4.926575658028257,-1.8712169203199402
2025-03-17,1.066089163995491,4.951112804756863,-1.8712169203199402
2025-03-18,1.066089163995491,5.0227222296092195,-1.8712169203199402
2025-03-19,1.066089163995491,5.038845326915972,-1.8712169203199402
2025-03-20,1.066089163995491,5.101106285318518,-1.8712169203199402
2025-03-21,1.066089163995491,5.136245520973981,-1.8712169203199402
2025-03-24,1.066089163995491,5.203983237202914,-1.8712169203199402
2025-03-25,1.066089163995491,5.206249037389325,-1.8712169203199402
2025-03-26,1.066089163995491,5.166259425528974,-1.8712169203199402
2025-03-27,1.066089163995491,5.189377547226158,-1.8712169203199402
2025-03-28,1.066089163995491,5.173408252814122,-1.8712169203199402
2025-04-01,1.066089163995491,5.095617927832472,-1.8712169203199402
2025-04-02,1.066089163995491,5.132275000434957,-1.8712169203199402
2025-04-03,1.066089163995491,5.114182968305618,-1.8712169203199402
2025-04-04,1.066089163995491,5.038152354655698,-1.8712169203199402
2025-04-07,1.066089163995491,4.8747522452322425,-1.8712169203199402
2025-04-08,1.0681886952945472,4.9570737409696894,-1.677964368495899
2025-04-09,1.0681886952945472,4.9270048454355795,-1.677964368495899
2025-04-11,1.0681886952945472,5.021457437089538,-1.677964368495899
2025-04-15,1.0681886952945472,5.1314393953226,-1.677964368495899
2025-04-16,1.0681886952945472,5.155338131153024,-1.677964368495899
2025-04-17,1.0681886952945472,5.246502434102624,-1.677964368495899
2025-04-21,1.0681886952945472,5.3067506367460995,-1.677964368495899
2025-04-22,1.0681886952945472,5.315922960215927,-1.677964368495899
2025-04-23,1.0681886952945472,5.351490953661689,-1.677964368495899
2025-04-24,1.0681886952945472,5.333398921532351,-1.677964368495899
2025-04-25,1.0681886952945472,5.287789489376505,-1.677964368495899
2025-04-28,1.0681886952945472,5.351392141746089,-1.677964368495899
2025-04-29,1.0681886952945472,5.3530307010769524,-1.677964368495899
2025-04-30,1.0681886952945472,5.352645764223137,-1.677964368495899
2025-05-02,1.0681886952945472,5.355395313178963,-1.677964368495899
2025-05-05,1.0681886952945472,5.380570441188726,-1.677964368495899
2025-05-06,1.0681886952945472,5.362632211954104,-1.677964368495899
2025-05-07,1.0681886952945472,5.370287128093935,-1.677964368495899
2025-05-08,1.0681886952945472,5.339360287362203,-1.677964368495899
2025-05-09,1.0681886952945472,5.280893706518697,-1.677964368495899
2025-05-12,1.0681886952945472,5.482534456896382,-1.677964368495899
2025-05-13,1.0681886952945472,5.406350040351745,-1.677964368495899
2025-05-14,1.0681886952945472,5.42582801700163,-1.677964368495899
2025-05-15,1.0681886952945472,5.512757584942233,-1.677964368495899
2025-05-16,1.0681886952945472,5.50345336904593,-1.677964368495899
2025-05-19,1.0681886952945472,5.487098708163054,-1.677964368495899
2025-05-20,1.0681886952945472,5.429567403581554,-1.677964368495899
2025-05-21,1.0681886952945472,5.458063471189526,-1.677964368495899
2025-05-22,1.0681886952945472,5.413245823209553,-1.677964368495899
2025-05-23,1.0681886952945472,5.466796296443445,-1.677964368495899
2025-05-26,1.0681886952945472,5.4993509560804315,-1.677964368495899
2025-05-27,1.0681886952945472,5.460868011124469,-1.677964368495899
2025-05-28,1.0681886952945472,5.444645672285092,-1.677964368495899
2025-05-29,1.0681886952945472,5.462495830029723,-1.677964368495899
2025-05-30,1.0681886952945472,5.444260735431277,-1.677964368495899
2025-06-02,1.0681886952945472,5.436760051803187,-1.677964368495899
2025-06-03,1.0681886952945472,5.39846441986984,-1.677964368495899
2025-06-04,1.0681886952945472,5.4155554443324485,-1.677964368495899
2025-06-05,1.0681886952945472,5.444304985984786,-1.677964368495899
2025-06-06,1.0681886952945472,5.499768973445124,-1.677964368495899
2025-06-09,1.0681886952945472,5.521798015985587,-1.677964368495899
2025-06-10,1.0681886952945472,5.522029149944686,-1.677964368495899
2025-06-11,1.0681886952945472,5.530200895364807,-1.677964368495899
2025-06-12,1.0681886952945472,5.47450577394537,-1.677964368495899
2025-06-13,1.0681886952945472,5.43719997963612,-1.677964368495899
2025-06-16,1.0681886952945472,5.487329842122154,-1.677964368495899
2025-06-17,1.0681886952945472,5.466851287422562,-1.677964368495899
2025-06-18,1.0681886952945472,5.4577558654000935,-1.677964368495899
2025-06-19,1.0681886952945472,5.45362037192372,-1.677964368495899
2025-06-20,1.0681886952945472,5.523821941787288,-1.677964368495899
2025-06-23,1.0681886952945472,5.492917011523798,-1.677964368495899
2025-06-24,1.0681886952945472,5.508853225424959,-1.677964368495899
2025-06-25,1.0681886952945472,5.552934080208176,-1.677964368495899
2025-06-26,1.0681886952945472,5.619858101792994,-1.677964368495899
2025-06-27,1.0681886952945472,5.639391069421996,-1.677964368495899
2025-06-30,1.0681886952945472,5.612830426508712,-1.677964368495899
2025-07-01,1.0681886952945472,5.618274533441248,-1.677964368495899
2025-07-02,1.0681886952945472,5.598829637302238,-1.677964368495899
2025-07-03,1.0681886952945472,5.588249458843623,-1.677964368495899
2025-07-04,1.0681886952945472,5.600501277143977,-1.677964368495899
2025-07-07,1.0681886952945472,5.600567438165726,-1.677964368495899
2025-07-08,1.0681886952945472,5.6140290580066425,-1.677964368495899
2025-07-09,1.0681886952945472,5.60382264635921,-1.677964368495899
2025-07-10,1.0681886952945472,5.577240092977684,-1.677964368495899
2025-07-11,1.0681886952945472,5.532059418612137,-1.677964368495899
2025-07-14,1.0681886952945472,5.517201113825065,-1.677964368495899
2025-07-15,1.0681886952945472,5.54216701834397,-1.677964368495899
2025-07-16,1.0681886952945472,5.545741431986544,-1.677964368495899
2025-07-17,1.0681886952945472,5.523612718296432,-1.677964368495899
2025-07-18,1.0681886952945472,5.492147137816168,-1.677964368495899
2025-07-21,1.0681886952945472,5.51904846702976,-1.677964368495899
2025-07-22,1.0681886952945472,5.512493800089285,-1.677964368495899
2025-07-23,1.0681886952945472,5.547468062807398,-1.677964368495899
2025-07-24,1.0681886952945472,5.512757584942234,-1.677964368495899
2025-07-25,1.0681886952945472,5.463243793269115,-1.677964368495899
2025-07-28,1.0681886952945472,5.428907511832158,-1.677964368495899
2025-07-29,1.0681886952945472,5.459746281073898,-1.677964368495899
2025-07-30,1.0681886952945472,5.467214313808137,-1.677964368495899
2025-07-31,1.0681886952945472,5.448143184480309,-1.677964368495899
2025-08-01,1.0681886952945472,5.403490509437686,-1.677964368495899
2025-08-04,1.0681886952945472,5.43811291581286,-1.677964368495899
2025-08-05,1.0681886952945472,5.422011728974349,-1.677964368495899
2025-08-06,1.0681886952945472,5.4054371041750064,-1.677964368495899
2025-08-07,1.0681886952945472,5.410265569911653,-1.677964368495899
2025-08-08,1.0681886952945472,5.359047057885921,-1.677964368495899
2025-08-11,1.0681886952945472,5.4078240563622835,-1.677964368495899
2025-08-12,1.0681886952945472,5.386344493995962,-1.677964368495899
2025-08-13,1.0681886952945472,5.415368560926857,-1.677964368495899
2025-08-14,1.0681886952945472,5.417997387498842,-1.677964368495899
2025-08-18,1.0681886952945472,5.472031179885126,-1.677964368495899
2025-08-19,1.0681886952945472,5.494841695792878,-1.677964368495899
2025-08-20,1.0681886952945472,5.510217259477265,-1.677964368495899
2025-08-21,1.0681886952945472,5.517519889657131,-1.677964368495899
2025-08-22,1.0681886952945472,5.470524512980739,-1.677964368495899
2025-08-25,1.0681886952945472,5.492004075347061,-1.677964368495899
2025-08-26,1.0681886952945472,5.435759473753483,-1.677964368495899
2025-08-28,1.0681886952945472,5.389314006868256,-1.677964368495899
2025-08-29,1.0681886952945472,5.37302550700713,-1.677964368495899
2025-09-01,1.0681886952945472,5.41662261302093,-1.677964368495899
2025-09-02,1.0681886952945472,5.406624995247331,-1.677964368495899
2025-09-03,1.0681886952945472,5.436419365502881,-1.677964368495899
2025-09-04,1.0681886952945472,5.4406536708948545,-1.677964368495899
2025-09-05,1.0681886952945472,5.442127257288368,-1.677964368495899
2025-09-08,1.0681886952945472,5.449199183126159,-1.677964368495899
2025-09-09,1.0681886952945472,5.470194567106041,-1.677964368495899
2025-09-10,1.0681886952945472,5.49318079637675,-1.677964368495899
2025-09-11,1.0681886952945472,5.500307713193657,-1.677964368495899
2025-09-12,1.0681886952945472,5.524173798130232,-1.677964368495899
2025-09-15,1.0681886952945472,5.51431924282574,-1.677964368495899
2025-09-16,1.0681886952945472,5.551691198156739,-1.677964368495899
2025-09-17,1.0681886952945472,5.571740995066031,-1.677964368495899
2025-09-18,1.0681886952945472,5.592274540744738,-1.677964368495899
2025-09-19,1.0681886952945472,5.571037282380148,-1.677964368495899
2025-09-22,1.0681886952945472,5.543607524226608,-1.677964368495899
2025-09-23,1.0681886952945472,5.5363817954941,-1.677964368495899
2025-09-24,1.0681886952945472,5.51161394442342,-1.677964368495899
2025-09-25,1.0681886952945472,5.475088764247411,-1.677964368495899
2025-09-26,1.0681886952945472,5.4231441994505305,-1.677964368495899
2025-09-29,1.0681886952945472,5.418789171674716,-1.677964368495899
2025-09-30,1.0681886952945472,5.413553858616012,-1.677964368495899
2025-10-01,1.0681886952945472,5.463089990374399,-1.677964368495899
2025-10-03,1.0681886952945472,5.475836727486801,-1.677964368495899
2025-10-06,1.0681886952945472,5.5161781956900935,-1.677964368495899
2025-10-07,1.0681886952945472,5.522920175653185,-1.677964368495899
2025-10-08,1.0681886952945472,5.509249332321411,-1.677964368495899
2025-10-09,1.0681886952945472,5.539087523513445,-1.677964368495899
2025-10-10,1.0681886952945472,5.561864529293298,-1.677964368495899
2025-10-13,1.0681886952945472,5.549106622138263,-1.677964368495899
2025-10-14,1.0681886952945472,5.531102661498915,-1.677964368495899
2025-10-15,1.0681886952945472,5.570267408672518,-1.677964368495899
2025-10-16,1.0681886952945472,5.627842963807526,-1.677964368495899
2025-10-17,1.0681886952945472,5.655239211833167,-1.677964368495899
2025-10-20,1.0681886952945472,5.684560573744911,-1.677964368495899
2025-10-21,1.0681886952945472,5.690158483572164,-1.677964368495899
2025-10-23,1.0681886952945472,5.695173832714402,-1.677964368495899
2025-10-24,1.0681886952945472,5.674002305754537,-1.677964368495899
2025-10-27,1.0681886952945472,5.711594225002002,-1.677964368495899
2025-10-28,1.0681886952945472,5.705027958401868,-1.677964368495899
2025-10-29,1.0681886952945472,5.730917969140145,-1.677964368495899
2025-10-30,1.0681886952945472,5.692193149799474,-1.677964368495899
2025-10-31,1.0681886952945472,5.657933769809875,-1.677964368495899
2025-11-03,1.0681886952945472,5.6670072813641035,-1.677964368495899
2025-11-04,1.0681886952945472,5.630559432252476,-1.677964368495899
2025-11-06,1.0681886952945472,5.611213348029066,-1.677964368495899
2025-11-07,1.0681886952945472,5.607386319576175,-1.677964368495899
2025-11-10,1.0681886952945472,5.625434101152006,-1.677964368495899
2025-11-11,1.0681886952945472,5.651961663554416,-1.677964368495899
2025-11-12,1.0681886952945472,5.691742481540934,-1.677964368495899
2025-11-13,1.0681886952945472,5.69247927473769,-1.677964368495899
2025-11-14,1.0681886952945472,5.699276245679897,-1.677964368495899
2025-11-17,1.0681886952945472,5.722020170948875,-1.677964368495899
2025-11-18,1.0681886952945472,5.699276245679897,-1.677964368495899
2025-11-19,1.0681886952945472,5.730643014244562,-1.677964368495899
2025-11-20,1.0681886952945472,5.761327980591586,-1.677964368495899
2025-11-21,1.0681886952945472,5.734052454949787,-1.677964368495899
2025-11-24,1.0681886952945472,5.710153289502339,-1.677964368495899
2025-11-25,1.0681886952945472,5.6937221567891285,-1.677964368495899
2025-11-26,1.0681886952945472,5.76422059201652,-1.677964368495899
2025-11-27,1.0681886952945472,5.766475222160298,-1.677964368495899
2025-11-28,1.0681886952945472,5.763703333119206,-1.677964368495899
2025-12-01,1.0681886952945472,5.757720486438137,-1.677964368495899
2025-12-02,1.0681886952945472,5.7261444943826145,-1.677964368495899
2025-12-03,1.0681886952945472,5.715982333288689,-1.677964368495899
2025-12-04,1.0681886952945472,5.726485610299947,-1.677964368495899
2025-12-05,1.0681886952945472,5.760073928497515,-1.677964368495899
2025-12-08,1.0681886952945472,5.710384423461437,-1.677964368495899
2025-12-09,1.0681886952945472,5.683790700037277,-1.677964368495899
2025-12-10,1.0681886952945472,5.665830560334413,-1.677964368495899
2025-12-11,1.0681886952945472,5.696746660640537,-1.677964368495899
2025-12-12,1.0681886952945472,5.72938896215049,-1.677964368495899
2025-12-15,1.0681886952945472,5.72506701488555,-1.677964368495899
2025-12-16,1.0681886952945472,5.688288790282199,-1.677964368495899
2025-12-17,1.0681886952945472,5.679149547323246,-1.677964368495899
2025-12-18,1.0681886952945472,5.6784896555738475,-1.677964368495899
2025-12-19,1.0681886952945472,5.711671126449358,-1.677964368495899
2025-12-22,1.0681886952945472,5.756983693241379,-1.677964368495899
2025-12-23,1.0681886952945472,5.758028521844593,-1.677964368495899
2025-12-24,1.0681886952945472,5.7503186147256455,-1.677964368495899
2025-12-26,1.0681886952945472,5.728366473632541,-1.677964368495899
2025-12-29,1.0681886952945472,5.70632583143242,-1.677964368495899
2025-12-30,1.0681886952945472,5.705610948703906,-1.677964368495899
2025-12-31,1.0681886952945472,5.747569065769818,-1.677964368495899
2026-01-01,1.0681886952945472,5.751297711924133,-1.677964368495899
2026-01-02,1.0681886952945472,5.791331144720967,-1.677964368495899
2026-01-05,1.0681886952945472,5.774118968257493,-1.677964368495899
2026-01-06,1.0681886952945472,5.7583692081449,-1.677964368495899
2026-01-07,1.0681886952945472,5.75002174936182,-1.677964368495899
2026-01-08,1.0681886952945472,5.691973185883005,-1.677964368495899
2026-01-09,1.0681886952945472,5.649399427621201,-1.677964368495899
2026-01-12,1.0681886952945472,5.672924396640443,-1.677964368495899
2026-01-13,1.0681886952945472,5.660177659528041,-1.677964368495899
2026-01-14,1.0681886952945472,5.645505808529536,-1.677964368495899
2026-01-16,1.0681886952945472,5.651829771127937,-1.677964368495899
2026-01-19,1.0681886952945472,5.627886784744004,-1.677964368495899
2026-01-20,1.0681886952945472,5.550239522231462,-1.677964368495899
2026-01-21,1.0681886952945472,5.533742228496503,-1.677964368495899
2026-01-22,1.0681886952945472,5.562865536960023,-1.677964368495899
2026-01-23,1.0681886952945472,5.50979924211257,-1.677964368495899
2026-01-27,1.0681886952945472,5.537679668524651,-1.677964368495899
2026-01-28,1.0681886952945472,5.574490544021852,-1.677964368495899
2026-01-29,1.0681886952945472,5.591240882184152,-1.677964368495899
2026-01-30,1.0681886952945472,5.569629427391356,-1.677964368495899
2026-02-02,1.0681886952945472,5.518542807792099,-1.677964368495899
2026-02-03,1.0681886952945472,5.659132830924827,-1.677964368495899
2026-02-04,1.0681886952945472,5.669789910830801,-1.677964368495899
2026-02-05,1.0681886952945472,5.640490889004323,-1.677964368495899
2026-02-06,1.0681886952945472,5.651686708658829,-1.677964368495899
2026-02-09,1.0681886952945472,5.689872788250968,-1.677964368495899
2026-02-10,1.0681886952945472,5.704797254059789,-1.677964368495899
2026-02-11,1.0681886952945472,5.7089104074508965,-1.677964368495899
2026-02-12,1.0681886952945472,5.676652613177734,-1.677964368495899
2026-02-13,1.0681886952945472,5.6027228267768745,-1.677964368495899
2026-02-16,1.0681886952945472,5.649278275620335,-1.677964368495899
2026-02-17,1.0681886952945472,5.658659822581021,-1.677964368495899
2026-02-18,1.0681886952945472,5.679325260686204,-1.677964368495899
2026-02-19,1.0681886952945472,5.599038431176068,-1.677964368495899
2026-02-20,1.0681886952945472,5.6247522989343635,-1.677964368495899
2026-02-23,1.0681886952945472,5.6559321840934365,-1.677964368495899
2026-02-24,1.0681886952945472,5.592505674703834,-1.677964368495899
2026-02-25,1.0681886952945472,5.605230501347995,-1.677964368495899
2026-02-26,1.0681886952945472,5.608321166221154,-1.677964368495899
2026-02-27,1.0681886952945472,5.538394551253169,-1.677964368495899
2026-03-02,1.0681886952945472,5.469556585824881,-1.677964368495899
2026-03-04,1.0681886952945472,5.38482665704894,-1.677964368495899
2026-03-05,1.0681886952945472,5.447604444731777,-1.677964368495899
2026-03-06,1.0681886952945472,5.378216569512324,-1.677964368495899
2026-03-09,1.0681886952945472,5.285304154890652,-1.677964368495899
2026-03-10,1.0681886952945472,5.336676469811101,-1.677964368495899
2026-03-11,1.0681886952945472,5.249845713786098,-1.677964368495899
2026-03-12,1.0681886952945472,5.199760101853572,-1.677964368495899
2026-03-13,1.0681886952945472,5.09240654057547,-1.677964368495899
2026-03-16,1.0795779596938704,5.149091499619005,-0.6296330530459748
2026-03-17,1.0795779596938704,5.187002194698537,-0.6296330530459748
2026-03-18,1.0795779596938704,5.230258184795004,-0.6296330530459748
2026-03-19,1.0795779596938704,5.059643087064651,-0.6296330530459748
2026-03-20,1.0795779596938704,5.084355947156215,-0.6296330530459748
2026-03-23,1.0795779596938704,4.951970749954484,-0.6296330530459748
2026-03-24,1.0795779596938704,5.039901325561817,-0.6296330530459748
2026-03-25,1.0795779596938704,5.126577849075078,-0.6296330530459748
2026-03-27,1.0795779596938704,5.019488502266951,-0.6296330530459748
2026-03-30,1.0795779596938704,4.912102290094999,-0.6296330530459748
2026-04-01,1.0795779596938704,4.988649733025209,-0.6296330530459748
2026-04-02,1.0795779596938704,4.996062345163308,-0.6296330530459748
2026-04-06,1.0795779596938704,5.052186224373044,-0.6296330530459748
2026-04-07,1.0795779596938704,5.086368702915285,-0.6296330530459748
2026-04-08,1.0795779596938704,5.278551004884928,-0.6296330530459748
2026-04-09,1.0795779596938704,5.229664024450332,-0.6296330530459748
2026-04-10,1.0795779596938704,5.29026408343675,-0.6296330530459748
2026-04-13,1.0795779596938704,5.244522758854429,-0.6296330530459748
2026-04-15,1.0795779596938704,5.330011820912393,-0.6296330530459748
2026-04-16,1.0795779596938704,5.322411895751679,-0.6296330530459748
2026-04-17,1.0795779596938704,5.356902409700377,-0.6296330530459748
2026-04-20,1.0795779596938704,5.359387744186229,-0.6296330530459748
2026-04-21,1.0795779596938704,5.40596510349793,-0.6296330530459748
2026-04-22,1.0795779596938704,5.362302266079404,-0.6296330530459748
2026-04-23,1.0795779596938704,5.317198922778241,-0.6296330530459748
2026-04-24,1.0795779596938704,5.25668650566479,-0.6296330530459748
2026-04-27,1.0795779596938704,5.299524478396568,-0.6296330530459748
2026-04-28,1.0795779596938704,5.2781879784993535,-0.6296330530459748
2026-04-29,1.0795779596938704,5.318210670870579,-0.6296330530459748
2026-04-30,1.0795779596938704,5.278595255438435,-0.6296330530459748
2026-05-04,1.0795779596938704,5.305375862268186,-0.6296330530459748
2026-05-05,1.0795779596938704,5.286348983493867,-0.6296330530459748
2026-05-06,1.0795779596938704,5.351930881494622,-0.6296330530459748
2026-05-07,1.0795779596938704,5.3509852944240315,-0.6296330530459748
2026-05-08,1.0795779596938704,5.31788072499588,-0.6296330530459748
2026-05-11,1.0795779596938704,5.238627554046326,-0.6296330530459748
2026-05-12,1.0795779596938704,5.142657555062371,-0.6296330530459748
2026-05-13,1.0795779596938704,5.149927104731361,-0.6296330530459748
2026-05-14,1.0795779596938704,5.210857109592477,-0.6296330530459748
2026-05-15,1.0795779596938704,5.200716858966794,-0.6296330530459748
2026-05-18,1.0795779596938704,5.202135454381191,-0.6296330530459748
2026-05-19,1.0795779596938704,5.195107779096908,-0.6296330530459748
2026-05-20,1.0795779596938704,5.204126299672019,-0.6296330530459748
2026-05-21,1.0795779596938704,5.203180282984405,-0.6296330530459748
2026-05-22,1.0795779596938704,5.217390295681737,-0.6296330530459748
2026-05-25,1.0795779596938704,5.286106679492135,-0.6296330530459748
2026-05-26,1.0795779596938704,5.260150937349132,-0.6296330530459748
2026-05-27,1.0795779596938704,5.258710431466493,-0.6296330530459748
2026-05-29,1.0795779596938704,5.1796553139651635,-0.6296330530459748
2026-06-01,1.0795779596938704,5.143328187237378,-0.6296330530459748
2026-06-02,1.0795779596938704,5.165533802374847,-0.6296330530459748
2026-06-03,1.0795779596938704,5.148387357316098,-0.6296330530459748
2026-06-04,1.0795779596938704,5.150796219971617,-0.6296330530459748
2026-06-05,1.0795779596938704,5.139830675042161,-0.6296330530459748
2026-06-08,1.0795779596938704,5.086225640446176,-0.6296330530459748
2026-06-09,1.0795779596938704,5.112423256973885,-0.6296330530459748
2026-06-10,1.0795779596938704,5.106451150718425,-0.6296330530459748
2026-06-11,1.0795779596938704,5.094716161698362,-0.6296330530459748
2026-06-12,1.0795779596938704,5.196185688210995,-0.6296330530459748
2026-06-15,1.0795779596938704,5.2469973529146685,-0.6296330530459748
2026-06-16,1.0795779596938704,5.276747472616712,-0.6296330530459748
2026-06-17,1.0795779596938704,5.297984730981302,-0.6296330530459748
2026-06-18,1.0795779596938704,5.316087933153274,-0.6296330530459748
2026-06-19,1.0795779596938704,5.282015436569266,-0.6296330530459748
2026-06-22,1.0795779596938704,5.301768368114734,-0.6296330530459748
2026-06-23,1.0795779596938704,5.240442256357169,-0.6296330530459748
2026-06-24,1.0795779596938704,5.283896299901862,-0.6296330530459748
2026-06-25,1.0795779596938704,5.2914519745090685,-0.6296330530459748
2026-06-29,1.0795779596938704,5.267310934676911,-0.6296330530459748
2026-06-30,1.0795779596938704,5.249603839401388,-0.6296330530459748
2026-07-01,1.0795779596938704,5.280420698174887,-0.6296330530459748
2026-07-02,1.0795779596938704,5.317781483463253,-0.6296330530459748
2026-07-03,1.0795779596938704,5.338711136038409,-0.6296330530459748
2026-07-06,1.0795779596938704,5.373795380714755,-0.6296330530459748
2026-07-07,1.0795779596938704,5.366833436835198,-0.6296330530459748
2026-07-08,1.0795779596938704,5.253189423086595,-0.6296330530459748
2026-07-09,1.0789460501421402,5.270951509341234,-0.6877975269210412
2026-07-10,1.0789460501421402,5.32464461542721,-0.6877975269210412
2026-07-13,1.0789460501421402,5.325546381561316,-0.6877975269210412
2026-07-14,1.0789460501421402,5.290583288885835,-0.6877975269210412
2026-07-15,1.0789460501421402,5.296401162629554,-0.6877975269210412
2026-07-16,1.0789460501421402,5.295136370109873,-0.6877975269210412
2026-07-17,1.0789460501421402,5.352668104308397,-0.6877975269210412
2026-07-20,1.0789460501421402,5.331595389264133,-0.6877975269210412
2026-07-21,1.0789460501421402,5.320421050460844,-0.6877975269210412
2026-07-22,1.0789460501421402,5.278309130500214,-0.6877975269210412
2026-07-23,1.0789460501421402,5.2504506145563745,-0.6877975269210412
2026-07-24,1.0789460501421402,5.227981214565955,-0.6877975269210412
2026-07-27,1.0789460501421402,5.278242969478464,-0.6877975269210412
2026-07-28,1.0789460501421402,5.275911437887328,-0.6877975269210412
2026-07-29,1.0789460501421402,5.334168795239975,-0.6877975269210412
2026-07-30,1.0789460501421402,5.3488956372175975,-0.6877975269210412
2026-07-31,1.0789460501421402,5.363512067619962,-0.6877975269210412
2026-08-03,1.0789460501421402,5.449452227553491,-0.6877975269210412
2026-08-04,1.0789460501421402,5.414389893345386,-0.6877975269210412
2026-08-05,1.0789460501421402,5.416534541530931,-0.6877975269210412
2026-08-06,1.0789460501421402,5.419031046059416,-0.6877975269210412
2026-08-07,1.0789460501421402,5.404656490041759,-0.6877975269210412
2026-08-10,1.0789460501421402,5.407549101466694,-0.6877975269210412
2026-08-11,1.0789460501421402,5.382890802737222,-0.6877975269210412
2026-08-12,1.0789460501421402,5.375027092723558,-0.6877975269210412
2026-08-13,1.0789460501421402,5.366206625596671,-0.6877975269210412
2026-08-14,1.0789460501421402,5.359640788613563,-0.6877975269210412
2026-08-17,1.0789460501421402,5.342406701681846,-0.6877975269210412
2026-08-18,1.0789460501421402,5.313206491770969,-0.6877975269210412
2026-08-19,1.0789460501421402,5.296357341693069,-0.6877975269210412
2026-08-20,1.0789460501421402,5.330132543296227,-0.6877975269210412
2026-08-21,1.0789460501421402,5.3345649021364245,-0.6877975269210412
2026-08-24,1.0789460501421402,5.327317262935676,-0.6877975269210412
2026-08-25,1.0789460501421402,5.352723095287513,-0.6877975269210412
2026-08-26,1.0789460501421402,5.324831498832799,-0.6877975269210412
2026-08-27,1.0789460501421402,5.2991176310745045,-0.6877975269210412
2026-08-28,1.0789460501421402,5.3177707430376415,-0.6877975269210412
2026-08-31,1.0789460501421402,5.296819179994243,-0.6877975269210412
2026-09-01,1.0789460501421402,5.291408153572581,-0.6877975269210412
2026-09-02,1.0789460501421402,5.260315910286475,-0.6877975269210412
2026-09-03,1.0789460501421402,5.251297389711364,-0.6877975269210412
2026-09-04,1.0789460501421402,5.256631514685667,-0.6877975269210412
2026-09-07,1.0789460501421402,5.230555050158823,-0.6877975269210412
2026-09-08,1.0789460501421402,5.198869076145068,-0.6877975269210412
2026-09-09,1.0789460501421402,5.15408450867597,-0.6877975269210412
2026-09-10,1.0789460501421402,5.164269009855161,-0.6877975269210412
2026-09-11,1.0789460501421402,5.1467376279425965,-0.6877975269210412
2026-09-15,1.0789460501421402,5.085257713290315,-0.6877975269210412
2026-09-16,1.0789460501421402,5.107034141020461,-0.6877975269210412
2026-09-17,1.0789460501421402,5.118692228593165,-0.6877975269210412
2026-09-18,1.0789460501421402,5.135365665308107,-0.6877975269210412
2026-09-21,1.0789460501421402,5.150301301159561,-0.6877975269210412
2026-09-23,1.0789460501421402,5.157450128444711,-0.6877975269210412
