Date,equity,buy_hold_equity,drawdown_%
2007-09-18,1.0,1.0,0.0
2007-09-19,1.0,1.040946261569318,0.0
2007-09-20,1.0,1.0442896486570494,0.0
2007-09-21,1.0,1.0640864011390008,0.0
2007-09-24,1.0,1.0849060717559245,0.0
2007-09-25,1.0,1.086368810319573,0.0
2007-09-26,1.0,1.086731729300891,0.0
2007-09-27,1.0,1.0999405195229794,0.0
2007-09-28,1.0,1.1045158334280285,0.0
2007-10-01,1.0,1.1149861373326673,0.0
2007-10-03,1.0,1.1461879329599822,0.0
2007-10-04,1.0,1.1457150320204312,0.0
2007-10-05,1.0,1.140699897686706,0.0
2007-10-08,1.0,1.1185385331027438,0.0
2007-10-09,1.0,1.1718027739941645,0.0
2007-10-10,1.0,1.1969226962162984,0.0
2007-10-11,1.0,1.2152676653687222,0.0
2007-10-12,1.0,1.1940191295572433,0.0
2007-10-15,1.0,1.247283370448664,0.0
2007-10-16,1.0,1.2467664337641176,0.0
2007-10-17,1.0,1.2228453578484264,0.0
2007-10-18,1.0,1.177026917010235,0.0
2007-10-19,0.9719401456385897,1.1471777705840793,-2.805985436141034
2007-10-22,0.9661070127669021,1.140292942960392,-3.389298723309786
2007-10-23,1.0200964784866837,1.2040165325223309,0.0
2007-10-24,1.0242802785247727,1.208954658004442,0.0
2007-10-25,1.0368232963883377,1.2249680955657294,0.0
2007-10-26,1.0368232963883377,1.2543001979030821,0.0
2007-10-29,1.0368232963883377,1.2990848727764366,0.0
2007-10-30,1.0368232963883377,1.2909132347605712,0.0
2007-10-31,1.0368232963883377,1.2979300622149892,0.0
2007-11-01,1.0368232963883377,1.2904073607144013,0.0
2007-11-02,1.0368232963883377,1.3049139165627888,0.0
2007-11-05,1.0368232963883377,1.2861949657906704,0.0
2007-11-06,1.0368232963883377,1.2728212026312324,0.0
2007-11-07,1.0368232963883377,1.2719083738587493,0.0
2007-11-08,1.0368232963883377,1.25351936896133,0.0
2007-11-12,1.0368232963883377,1.2355593366627222,0.0
2007-11-13,1.0368232963883377,1.2527824683603173,0.0
2007-11-14,1.0368232963883377,1.3061237181033525,0.0
2007-11-15,1.0368232963883377,1.300448692020229,0.0
2007-11-16,1.0368232963883377,1.2992938814587818,0.0
2007-11-19,1.0368232963883377,1.2994698096302524,0.0
2007-11-20,1.0368232963883377,1.271589383218171,0.0
2007-11-21,0.9967181058843801,1.2232302947022422,-3.8680834664556296
2007-11-22,0.9892441837891155,1.2140578638281585,-4.588931668969909
2007-11-23,1.0052406402271064,1.2336896433727602,-3.0460982378816226
2007-11-26,1.0273041175343403,1.2607672229705915,-0.91811004702117
2007-11-27,1.0202635271427842,1.2533873691305992,-1.5971640783186136
2007-11-28,1.0202635271427842,1.2356582559825784,-1.5971640783186136
2007-11-29,1.0202635271427842,1.2394087052008795,-1.5971640783186136
2007-11-30,1.0202635271427842,1.2675970596151622,-1.5971640783186136
2007-12-03,1.0202635271427842,1.2900883700738235,-1.5971640783186136
2007-12-04,1.0202635271427842,1.288625631510175,-1.5971640783186136
2007-12-05,1.0202635271427842,1.306585663808783,-1.5971640783186136
2007-12-06,1.0202635271427842,1.3098191763425375,-1.5971640783186136
2007-12-07,1.0202635271427842,1.3141303831818687,-1.5971640783186136
2007-12-10,1.0202635271427842,1.3111169419688364,-1.5971640783186136
2007-12-11,1.0202635271427842,1.3411749896730814,-1.5971640783186136
2007-12-12,1.0202635271427842,1.354823707728102,-1.5971640783186136
2007-12-13,1.0202635271427842,1.3325634238242838,-1.5971640783186136
2007-12-14,1.0202635271427842,1.3302758205738874,-1.5971640783186136
2007-12-17,1.0202635271427842,1.270731545424805,-1.5971640783186136
2007-12-18,1.0130096024406354,1.263098754561728,-2.2967938732332382
2007-12-19,1.0145708643414857,1.2650454567033045,-2.146212582642193
2007-12-20,1.0172788031209081,1.2684219243019108,-1.8850360843077785
2007-12-24,1.055842445834142,1.316506057922257,0.0
2007-12-26,1.069896259183621,1.3353459458867292,0.0
2007-12-27,1.069896259183621,1.3377105579887398,0.0
2007-12-28,1.069896259183621,1.3373146659008033,0.0
2007-12-31,1.069896259183621,1.3502705190998068,0.0
2008-01-01,1.069896259183621,1.3515353116194868,0.0
2008-01-02,1.069896259183621,1.359245003929922,0.0
2008-01-03,1.069896259183621,1.3590580131200747,0.0
2008-01-04,1.069896259183621,1.380119558121706,0.0
2008-01-07,1.069896259183621,1.381175449363297,0.0
2008-01-08,1.069896259183621,1.3831001336323756,0.0
2008-01-09,1.069896259183621,1.3796136840755362,0.0
2008-01-10,1.069896259183621,1.354306878447811,0.0
2008-01-11,1.069896259183621,1.363798299962473,0.0
2008-01-14,1.069896259183621,1.3652719937602422,0.0
2008-01-15,1.069896259183621,1.3361158195943599,0.0
2008-01-16,1.046026018077037,1.3056508171638015,-2.2310799670238968
2008-01-17,1.042052184541986,1.3006906738091928,-2.6025022896034145
2008-01-18,1.0054149916409827,1.2549600896524806,-6.026871015685242
2008-01-21,0.917919406756975,1.1457480051270497,-14.204821366756725
2008-01-22,0.8624599294013754,1.077669172980784,-19.38845266554431
2008-01-23,0.8624599294013754,1.1445602214589836,-19.38845266554431
2008-01-24,0.8624599294013754,1.1071774182981193,-19.38845266554431
2008-01-25,0.8624599294013754,1.1841427711887653,-19.38845266554431
2008-01-28,0.8624599294013754,1.160111713314841,-19.38845266554431
2008-01-29,0.8624599294013754,1.1615854071126104,-19.38845266554431
2008-01-30,0.8624599294013754,1.1366855562111986,-19.38845266554431
2008-01-31,0.8557946878790574,1.1300536656105962,-20.01143283442571
2008-02-01,0.8857456775497018,1.1696031348295028,-17.21200350531502
2008-02-04,0.9101079522860117,1.2017728576126736,-14.934934628104502
2008-02-05,0.9135061610073267,1.2062601000277313,-14.617314233403055
2008-02-06,0.8857150110320835,1.1707689006250708,-17.21486981289906
2008-02-07,0.8857150110320835,1.1291297741997357,-17.21486981289906
2008-02-08,0.8857150110320835,1.126292261158174,-17.21486981289906
2008-02-11,0.8857150110320835,1.0683647422759688,-17.21486981289906
2008-02-12,0.8857150110320835,1.064240418842229,-17.21486981289906
2008-02-13,0.8857150110320835,1.084301170985642,-17.21486981289906
2008-02-14,0.8857150110320835,1.1442522934567818,-17.21486981289906
2008-02-15,0.8857150110320835,1.1664466311473627,-17.21486981289906
2008-02-18,0.8857150110320835,1.1607275693192434,-17.21486981289906
2008-02-19,0.8857150110320835,1.16158540711261,-17.21486981289906
2008-02-20,0.8857150110320835,1.13379305219052,-17.21486981289906
2008-02-21,0.8908234723624159,1.142008618547125,-16.737397227451346
2008-02-22,0.8769167211080963,1.124180586079248,-18.03721962938507
2008-02-25,0.89235062617809,1.1439663833270783,-16.594658732708
2008-02-26,0.9042498253295359,1.1592207950105993,-15.482476215075348
2008-02-27,0.9030624806642259,1.1588578760292814,-15.593453765947062
2008-02-28,0.9030624806642259,1.162531316395968,-15.593453765947062
2008-02-29,0.9030624806642259,1.1489815176608036,-15.593453765947062
2008-03-03,0.9030624806642259,1.089481278256717,-15.593453765947062
2008-03-04,0.9030624806642259,1.0699594806703483,-15.593453765947062
2008-03-05,0.9030624806642259,1.082530397015536,-15.593453765947062
2008-03-07,0.9030624806642259,1.0495798452906129,-15.593453765947062
2008-03-10,0.908334158370934,1.0559147631231347,-15.100725834481011
2008-03-11,0.9207281023305296,1.070322399651666,-13.942301000931945
2008-03-12,0.9218823659717452,1.0716642010229604,-13.834415434335378
2008-03-13,0.874880007663082,1.0170251856536263,-18.22758513702488
2008-03-14,0.8971278195764009,1.0439047118032332,-16.14814876902647
2008-03-17,0.8971278195764009,0.9905195337194583,-16.14814876902647
2008-03-18,0.8971278195764009,0.9970964333409441,-16.14814876902647
2008-03-19,0.8971278195764009,1.0061039986819342,-16.14814876902647
2008-03-24,0.8971278195764009,1.014000681802217,-16.14814876902647
2008-03-25,0.8971278195764009,1.0728740025635242,-16.14814876902647
2008-03-26,0.8971278195764009,1.0621727795082985,-16.14814876902647
2008-03-27,0.8971278195764009,1.0624807075104998,-16.14814876902647
2008-03-28,0.8971278195764009,1.0870616751755893,-16.14814876902647
2008-03-31,0.8971278195764009,1.0414191625088682,-16.14814876902647
2008-04-01,0.8969694944467104,1.0425299373253198,-16.16294694486188
2008-04-02,0.8997421108372705,1.0457524946249535,-15.903798792247926
2008-04-03,0.9030350779442433,1.0495798452906129,-15.596015016138132
2008-04-04,0.8794542546153689,1.0221723198180825,-17.800043970017054
2008-04-07,0.9001874208999153,1.0472922420402164,-15.862176993982679
2008-04-08,0.9001874208999153,1.035953037703834,-15.862176993982679
2008-04-09,0.9001874208999153,1.0441796666988157,-15.862176993982679
2008-04-10,0.9001874208999153,1.041089216634169,-15.862176993982679
2008-04-11,0.9001874208999153,1.0509435571301489,-15.862176993982679
2008-04-15,0.9001874208999153,1.073346903503075,-15.862176993982679
2008-04-16,0.9001874208999153,1.0750296059831896,-15.862176993982679
2008-04-17,0.9001874208999153,1.0906690619247823,-15.862176993982679
2008-04-21,0.9001874208999153,1.1079582472398708,-15.862176993982679
2008-04-22,0.9001874208999153,1.1106637604507017,-15.862176993982679
2008-04-23,0.9001874208999153,1.1048347166643493,-15.862176993982679
2008-04-24,0.9001874208999153,1.0997866092240054,-15.862176993982679
2008-04-25,0.9001874208999153,1.1243895947615927,-15.862176993982679
2008-04-28,0.9001874208999153,1.119539325960961,-15.862176993982679
2008-04-29,0.9001874208999153,1.1428225279997515,-15.862176993982679
2008-04-30,0.9001874208999153,1.136311574591503,-15.862176993982679
2008-05-02,0.9001874208999153,1.1500153910298963,-15.862176993982679
2008-05-05,0.9001874208999153,1.1421076452712366,-15.862176993982679
2008-05-06,0.9001874208999153,1.1316373413665979,-15.862176993982679
2008-05-07,0.9001874208999153,1.1296246930117841,-15.862176993982679
2008-05-08,0.9001874208999153,1.1177906772676092,-15.862176993982679
2008-05-09,0.9001874208999153,1.095992231664965,-15.862176993982679
2008-05-12,0.9001874208999153,1.1026021043930698,-15.862176993982679
2008-05-13,0.9001874208999153,1.0905370620940515,-15.862176993982679
2008-05-14,0.9001874208999153,1.1024041583491013,-15.862176993982679
2008-05-15,0.9001874208999153,1.125170423703345,-15.862176993982679
2008-05-16,0.9001874208999153,1.1345079349190346,-15.862176993982679
2008-05-20,0.9001874208999153,1.1229048383254465,-15.862176993982679
2008-05-21,0.9001874208999153,1.1256983156220126,-15.862176993982679
2008-05-22,0.9001874208999153,1.1054177069663895,-15.862176993982679
2008-05-23,0.9001874208999153,1.0880624680338074,-15.862176993982679
2008-05-26,0.9001874208999153,1.0723350480064795,-15.862176993982679
2008-05-27,0.9001874208999153,1.068980598280371,-15.862176993982679
2008-05-28,0.9001874208999153,1.0818595500320163,-15.862176993982679
2008-05-29,0.9001874208999153,1.063591482326951,-15.862176993982679
2008-05-30,0.9001874208999153,1.0712462910625258,-15.862176993982679
2008-06-02,0.9001874208999153,1.0425409999636965,-15.862176993982679
2008-06-03,0.8948426322492522,1.0373278121817469,-16.361738386480816
2008-06-04,0.8701182270195784,1.0086665568279132,-18.672654516661467
2008-06-05,0.8874519201716148,1.028760282077945,-17.05252611605722
2008-06-06,0.8781256270284767,1.01794896966023,-17.924226812557865
2008-06-09,0.8531777711901474,0.9900466327799069,-20.25602820210247
2008-06-10,0.8531777711901474,0.9787953925292597,-20.25602820210247
2008-06-11,0.8531777711901474,0.9950287940070135,-20.25602820210247
2008-06-12,0.8531777711901474,0.9984932256913549,-20.25602820210247
2008-06-13,0.8531777711901474,0.9935990285499836,-20.25602820210247
2008-06-16,0.8531777711901474,1.0057850080413557,-20.25602820210247
2008-06-17,0.8531777711901474,1.0234921033168787,-20.25602820210247
2008-06-18,0.8531777711901474,1.007962629333519,-20.25602820210247
2008-06-19,0.8531777711901474,0.9907724707425427,-20.25602820210247
2008-06-20,0.8531777711901474,0.9563040820705986,-20.25602820210247
2008-06-23,0.8357067296975954,0.9384540317302238,-21.88899414086397
2008-06-24,0.8209569277655993,0.921890791782027,-23.267613965486113
2008-06-25,0.8330133657850777,0.9354295278788146,-22.140734801642882
2008-06-26,0.8453930839900784,0.949331290361176,-20.983639606782866
2008-06-27,0.8094457753300286,0.909913713568744,-24.343526918425518
2008-06-30,0.8094457753300286,0.8887752134176262,-24.343526918425518
2008-07-01,0.8094457753300286,0.8571443914893718,-24.343526918425518
2008-07-02,0.8094457753300286,0.9003893189474631,-24.343526918425518
2008-07-03,0.8094457753300286,0.8635233450668893,-24.343526918425518
2008-07-04,0.8094457753300286,0.8833750885279571,-24.343526918425518
2008-07-07,0.8094457753300286,0.8864545833584829,-24.343526918425518
2008-07-08,0.8094457753300286,0.8773370897613877,-24.343526918425518
2008-07-09,0.8094457753300286,0.9144120186221787,-24.343526918425518
2008-07-10,0.8094457753300286,0.9155338560770072,-24.343526918425518
2008-07-11,0.8094457753300286,0.8906338977713395,-24.343526918425518
2008-07-14,0.8070864142167729,0.8885882226077789,-24.56404933758567
2008-07-15,0.7714041811064273,0.8493026993482059,-27.899160831252612
2008-07-16,0.7625335334222154,0.8395362692358331,-28.72827371094251
2008-07-17,0.7886059591786717,0.8682415603346625,-26.291362138193332
2008-07-18,0.8167967143615747,0.9001473371584995,-23.656456656383916
2008-07-21,0.8167967143615747,0.9149399105408463,-23.656456656383916
2008-07-22,0.8167967143615747,0.9326690236888673,-23.656456656383916
2008-07-23,0.8167967143615747,0.9847344182738453,-23.656456656383916
2008-07-24,0.8167967143615747,0.9752209788866855,-23.656456656383916
2008-07-25,0.8167967143615747,0.9484514346953118,-23.656456656383916
2008-07-28,0.8167967143615747,0.9529057040037507,-23.656456656383916
2008-07-29,0.8167967143615747,0.9216158368864444,-23.656456656383916
2008-07-30,0.8398238655103315,0.9488253089107505,-21.504177783446508
2008-07-31,0.8436010123580142,0.9530926948135982,-21.15113917664131
2008-08-01,0.859293302598961,0.9708217005573629,-19.684427791658933
2008-08-04,0.8557499220881969,0.9668184217202331,-20.01561695886547
2008-08-05,0.8758238170363852,0.9904645427403415,-18.139370100734975
2008-08-06,0.8758238170363852,0.9936979478698398,-18.139370100734975
2008-08-07,0.8758238170363852,0.99508378498613,-18.139370100734975
2008-08-08,0.8758238170363852,0.9963265596333125,-18.139370100734975
2008-08-11,0.8758238170363852,1.016321258159232,-18.139370100734975
2008-08-12,0.8758238170363852,1.001330738732917,-18.139370100734975
2008-08-13,0.8758238170363852,0.9962275329092003,-18.139370100734975
2008-08-14,0.8758238170363852,0.9745941676481618,-18.139370100734975
2008-08-18,0.8675055783917818,0.9663124402698073,-18.916850961444844
2008-08-19,0.8626083043188867,0.9608573781031499,-19.374584506249636
2008-08-20,0.8719882378060146,0.9713056641352907,-18.49787020739927
2008-08-21,0.8459416628387922,0.94229244503426,-20.93236558427788
2008-08-22,0.85370553204012,0.9518828932730343,-20.206699975609244
2008-08-25,0.85370553204012,0.9536205867322656,-20.206699975609244
2008-08-26,0.85370553204012,0.9540934876718165,-20.206699975609244
2008-08-27,0.85370553204012,0.9441071473451056,-20.206699975609244
2008-08-28,0.85370553204012,0.92692794398825,-20.206699975609244
2008-08-29,0.85370553204012,0.9590426757923041,-20.206699975609244
2008-09-01,0.85370553204012,0.9565460638595623,-20.206699975609244
2008-09-02,0.85370553204012,0.990717479763426,-20.206699975609244
2008-09-04,0.85370553204012,0.9783445094622064,-20.206699975609244
2008-09-05,0.85370553204012,0.9573489106738123,-20.206699975609244
2008-09-08,0.877140996761838,0.9859442198144086,-18.01625725552718
2008-09-09,0.8744796899678827,0.9829527964738742,-18.265001633415366
2008-09-10,0.8610846750957941,0.9678962234300655,-19.51699356787727
2008-09-11,0.8395685275570445,0.9437111478529127,-21.52804345744016
2008-09-12,0.8266256124483901,0.9301064655428877,-22.737778980632882
2008-09-15,0.8266256124483901,0.8958910138940284,-22.737778980632882
2008-09-16,0.8266256124483901,0.8963309417269606,-22.737778980632882
2008-09-17,0.8266256124483901,0.8816703681753446,-22.737778980632882
2008-09-18,0.8266256124483901,0.8882472677968304,-22.737778980632882
2008-09-19,0.8266256124483901,0.933801816377816,-22.737778980632882
2008-09-22,0.8266256124483901,0.9289185744705656,-22.737778980632882
2008-09-23,0.8266256124483901,0.9077690653831989,-22.737778980632882
2008-09-24,0.8329116837375761,0.9153248473946616,-22.150238718179537
2008-09-25,0.8227635827958979,0.9041726338681266,-23.09875132905843
2008-09-26,0.7976836978348273,0.8766111980966237,-25.442893085401018
2008-09-29,0.7706222093465595,0.8468720873308293,-27.9722493903681
2008-09-30,0.7840928812096422,0.8625224985065428,-26.713186023480418
2008-10-01,0.7840928812096422,0.8690224429785424,-26.713186023480418
2008-10-03,0.7840928812096422,0.8398882329830297,-26.713186023480418
2008-10-06,0.7840928812096422,0.7923870359625957,-26.713186023480418
2008-10-07,0.7840928812096422,0.7933218826075769,-26.713186023480418
2008-10-08,0.7840928812096422,0.7728761936103481,-26.713186023480418
2008-10-10,0.7840928812096422,0.7214706370726403,-26.713186023480418
2008-10-13,0.8354874289556485,0.767828032467876,-21.909491524611646
2008-10-14,0.8421771568528247,0.7739760131926786,-21.284222687586198
2008-10-15,0.7990349185694401,0.7343275172496596,-25.316598528988244
2008-10-16,0.7824960983435424,0.7191280428431271,-26.862432537092694
2008-10-17,0.7350529795168149,0.6762460880684817,-31.296798805737158
2008-10-20,0.7350529795168149,0.68690332908084,-31.296798805737158
2008-10-21,0.7350529795168149,0.7115612518954157,-31.296798805737158
2008-10-22,0.7350529795168149,0.6742223770752911,-31.296798805737158
2008-10-23,0.7350529795168149,0.6473867792664239,-31.296798805737158
2008-10-24,0.7350529795168149,0.5683867601484663,-31.296798805737158
2008-10-27,0.7350529795168149,0.5552329072033665,-31.296798805737158
2008-10-29,0.7375342794037467,0.5932536916453873,-31.064879134494905
2008-10-31,0.7890951039625699,0.6347278988355007,-26.24564323977682
2008-11-03,0.8323700887061254,0.669537188616265,-22.200859984194988
2008-11-04,0.8592374962957263,0.6911486434090618,-19.689643839734217
2008-11-05,0.8181386357717952,0.6587809208797947,-23.531031279979253
2008-11-06,0.8181386357717952,0.6362786014848846,-23.531031279979253
2008-11-07,0.8181386357717952,0.6539527236537889,-23.531031279979253
2008-11-10,0.8181386357717952,0.6925014000144772,-23.531031279979253
2008-11-11,0.8181386357717952,0.6463969416423263,-23.531031279979253
2008-11-12,0.8181386357717952,0.6265562071175075,-23.531031279979253
2008-11-14,0.8181386357717952,0.618175614121425,-23.531031279979253
2008-11-17,0.8181386357717952,0.6157999930831652,-23.531031279979253
2008-11-18,0.8181386357717952,0.5901961609852315,-23.531031279979253
2008-11-19,0.8027585290591981,0.5796049198882388,-24.968563805266598
2008-11-20,0.7778227172952957,0.5616008518446353,-27.299239471235325
2008-11-21,0.820565434875637,0.5924618000652582,-23.304205633753185
2008-11-24,0.8250743022104643,0.5957172767693824,-22.882775303838045
2008-11-25,0.8077218464276232,0.583784234301095,-24.50465739136696
2008-11-26,0.8077218464276232,0.6053956890938917,-24.50465739136696
2008-11-28,0.8077218464276232,0.6060226077366715,-24.50465739136696
2008-12-01,0.8077218464276232,0.5901411700061149,-24.50465739136696
2008-12-02,0.8077218464276232,0.584620107924092,-24.50465739136696
2008-12-03,0.8077218464276232,0.5843231351560115,-24.50465739136696
2008-12-04,0.8077218464276232,0.6132593991075559,-24.50465739136696
2008-12-05,0.8077218464276232,0.5970700333747979,-24.50465739136696
2008-12-08,0.8275334064185176,0.6123795434416914,-22.652930196245112
2008-12-10,0.8704111700233564,0.64410933839193,-18.645274011190637
2008-12-11,0.8680034468172504,0.6423276091877032,-18.870316690369947
2008-12-12,0.8683602003069488,0.6425916088491649,-18.836972009833296
2008-12-15,0.8852819813255481,0.6557564170283857,-17.25534380304702
2008-12-16,0.8852819813255481,0.6690752429108352,-17.25534380304702
2008-12-17,0.8852819813255481,0.6498504180925471,-17.25534380304702
2008-12-18,0.8852819813255481,0.6732545573236915,-17.25534380304702
2008-12-19,0.8852819813255481,0.6769389529244991,-17.25534380304702
2008-12-22,0.8852819813255481,0.6685363420559187,-17.25534380304702
2008-12-23,0.8852819813255481,0.6529958591363102,-17.25534380304702
2008-12-24,0.8693158768322236,0.6416017712250673,-18.747647786379705
2008-12-26,0.8515531158336517,0.6284919003228351,-20.407879873939827
2008-12-29,0.870910306591777,0.6427785459568843,-18.598621210590938
2008-12-30,0.8879875784850347,0.655382489110819,-17.002459737301145
2008-12-31,0.8810346021702827,0.6509062019298821,-17.652333615732818
2009-01-02,0.8810346021702827,0.6701750624931658,-17.652333615732818
2009-01-05,0.8810346021702827,0.6866063563127598,-17.652333615732818
2009-01-06,0.8810346021702827,0.684703689916179,-17.652333615732818
2009-01-07,0.8810346021702827,0.6423826001668198,-17.652333615732818
2009-01-09,0.8810346021702827,0.6319563320071767,-17.652333615732818
2009-01-12,0.8810346021702827,0.609981958233062,-17.652333615732818
2009-01-13,0.8706129791664964,0.6037899417632637,-18.626411514812357
2009-01-14,0.8992692275818492,0.6236637030968294,-15.947997774285872
2009-01-15,0.8679963350724731,0.6019752394524183,-18.870981403861208
2009-01-16,0.8970965890878237,0.6221569287881852,-16.151067789287453
2009-01-19,0.90182924191315,0.6260612883054589,-15.708720899605133
2009-01-20,0.90182924191315,0.615151110270016,-15.708720899605133
2009-01-21,0.90182924191315,0.5952553310639526,-15.708720899605133
2009-01-22,0.90182924191315,0.5969380872461952,-15.708720899605133
2009-01-23,0.90182924191315,0.5891843591907643,-15.708720899605133
2009-01-27,0.90182924191315,0.6095970213792463,-15.708720899605133
2009-01-28,0.90182924191315,0.6267871799702227,-15.708720899605133
2009-01-29,0.90182924191315,0.6211670911640876,-15.708720899605133
2009-01-30,0.90182924191315,0.6323522777972413,-15.708720899605133
2009-02-02,0.90182924191315,0.6085631480101531,-15.708720899605133
2009-02-03,0.9043090373500308,0.6123575255691938,-15.476941844804726
2009-02-04,0.9105296814607682,0.6165698667907968,-14.895516864827307
2009-02-05,0.903058468921287,0.6115106967120759,-15.59382873154811
2009-02-06,0.9235393522003993,0.6253794323856907,-13.679541892678326
2009-02-09,0.9475631025791096,0.6422726182085866,-11.4341138736065
2009-02-10,0.9475631025791096,0.6454841128698432,-11.4341138736065
2009-02-11,0.9475631025791096,0.6435484196645157,-11.4341138736065
2009-02-12,0.9475631025791096,0.636366619272748,-11.4341138736065
2009-02-13,0.9475631025791096,0.6485306345937503,-11.4341138736065
2009-02-16,0.9475631025791096,0.6265672160537564,-11.4341138736065
2009-02-17,0.9475631025791096,0.6094100305693987,-11.4341138736065
2009-02-18,0.9538379505465177,0.6106528052165812,-10.847622621436305
2009-02-19,0.9583733134363455,0.6135563718756365,-10.423715831324854
2009-02-20,0.9401977216703288,0.6019202484733016,-12.12253397467321
2009-02-24,0.9393215682083134,0.6013593297458875,-12.204425415501685
2009-02-25,0.9482087543913029,0.6076503192376699,-11.373766731848479
2009-02-26,0.9482087543913029,0.6127424624230094,-11.373766731848479
2009-02-27,0.9482087543913029,0.6079032562607547,-11.373766731848479
2009-03-02,0.9482087543913029,0.5883155124611487,-11.373766731848479
2009-03-03,0.9482087543913029,0.5768333530599146,-11.373766731848479
2009-03-04,0.9482087543913029,0.5818485410957678,-11.373766731848479
2009-03-05,0.9482087543913029,0.5667810128178382,-11.373766731848479
2009-03-06,0.9632311160616991,0.5763384342478658,-9.969671564541427
2009-03-09,0.9459527678212402,0.5660001301739579,-11.584627041967154
2009-03-12,0.9622385480493609,0.5757445424138328,-10.062443924835074
2009-03-13,0.9996627330397454,0.5981368798505099,-6.564517404469372
2009-03-16,1.0199852872842932,0.6108947870055451,-4.665029106411877
2009-03-17,1.0199852872842932,0.6065394907190903,-4.665029106411877
2009-03-18,1.0199852872842932,0.6147331466074535,-4.665029106411877
2009-03-19,1.0199852872842932,0.6174716866270311,-4.665029106411877
2009-03-20,1.0199852872842932,0.6174497224566613,-4.665029106411877
2009-03-23,1.0199852872842932,0.6466718965379091,-4.665029106411877
2009-03-24,1.0199852872842932,0.6464079505785754,-4.665029106411877
2009-03-25,1.0199852872842932,0.6564493355865308,-4.665029106411877
2009-03-26,1.0199852872842932,0.6779837815277132,-4.665029106411877
2009-03-27,1.0199852872842932,0.6837908074415677,-4.665029106411877
2009-03-30,1.0199852872842932,0.6550855163427385,-4.665029106411877
2009-03-31,1.0323920126592183,0.6644999827079142,-3.5054096322404305
2009-04-01,1.045856782743308,0.6731665932379564,-2.2468978869648604
2009-04-02,1.097357611427221,0.7063151447089758,0.0
2009-04-06,1.1129240747405744,0.7163345118444334,0.0
2009-04-08,1.1413207090844506,0.7353283638100064,0.0
2009-04-09,1.1413207090844506,0.7351304177660382,0.0
2009-04-13,1.1413207090844506,0.7440499653191651,0.0
2009-04-15,1.1413207090844506,0.7663872580745976,0.0
2009-04-16,1.1413207090844506,0.7411684165326077,0.0
2009-04-17,1.1413207090844506,0.7444458574071018,0.0
2009-04-20,1.1413207090844506,0.7428401637786015,0.0
2009-04-21,1.1413207090844506,0.7402445788238756,0.0
2009-04-22,1.1413207090844506,0.7325458417475612,0.0
2009-04-23,1.1413207090844506,0.7530904500646461,0.0
2009-04-24,1.1413207090844506,0.7656394022394643,0.0
2009-04-27,1.1413207090844506,0.7632747901374534,0.0
2009-04-28,1.1413207090844506,0.7395956960107263,0.0
2009-04-29,1.1748084772931473,0.764143636867069,0.0
2009-05-04,1.235697185154057,0.8037481507672204,0.0
2009-05-05,1.238368747028486,0.8054858442264515,0.0
2009-05-06,1.2259069899779669,0.7973802061259517,-1.006304227268473
2009-05-07,1.2445827245687189,0.8103250503887064,0.0
2009-05-08,1.2445827245687189,0.796423341608473,0.0
2009-05-11,1.2445827245687189,0.7818837589513389,0.0
2009-05-12,1.2445827245687189,0.8097091943843038,0.0
2009-05-13,1.2445827245687189,0.7996238273334808,0.0
2009-05-14,1.2445827245687189,0.7904293248847712,0.0
2009-05-15,1.2445827245687189,0.8076304924119966,0.0
2009-05-18,1.2445827245687189,0.950936983989677,0.0
2009-05-19,1.2445827245687189,0.9499032180248399,0.0
2009-05-20,1.2445827245687189,0.9393118695235911,0.0
2009-05-21,1.2445827245687189,0.9262460343663544,0.0
2009-05-22,1.2445827245687189,0.9323170599416708,0.0
2009-05-25,1.2445827245687189,0.9321080512593256,0.0
2009-05-26,1.2445827245687189,0.9055254978777992,0.0
2009-05-27,1.2913252977224625,0.9405766620432715,0.0
2009-05-28,1.3097618902189982,0.9540055235860821,0.0
2009-05-29,1.3435395278175852,0.9786085091236695,0.0
2009-06-01,1.3679855491006123,0.9964145237190486,0.0
2009-06-02,1.365213338436584,0.9953917129883323,-0.20264911905325533
2009-06-03,1.365213338436584,0.9965905592947751,-0.20264911905325533
2009-06-04,1.365213338436584,1.0058179811479753,-0.20264911905325533
2009-06-05,1.365213338436584,1.0089524669576175,-0.20264911905325533
2009-06-08,1.365213338436584,0.9744181320724359,-0.20264911905325533
2009-06-09,1.365213338436584,1.0010448286032139,-0.20264911905325533
2009-06-10,1.365213338436584,1.0239870221289284,-0.20264911905325533
2009-06-11,1.365213338436584,1.0201266983566504,-0.20264911905325533
2009-06-12,1.365213338436584,1.0081825932499862,-0.20264911905325533
2009-06-15,1.365213338436584,0.9863182014341045,-0.20264911905325533
2009-06-16,1.3759511528083708,0.9937529388489572,0.0
2009-06-17,1.3267186991590376,0.9581957932330594,-3.5780669647209273
2009-06-18,1.294815806271413,0.9351545729832328,-5.896673466304181
2009-06-19,1.313759636043671,0.9488363715491281,-4.519892776554202
2009-06-22,1.2885833964719493,0.931602177213156,-6.349626304545797
2009-06-23,1.2885833964719493,0.9341867532316329,-6.349626304545797
2009-06-24,1.2885833964719493,0.9442941381549539,-6.349626304545797
2009-06-25,1.2885833964719493,0.9330539605426837,-6.349626304545797
2009-06-26,1.2885833964719493,0.9624521164975303,-6.349626304545797
2009-06-29,1.2885833964719493,0.9658506019686343,-6.349626304545797
2009-06-30,1.2885833964719493,0.9438871834286404,-6.349626304545797
2009-07-01,1.3018849586283034,0.954841343506951,-5.382908690391752
2009-07-02,1.3042693120868831,0.9565900996045592,-5.209621037431611
2009-07-03,1.3268825952658783,0.9731753574252539,-3.5661554875942802
2009-07-06,1.2493405856938071,0.9163037297846396,-9.201676008348581
2009-07-07,1.2590229243446636,0.9243213500972762,-8.497992695820056
2009-07-08,1.2590229243446636,0.8972107973928264,-8.497992695820056
2009-07-09,1.2590229243446636,0.8976617341620075,-8.497992695820056
2009-07-10,1.2590229243446636,0.8807135036578669,-8.497992695820056
2009-07-13,1.2590229243446636,0.8741476129726299,-8.497992695820056
2009-07-14,1.2590229243446636,0.9043596246779754,-8.497992695820056
2009-07-15,1.2590229243446636,0.9312172403593404,-8.497992695820056
2009-07-16,1.2590229243446636,0.9307552946539103,-8.497992695820056
2009-07-17,1.2590229243446636,0.9623311793051762,-8.497992695820056
2009-07-20,1.2590229243446636,0.9903325429096115,-8.497992695820056
2009-07-21,1.2590229243446636,0.9830407605596106,-8.497992695820056
2009-07-22,1.2590229243446636,0.9675992506619863,-8.497992695820056
2009-07-23,1.2590229243446636,0.9950617671136331,-8.497992695820056
2009-07-24,1.2590229243446636,1.0049161076096131,-8.497992695820056
2009-07-27,1.2590229243446636,1.0057409722963613,-8.497992695820056
2009-07-28,1.2590229243446636,1.0039373326238927,-8.497992695820056
2009-07-29,1.2590229243446636,0.9928071369698556,-8.497992695820056
2009-07-30,1.2590229243446636,1.00555408889077,-8.497992695820056
2009-07-31,1.2590229243446636,1.0198517434610679,-8.497992695820056
2009-08-03,1.2590229243446636,1.0363379745576504,-8.497992695820056
2009-08-04,1.2590229243446636,1.0295411110196984,-8.497992695820056
2009-08-05,1.2590229243446636,1.0325435969986099,-8.497992695820056
2009-08-06,1.2590229243446636,1.0086445389554166,-8.497992695820056
2009-08-07,1.227466630987861,0.9857462737704418,-10.791409383788586
2009-08-10,1.215483396669131,0.9761228524250488,-11.662314887539338
2009-08-11,1.2247139643723688,0.9835356793716596,-10.991464931536331
2009-08-12,1.2209203880168913,0.9804891576477526,-11.267170674994931
2009-08-13,1.2601000861891642,1.012933835326506,-8.419707805960252
2009-08-14,1.2601000861891642,1.0074456926489739,-8.419707805960252
2009-08-17,1.2601000861891642,0.9651796475808592,-8.419707805960252
2009-08-18,1.2601000861891642,0.980797085649954,-8.419707805960252
2009-08-19,1.2601000861891642,0.9665434668246516,-8.419707805960252
2009-08-20,1.2601000861891642,0.9795983467477674,-8.419707805960252
2009-08-21,1.2601000861891642,0.996172541930085,-8.419707805960252
2009-08-24,1.2601000861891642,1.0212484284072234,-8.419707805960252
2009-08-25,1.2601000861891642,1.0248888956672915,-8.419707805960252
2009-08-26,1.2601000861891642,1.029618119871313,-8.419707805960252
2009-08-27,1.2601000861891642,1.0312348761381904,-8.419707805960252
2009-08-28,1.2601000861891642,1.0409462615693188,-8.419707805960252
2009-08-31,1.2601000861891642,1.0254937964375734,-8.419707805960252
2009-09-01,1.2601000861891642,1.0174101225074434,-8.419707805960252
2009-09-02,1.2601000861891642,1.0136707359275194,-8.419707805960252
2009-09-03,1.2601000861891642,1.0104152055212672,-8.419707805960252
2009-09-04,1.2601000861891642,1.0295190931472014,-8.419707805960252
2009-09-07,1.2601000861891642,1.0520653945849792,-8.419707805960252
2009-09-08,1.2601000861891642,1.0569816095988485,-8.419707805960252
2009-09-09,1.2601000861891642,1.0589612848470435,-8.419707805960252
2009-09-10,1.2601000861891642,1.060094077535993,-8.419707805960252
2009-09-11,1.2601000861891642,1.062326689807273,-8.419707805960252
2009-09-14,1.2601000861891642,1.0577185101998612,-8.419707805960252
2009-09-15,1.2601000861891642,1.0760854972247826,-8.419707805960252
2009-09-16,1.2601000861891642,1.0906690619247843,-8.419707805960252
2009-09-17,1.2601000861891642,1.092241782446666,-8.419707805960252
2009-09-18,1.2601000861891642,1.0945514035695603,-8.419707805960252
2009-09-22,1.2601000861891642,1.1042628964049446,-8.419707805960252
2009-09-23,1.2601000861891642,1.0932097096025217,-8.419707805960252
2009-09-24,1.2601000861891642,1.0968610246924544,-8.419707805960252
2009-09-25,1.2601000861891642,1.090790106521394,-8.419707805960252
2009-09-29,1.2601000861891642,1.1013263566392701,-8.419707805960252
2009-09-30,1.2601000861891642,1.1182855960796596,-8.419707805960252
2009-10-01,1.2601000861891642,1.1181645514830496,-8.419707805960252
2009-10-05,1.2601000861891642,1.1005235098250201,-8.419707805960252
2009-10-06,1.2601000861891642,1.1058465721609467,-8.419707805960252
2009-10-07,1.2601000861891642,1.0966850965209838,-8.419707805960252
2009-10-08,1.2601000861891642,1.1003145011426747,-8.419707805960252
2009-10-09,1.2601000861891642,1.0877656026699847,-8.419707805960252
2009-10-12,1.2601000861891642,1.1117526247989131,-8.419707805960252
2009-10-14,1.2601000861891642,1.1258193602186244,-8.419707805960252
2009-10-15,1.2601000861891642,1.1237626761188149,-8.419707805960252
2009-10-16,1.2601000861891642,1.1310874315754342,-8.419707805960252
2009-10-20,1.2601000861891642,1.1249944955318762,-8.419707805960252
2009-10-21,1.2601000861891642,1.1138093088987226,-8.419707805960252
2009-10-22,1.2601000861891642,1.0973120151637632,-8.419707805960252
2009-10-23,1.2601000861891642,1.0991706458153483,-8.419707805960252
2009-10-26,1.2601000861891642,1.0934186108806103,-8.419707805960252
2009-10-27,1.2601000861891642,1.066099156898071,-8.419707805960252
2009-10-28,1.253536023544549,1.0615788339721386,-8.89676417756311
2009-10-29,1.2338997818792057,1.0449495404064484,-10.323867285494304
2009-10-30,1.2238090499629537,1.0364040281751443,-11.05723139479835
2009-11-03,1.1854196515240882,1.0038932968788974,-13.847257651218225
2009-11-04,1.2223897643713868,1.03620597472692,-11.160380811743142
2009-11-05,1.2223897643713868,1.0482489991534403,-11.160380811743142
2009-11-06,1.2223897643713868,1.0549799164781548,-11.160380811743142
2009-11-09,1.2223897643713868,1.077471226936816,-11.160380811743142
2009-11-10,1.2223897643713868,1.0737978939743855,-11.160380811743142
2009-11-11,1.2223897643713868,1.1006884827623693,-11.160380811743142
2009-11-12,1.2223897643713868,1.0894042694051034,-11.160380811743142
2009-11-13,1.2223897643713868,1.0995886631800385,-11.160380811743142
2009-11-16,1.2223897643713868,1.1125884447197816,-11.160380811743142
2009-11-17,1.2223897643713868,1.1135123361306418,-11.160380811743142
2009-11-18,1.2223897643713868,1.111851651523025,-11.160380811743142
2009-11-19,1.2223897643713868,1.0973999792494982,-11.160380811743142
2009-11-20,1.2223897643713868,1.1113567327109761,-11.160380811743142
2009-11-23,1.2223897643713868,1.1225968029189903,-11.160380811743142
2009-11-24,1.2223897643713868,1.1197372720049306,-11.160380811743142
2009-11-25,1.2223897643713868,1.1236086584155855,-11.160380811743142
2009-11-26,1.2223897643713868,1.1010403391053099,-11.160380811743142
2009-11-27,1.205707581726585,1.0870066841964736,-12.372791776387693
2009-11-30,1.22789796773312,1.1070124453607701,-10.760061123759247
2009-12-01,1.2496856849503857,1.1266551801394928,-9.176595230162954
2009-12-02,1.2499906648617851,1.1269301350350756,-9.154430205570552
2009-12-03,1.2508023860510948,1.1287888730909166,-9.095436745835228
2009-12-04,1.2508023860510948,1.1237736313529352,-9.095436745835228
2009-12-07,1.2508023860510948,1.1144912185206184,-9.095436745835228
2009-12-08,1.2508023860510948,1.132363286733491,-9.095436745835228
2009-12-09,1.2508023860510948,1.1244555409748314,-9.095436745835228
2009-12-10,1.2508023860510948,1.1294377022019377,-9.095436745835228
2009-12-11,1.2508023860510948,1.1256213067703993,-9.095436745835228
2009-12-14,1.2508023860510948,1.123069811262797,-9.095436745835228
2009-12-15,1.2508023860510948,1.1070893468081282,-9.095436745835228
2009-12-16,1.2508023860510948,1.1090690220563233,-9.095436745835228
2009-12-17,1.2508023860510948,1.1090030758430858,-9.095436745835228
2009-12-18,1.2508023860510948,1.0971140691197943,-9.095436745835228
2009-12-21,1.2508023860510948,1.089393314170982,-9.095436745835228
2009-12-22,1.2508023860510948,1.0967071143934806,-9.095436745835228
2009-12-23,1.2508023860510948,1.1316263861324778,-9.095436745835228
2009-12-24,1.2508023860510948,1.1390611235473305,-9.095436745835228
2009-12-29,1.2508023860510948,1.1411618433921356,-9.095436745835228
2009-12-30,1.2508023860510948,1.1370925109375123,-9.095436745835228
2009-12-31,1.2508023860510948,1.144043284774437,-9.095436745835228
2010-01-04,1.2508023860510948,1.1508952466957616,-9.095436745835228
2010-01-05,1.2508023860510948,1.16094753323571,-9.095436745835228
2010-01-06,1.2508023860510948,1.1618053710290768,-9.095436745835228
2010-01-07,1.2508023860510948,1.1576921102337139,-9.095436745835228
2010-01-08,1.2508023860510948,1.1536557508857093,-9.095436745835228
2010-01-11,1.2508023860510948,1.1546785616164255,-9.095436745835228
2010-01-12,1.2508023860510948,1.1460999688742466,-9.095436745835228
2010-01-13,1.2508023860510948,1.1512801835495774,-9.095436745835228
2010-01-14,1.2508023860510948,1.1569881827393198,-9.095436745835228
2010-01-15,1.2508023860510948,1.1552945250250843,-9.095436745835228
2010-01-18,1.2508023860510948,1.160276686252191,-9.095436745835228
2010-01-19,1.2508023860510948,1.1494544186003552,-9.095436745835228
2010-01-20,1.2508023860510948,1.1485856255728677,-9.095436745835228
2010-01-21,1.2508023860510948,1.1205291635850598,-9.095436745835228
2010-01-22,1.2352736299348763,1.107738283323406,-10.22402013228203
2010-01-25,1.22838099497988,1.1015572757898566,-10.72495615322493
2010-01-27,1.1904103602202418,1.0675069044826029,-13.484547922317802
2010-01-28,1.193881170631558,1.0706193724197473,-13.232299838929663
2010-01-29,1.1963175135392932,1.0738747954217434,-13.055233748846263
2010-02-01,1.1963175135392932,1.0777572444707753,-13.055233748846263
2010-02-02,1.1963175135392932,1.0624477344038816,-13.055233748846263
2010-02-03,1.1963175135392932,1.08482906290431,-13.055233748846263
2010-02-04,1.1963175135392932,1.0658021841299903,-13.055233748846263
2010-02-05,1.1963175135392932,1.0379327129520297,-13.055233748846263
2010-02-08,1.1963175135392932,1.0471162064644903,-13.055233748846263
2010-02-09,1.1963175135392932,1.0542100427705228,-13.055233748846263
2010-02-10,1.1963175135392932,1.0464123863743524,-13.055233748846263
2010-02-11,1.1963175135392932,1.0617328516753668,-13.055233748846263
2010-02-15,1.1963175135392932,1.0562557716362115,-13.055233748846263
2010-02-16,1.1963175135392932,1.0680897873803865,-13.055233748846263
2010-02-17,1.1963175135392932,1.0809026855145383,-13.055233748846263
2010-02-18,1.1963175135392932,1.0751286327073024,-13.055233748846263
2010-02-19,1.1963175135392932,1.0657031574058777,-13.055233748846263
2010-02-22,1.1963175135392932,1.068232742445238,-13.055233748846263
2010-02-23,1.1963175135392932,1.0712352284241495,-13.055233748846263
2010-02-24,1.1963175135392932,1.0687167060231662,-13.055233748846263
2010-02-25,1.1963175135392932,1.068969643046251,-13.055233748846263
2010-02-26,1.1963175135392932,1.0827283430595045,-13.055233748846263
2010-03-02,1.1963175135392932,1.103558968910549,-13.055233748846263
2010-03-03,1.1963175135392932,1.1191984248521416,-13.055233748846263
2010-03-04,1.1963175135392932,1.1174716866270313,-13.055233748846263
2010-03-05,1.1963175135392932,1.1193304246828726,-13.055233748846263
2010-03-08,1.1963175135392932,1.1270951079724243,-13.055233748846263
2010-03-09,1.1963175135392932,1.1221459198519366,-13.055233748846263
2010-03-10,1.1963175135392932,1.125390387619812,-13.055233748846263
2010-03-11,1.1963175135392932,1.1291627473063548,-13.055233748846263
2010-03-12,1.1963175135392932,1.129954638886484,-13.055233748846263
2010-03-15,1.1963175135392932,1.1281729096822573,-13.055233748846263
2010-03-16,1.1963175135392932,1.1433944556634155,-13.055233748846263
2010-03-17,1.1963175135392932,1.150829193078268,-13.055233748846263
2010-03-18,1.1963175135392932,1.1539086879087939,-13.055233748846263
2010-03-19,1.1963175135392932,1.1576260566162202,-13.055233748846263
2010-03-22,1.1963175135392932,1.1449562209511763,-13.055233748846263
2010-03-23,1.1963175135392932,1.1493774097487406,-13.055233748846263
2010-03-25,1.1963175135392932,1.1570981646975529,-13.055233748846263
2010-03-26,1.1963175135392932,1.1618494067740723,-13.055233748846263
2010-03-29,1.1963175135392932,1.1664356759132422,-13.055233748846263
2010-03-30,1.1963175135392932,1.157549155168862,-13.055233748846263
2010-03-31,1.1963175135392932,1.154612615403188,-13.055233748846263
2010-04-01,1.1963175135392932,1.1637191000640343,-13.055233748846263
2010-04-05,1.1963175135392932,1.1808542676758942,-13.055233748846263
2010-04-06,1.1963175135392932,1.1803263757572267,-13.055233748846263
2010-04-07,1.1963175135392932,1.1822290421538075,-13.055233748846263
2010-04-08,1.1963175135392932,1.1667876396604393,-13.055233748846263
2010-04-09,1.1963175135392932,1.1793915291122459,-13.055233748846263
2010-04-12,1.1963175135392932,1.1745413677158703,-13.055233748846263
2010-04-13,1.1963175135392932,1.1708569721150628,-13.055233748846263
2010-04-15,1.1963175135392932,1.1600017313566084,-13.055233748846263
2010-04-16,1.1963175135392932,1.157582128275481,-13.055233748846263
2010-04-19,1.1963175135392932,1.1446152124381004,-13.055233748846263
2010-04-20,1.1963175135392932,1.1504333009903318,-13.055233748846263
2010-04-21,1.1963175135392932,1.153688723992328,-13.055233748846263
2010-04-22,1.1963175135392932,1.1590668847116272,-13.055233748846263
2010-04-23,1.1963175135392932,1.166710630808825,-13.055233748846263
2010-04-26,1.1963175135392932,1.1707469901568297,-13.055233748846263
2010-04-27,1.1963175135392932,1.167645477453806,-13.055233748846263
2010-04-28,1.1963175135392932,1.1472108510949544,-13.055233748846263
2010-04-29,1.1963175135392932,1.1557233902196398,-13.055233748846263
2010-04-30,1.1963175135392932,1.160969551108208,-13.055233748846263
2010-05-03,1.1963175135392932,1.1488165447234546,-13.055233748846263
2010-05-04,1.1963175135392932,1.1324842239258448,-13.055233748846263
2010-05-05,1.1963175135392932,1.127293054016393,-13.055233748846263
2010-05-06,1.1963175135392932,1.1198033256224238,-13.055233748846263
2010-05-07,1.1963175135392932,1.1037898880611363,-13.055233748846263
2010-05-10,1.1963175135392932,1.1424046180393181,-13.055233748846263
2010-05-11,1.1963175135392932,1.1297676480766368,-13.055233748846263
2010-05-12,1.1963175135392932,1.1342769083641921,-13.055233748846263
2010-05-13,1.1963175135392932,1.1391711055055636,-13.055233748846263
2010-05-14,1.1963175135392932,1.1203862085202076,-13.055233748846263
2010-05-17,1.1963175135392932,1.1129953994460946,-13.055233748846263
2010-05-18,1.1963175135392932,1.1143812365623849,-13.055233748846263
2010-05-19,1.1963175135392932,1.0821454601617206,-13.055233748846263
2010-05-20,1.2007818076161731,1.0882934945886513,-12.73078225449138
2010-05-21,1.1967893476612266,1.0846750452010812,-13.020942261029244
2010-05-24,1.1998959768603636,1.0874906477744013,-12.795161775087116
2010-05-25,1.1665975098701395,1.0573115554735466,-15.215194413764777
2010-05-26,1.192285627197029,1.0816505413496722,-13.348259146879826
2010-05-27,1.192285627197029,1.1005014919525218,-13.348259146879826
2010-05-28,1.192285627197029,1.1144581380097436,-13.348259146879826
2010-05-31,1.192285627197029,1.1188024253599496,-13.348259146879826
2010-06-01,1.192285627197029,1.0932647005816374,-13.348259146879826
2010-06-02,1.192285627197029,1.1041858875533292,-13.348259146879826
2010-06-03,1.192285627197029,1.124125595100132,-13.348259146879826
2010-06-04,1.192285627197029,1.1296246930117853,-13.348259146879826
2010-06-07,1.192285627197029,1.1072983554904736,-13.348259146879826
2010-06-08,1.192285627197029,1.0969820692890635,-13.348259146879826
2010-06-09,1.192285627197029,1.0998855285438627,-13.348259146879826
2010-06-10,1.192285627197029,1.117108767645714,-13.348259146879826
2010-06-11,1.192285627197029,1.1260722972417088,-13.348259146879826
2010-06-14,1.192285627197029,1.143306491577681,-13.348259146879826
2010-06-15,1.192285627197029,1.1487285806377197,-13.348259146879826
2010-06-16,1.192285627197029,1.1511481837188469,-13.348259146879826
2010-06-17,1.192285627197029,1.160276686252191,-13.348259146879826
2010-06-18,1.192285627197029,1.157582128275481,-13.348259146879826
2010-06-21,1.192285627197029,1.1775327910564048,-13.348259146879826
2010-06-22,1.192285627197029,1.1694491171262746,-13.348259146879826
2010-06-23,1.192285627197029,1.1709009004558024,-13.348259146879826
2010-06-24,1.192285627197029,1.1703400354305162,-13.348259146879826
2010-06-25,1.192285627197029,1.159000831094134,-13.348259146879826
2010-06-28,1.192285627197029,1.1731775484720781,-13.348259146879826
2010-06-29,1.192285627197029,1.156163318052572,-13.348259146879826
2010-06-30,1.192285627197029,1.1685583062262894,-13.348259146879826
2010-07-01,1.192285627197029,1.155118489449358,-13.348259146879826
2010-07-02,1.192285627197029,1.151973048405595,-13.348259146879826
2010-07-05,1.192285627197029,1.1517090487441333,-13.348259146879826
2010-07-06,1.192285627197029,1.1634001094234567,-13.348259146879826
2010-07-07,1.192285627197029,1.1528529040714597,-13.348259146879826
2010-07-08,1.192285627197029,1.1651158924144462,-13.348259146879826
2010-07-09,1.192285627197029,1.177345907650814,-13.348259146879826
2010-07-12,1.192285627197029,1.1840657623371516,-13.348259146879826
2010-07-13,1.192285627197029,1.1879481039819275,-13.348259146879826
2010-07-14,1.192285627197029,1.1847586271931687,-13.348259146879826
2010-07-15,1.192285627197029,1.1831309156921705,-13.348259146879826
2010-07-16,1.192285627197029,1.186463347545781,-13.348259146879826
2010-07-19,1.192285627197029,1.1848246808106622,-13.348259146879826
2010-07-20,1.192285627197029,1.1807663035901599,-13.348259146879826
2010-07-21,1.192285627197029,1.187662193852224,-13.348259146879826
2010-07-22,1.192285627197029,1.1970326781745322,-13.348259146879826
2010-07-23,1.192285627197029,1.1986053986964138,-13.348259146879826
2010-07-26,1.192285627197029,1.191896499244197,-13.348259146879826
2010-07-27,1.192285627197029,1.1945360662417905,-13.348259146879826
2010-07-28,1.192285627197029,1.1872661943600316,-13.348259146879826
2010-07-29,1.192285627197029,1.1897628062927734,-13.348259146879826
2010-07-30,1.192285627197029,1.180678339504425,-13.348259146879826
2010-08-02,1.192285627197029,1.194766985392378,-13.348259146879826
2010-08-03,1.192285627197029,1.1965046788516092,-13.348259146879826
2010-08-04,1.192285627197029,1.2027297221301543,-13.348259146879826
2010-08-05,1.192285627197029,1.1981654708634821,-13.348259146879826
2010-08-06,1.192285627197029,1.1964387326383719,-13.348259146879826
2010-08-09,1.192285627197029,1.2067550188397818,-13.348259146879826
2010-08-10,1.192285627197029,1.2011570016082724,-13.348259146879826
2010-08-11,1.192285627197029,1.1923364270771297,-13.348259146879826
2010-08-12,1.192285627197029,1.1914235983046466,-13.348259146879826
2010-08-13,1.192285627197029,1.1992652904458128,-13.348259146879826
2010-08-16,1.192285627197029,1.1918304456267041,-13.348259146879826
2010-08-17,1.192285627197029,1.1909176168542208,-13.348259146879826
2010-08-18,1.192285627197029,1.205215271424519,-13.348259146879826
2010-08-19,1.192285627197029,1.2186441329673297,-13.348259146879826
2010-08-20,1.192285627197029,1.2165434131225246,-13.348259146879826
2010-08-23,1.192285627197029,1.2193699709299655,-13.348259146879826
2010-08-24,1.192285627197029,1.2109233780185176,-13.348259146879826
2010-08-25,1.192285627197029,1.2015199205895908,-13.348259146879826
2010-08-26,1.192285627197029,1.2049403165289367,-13.348259146879826
2010-08-27,1.192285627197029,1.1897188779520347,-13.348259146879826
2010-08-30,1.192285627197029,1.1912036343881809,-13.348259146879826
2010-08-31,1.192285627197029,1.1883330408357442,-13.348259146879826
2010-09-01,1.192285627197029,1.2036095777960192,-13.348259146879826
2010-09-02,1.192285627197029,1.2067550188397824,-13.348259146879826
2010-09-03,1.192285627197029,1.205270262403636,-13.348259146879826
2010-09-06,1.192285627197029,1.2267278068974603,-13.348259146879826
2010-09-07,1.192285627197029,1.2326777878761666,-13.348259146879826
2010-09-08,1.192285627197029,1.2335246704354124,-13.348259146879826
2010-09-09,1.192285627197029,1.240607444103068,-13.348259146879826
2010-09-13,1.192285627197029,1.266992158844882,-13.348259146879826
2010-09-14,1.192285627197029,1.2748118331135503,-13.348259146879826
2010-09-15,1.192285627197029,1.2891975591738398,-13.348259146879826
2010-09-16,1.192285627197029,1.2821037228678072,-13.348259146879826
2010-09-17,1.192285627197029,1.2944766931690266,-13.348259146879826
2010-09-20,1.192285627197029,1.3154832471915416,-13.348259146879826
2010-09-21,1.192285627197029,1.321774129279068,-13.348259146879826
2010-09-22,1.192285627197029,1.3178038235485567,-13.348259146879826
2010-09-23,1.192285627197029,1.3108859154139947,-13.348259146879826
2010-09-24,1.192285627197029,1.3238087955063793,-13.348259146879826
2010-09-27,1.192285627197029,1.3276251909379178,-13.348259146879826
2010-09-28,1.192285627197029,1.3262724343325023,-13.348259146879826
2010-09-29,1.192285627197029,1.3178697697617938,-13.348259146879826
2010-09-30,1.192285627197029,1.3263714610566144,-13.348259146879826
2010-10-01,1.192285627197029,1.3513263029371425,-13.348259146879826
2010-10-04,1.192285627197029,1.3548567882389775,-13.348259146879826
2010-10-05,1.192285627197029,1.35185419485581,-13.348259146879826
2010-10-06,1.192285627197029,1.360795813983563,-13.348259146879826
2010-10-07,1.192285627197029,1.3462451149859238,-13.348259146879826
2010-10-08,1.192285627197029,1.3425388089168744,-13.348259146879826
2010-10-11,1.192285627197029,1.3496656183295255,-13.348259146879826
2010-10-12,1.192285627197029,1.3397781973226708,-13.348259146879826
2010-10-13,1.192285627197029,1.3712330373773265,-13.348259146879826
2010-10-14,1.192285627197029,1.3587941208628695,-13.348259146879826
2010-10-15,1.192285627197029,1.3335642166825026,-13.348259146879826
2010-10-18,1.192285627197029,1.3364898012140556,-13.348259146879826
2010-10-19,1.192285627197029,1.3257884707545737,-13.348259146879826
2010-10-20,1.192285627197029,1.3158461661728587,-13.348259146879826
2010-10-21,1.192285627197029,1.3421098363180628,-13.348259146879826
2010-10-22,1.192285627197029,1.3343120725176363,-13.348259146879826
2010-10-25,1.192285627197029,1.3430556381971648,-13.348259146879826
2010-10-26,1.192285627197029,1.3378205399469734,-13.348259146879826
2010-10-27,1.192285627197029,1.3225660208591965,-13.348259146879826
2010-10-28,1.192285627197029,1.3170779855859203,-13.348259146879826
2010-10-29,1.192285627197029,1.323676903079904,-13.348259146879826
2010-11-01,1.192285627197029,1.3456402142156418,-13.348259146879826
2010-11-02,1.192285627197029,1.3459592048562201,-13.348259146879826
2010-11-03,1.192285627197029,1.3550877073895642,-13.348259146879826
2010-11-04,1.192285627197029,1.3817692874952028,-13.348259146879826
2010-11-08,1.192285627197029,1.3798776837369988,-13.348259146879826
2010-11-09,1.192285627197029,1.3861135748454085,-13.348259146879826
2010-11-10,1.192285627197029,1.380427593528164,-13.348259146879826
2010-11-11,1.192285627197029,1.3625114895702957,-13.348259146879826
2010-11-12,1.192285627197029,1.3355438919306974,-13.348259146879826
2010-11-15,1.192285627197029,1.3465311325198828,-13.348259146879826
2010-11-16,1.192285627197029,1.317297949502386,-13.348259146879826
2010-11-18,1.175954096033259,1.319519499135289,-14.535185814329953
2010-11-19,1.1546846715527308,1.2956534141987144,-16.08098374742638
2010-11-22,1.1781496878154376,1.321983137961412,-14.375616793460477
2010-11-23,1.1633983127724905,1.305430853247336,-15.447702456737034
2010-11-24,1.1487087366794742,1.2902533430111733,-16.515296757816277
2010-11-25,1.1487087366794742,1.275735724524409,-16.515296757816277
2010-11-26,1.1487087366794742,1.2652214922790306,-16.515296757816277
2010-11-29,1.1487087366794742,1.2823896329975093,-16.515296757816277
2010-11-30,1.1487087366794742,1.289582496027654,-16.515296757816277
2010-12-01,1.1487087366794742,1.311182888182074,-16.515296757816277
2010-12-02,1.1487087366794742,1.3223571195811068,-16.515296757816277
2010-12-03,1.1487087366794742,1.3181997156364922,-16.515296757816277
2010-12-06,1.1487087366794742,1.3180787784441383,-16.515296757816277
2010-12-07,1.1487087366794742,1.3146253019939178,-16.515296757816277
2010-12-08,1.1487087366794742,1.2986010166027655,-16.515296757816277
2010-12-09,1.1487087366794742,1.2684219243019108,-16.515296757816277
2010-12-10,1.1667716576872236,1.2884056675937094,-15.202537873107168
2010-12-13,1.1767912715942122,1.299469809630253,-14.474342407262453
2010-12-14,1.184052072826634,1.3074875373471455,-13.946649166292225
2010-12-15,1.1737335648514975,1.2960933420316465,-14.696567355907886
2010-12-16,1.1838045898999119,1.3085103480778617,-13.964635482609989
2010-12-20,1.1838045898999119,1.3081363664581669,-13.964635482609989
2010-12-21,1.1838045898999119,1.3199264538616025,-13.964635482609989
2010-12-22,1.1838045898999119,1.3163520402190279,-13.964635482609989
2010-12-23,1.1838045898999119,1.315384220467428,-13.964635482609989
2010-12-24,1.1838045898999119,1.3223351017086087,-13.964635482609989
2010-12-27,1.1838045898999119,1.319365588836316,-13.964635482609989
2010-12-28,1.1838045898999119,1.318903643130886,-13.964635482609989
2010-12-29,1.1838045898999119,1.3330583426363323,-13.964635482609989
2010-12-30,1.1838045898999119,1.3421868451696766,-13.964635482609989
2010-12-31,1.1838045898999119,1.3493686455614444,-13.964635482609989
2011-01-03,1.1838045898999119,1.3544498335126631,-13.964635482609989
2011-01-04,1.1838045898999119,1.3519752394524192,-13.964635482609989
2011-01-05,1.1838045898999119,1.3373365763690448,-13.964635482609989
2011-01-06,1.1838045898999119,1.330396757766241,-13.964635482609989
2011-01-07,1.1838045898999119,1.2987989626467333,-13.964635482609989
2011-01-10,1.1548476837767354,1.2676190774876601,-16.069136508251358
2011-01-11,1.1530942254944947,1.2656943932185816,-16.196572593366866
2011-01-12,1.1749673455253977,1.289703433220008,-14.606899879603807
2011-01-13,1.1526533168438375,1.2652104296406537,-16.22861651075138
2011-01-14,1.1319921680970184,1.2437969208918251,-17.730206789203407
2011-01-17,1.1319921680970184,1.2438409566368207,-17.730206789203407
2011-01-18,1.1319921680970184,1.2590844130862207,-17.730206789203407
2011-01-19,1.1319921680970184,1.2518256038428384,-17.730206789203407
2011-01-20,1.1319921680970184,1.2563459267687709,-17.730206789203407
2011-01-21,1.1319921680970184,1.253024450149281,-17.730206789203407
2011-01-24,1.1319921680970184,1.2633077632440726,-17.730206789203407
2011-01-25,1.1319921680970184,1.2510227570285881,-17.730206789203407
2011-01-27,1.1319921680970184,1.2327437340894019,-17.730206789203407
2011-01-28,1.1319921680970184,1.2124740806678997,-17.730206789203407
2011-01-31,1.1319921680970184,1.2110993061899864,-17.730206789203407
2011-02-01,1.1319921680970184,1.1915885712419947,-17.730206789203407
2011-02-02,1.1319921680970184,1.1948439942439908,-17.730206789203407
2011-02-03,1.1319921680970184,1.2156855753291562,-17.730206789203407
2011-02-04,1.1319921680970184,1.186870302272094,-17.730206789203407
2011-02-07,1.1237411418894159,1.1869252932512104,-18.32986660930399
2011-02-08,1.1063622653565466,1.16856926146041,-19.592911194673057
2011-02-09,1.0940752513885192,1.1555913903889086,-20.485894491569102
2011-02-10,1.0882961897340657,1.1494873917069737,-20.905899347312573
2011-02-11,1.104742960932727,1.1680083964351238,-19.710597380008522
2011-02-14,1.104742960932727,1.2001231282391782,-19.710597380008522
2011-02-15,1.104742960932727,1.2056222261508314,-19.710597380008522
2011-02-16,1.104742960932727,1.20577624385406,-19.710597380008522
2011-02-17,1.104742960932727,1.2200189074452417,-19.710597380008522
2011-02-18,1.104742960932727,1.2007720647544557,-19.710597380008522
2011-02-21,1.104742960932727,1.213892890890809,-19.710597380008522
2011-02-22,1.104742960932727,1.2030266948982338,-19.710597380008522
2011-02-23,1.104742960932727,1.1960208226779363,-19.710597380008522
2011-02-24,1.104742960932727,1.1576041461479787,-19.710597380008522
2011-02-25,1.1000049120404551,1.166589586212215,-20.05494455269712
2011-02-28,1.1061650051734424,1.1731225574929616,-19.607247472723444
2011-03-01,1.1453756699988653,1.21470669293918,-16.757534040281286
2011-03-03,1.1482587386094902,1.217764277301464,-16.548001266916433
2011-03-04,1.1476393327683334,1.2183251423267503,-16.593017824364175
2011-03-07,1.1476393327683334,1.20169584876106,-16.593017824364175
2011-03-08,1.1476393327683334,1.2143767470644808,-16.593017824364175
2011-03-09,1.1476393327683334,1.2166204219741379,-16.593017824364175
2011-03-10,1.1476393327683334,1.2085697211506266,-16.593017824364175
2011-03-11,1.1476393327683334,1.1978025518821633,-16.593017824364175
2011-03-14,1.1476393327683334,1.216730403932371,-16.593017824364175
2011-03-15,1.1476393327683334,1.1987263358887674,-16.593017824364175
2011-03-16,1.1476393327683334,1.2122541167514342,-16.593017824364175
2011-03-17,1.1476393327683334,1.1980664441393691,-16.593017824364175
2011-03-18,1.1476393327683334,1.182020140875719,-16.593017824364175
2011-03-21,1.1476393327683334,1.1800514208616448,-16.593017824364175
2011-03-22,1.1476393327683334,1.1908516706409829,-16.593017824364175
2011-03-23,1.1476393327683334,1.2054572532134822,-16.593017824364175
2011-03-24,1.1476393327683334,1.214728710811678,-16.593017824364175
2011-03-25,1.1476393327683334,1.2437309746785878,-16.593017824364175
2011-03-28,1.1476393327683334,1.25098978392197,-16.593017824364175
2011-03-29,1.1476393327683334,1.2617900337013077,-16.593017824364175
2011-03-30,1.1476393327683334,1.2730741396543175,-16.593017824364175
2011-03-31,1.1476393327683334,1.283214497684257,-16.593017824364175
2011-04-01,1.1476393327683334,1.2815207325657654,-16.593017824364175
2011-04-04,1.1476393327683334,1.2996458452059791,-16.593017824364175
2011-04-05,1.1476393327683334,1.2999977015489201,-16.593017824364175
2011-04-06,1.1476393327683334,1.2959724048392924,-16.593017824364175
2011-04-07,1.1476393327683334,1.2946416661063747,-16.593017824364175
2011-04-08,1.1476393327683334,1.2850291999951025,-16.593017824364175
2011-04-11,1.1476393327683334,1.272645274459762,-16.593017824364175
2011-04-13,1.1476393327683334,1.300316692189498,-16.593017824364175
2011-04-15,1.1476393327683334,1.281190786691066,-16.593017824364175
2011-04-18,1.1476393327683334,1.260195295306928,-16.593017824364175
2011-04-19,1.1476393327683334,1.262757853452907,-16.593017824364175
2011-04-20,1.1476393327683334,1.287151830308149,-16.593017824364175
2011-04-21,1.1476393327683334,1.294421702189908,-16.593017824364175
2011-04-25,1.1476393327683334,1.292178027280251,-16.593017824364175
2011-04-26,1.1476393327683334,1.2908362259089563,-16.593017824364175
2011-04-27,1.1476393327683334,1.283247470790875,-16.593017824364175
2011-04-28,1.1476393327683334,1.2725902834806448,-16.593017824364175
2011-04-29,1.1476393327683334,1.2646825377219852,-16.593017824364175
2011-05-02,1.1476393327683334,1.2540802339866157,-16.593017824364175
2011-05-03,1.1476393327683334,1.2241541861131018,-16.593017824364175
2011-05-04,1.140194530045185,1.2179731785795525,-17.134083741417506
2011-05-05,1.124277168941968,1.2009700107984234,-18.290909771958564
2011-05-06,1.1431392066583486,1.2211187270275716,-16.920073483338694
2011-05-09,1.1430671155212693,1.2210417181759572,-16.92531285080695
2011-05-10,1.1398957436521935,1.2188750521179146,-17.155798639681276
2011-05-11,1.1398957436521935,1.224110150368106,-17.155798639681276
2011-05-12,1.1398957436521935,1.20675501883978,-17.155798639681276
2011-05-13,1.1398957436521935,1.2196449258255462,-17.155798639681276
2011-05-16,1.1398957436521935,1.2095815766472209,-17.155798639681276
2011-05-17,1.1398957436521935,1.1963727864251326,-17.155798639681276
2011-05-18,1.1398957436521935,1.192336427077128,-17.155798639681276
2011-05-19,1.1398957436521935,1.193986156450624,-17.155798639681276
2011-05-20,1.1398957436521935,1.2067990545847758,-17.155798639681276
2011-05-23,1.1398957436521935,1.1848465912789028,-17.155798639681276
2011-05-24,1.1398957436521935,1.1866723562281252,-17.155798639681276
2011-05-25,1.1398957436521935,1.1765760339431812,-17.155798639681276
2011-05-26,1.1398957436521935,1.1905217247662823,-17.155798639681276
2011-05-27,1.1398957436521935,1.2045444244409977,-17.155798639681276
2011-05-30,1.1398957436521935,1.2038845326915995,-17.155798639681276
2011-06-01,1.1398957436521935,1.2300382208785703,-17.155798639681276
2011-06-02,1.1398957436521935,1.2208767452386073,-17.155798639681276
2011-06-03,1.1398957436521935,1.2134859361644943,-17.155798639681276
2011-06-06,1.1398957436521935,1.2168513411247235,-17.155798639681276
2011-06-07,1.1398957436521935,1.2221524929924084,-17.155798639681276
2011-06-08,1.1398957436521935,1.2157075932016534,-17.155798639681276
2011-06-09,1.1398957436521935,1.2144317380435963,-17.155798639681276
2011-06-10,1.1398957436521935,1.2066780099881653,-17.155798639681276
2011-06-13,1.1398957436521935,1.206018118238767,-17.155798639681276
2011-06-14,1.1398957436521935,1.2099115225219197,-17.155798639681276
2011-06-15,1.1398957436521935,1.198253434949215,-17.155798639681276
2011-06-16,1.1398957436521935,1.1870902661885592,-17.155798639681276
2011-06-17,1.1398957436521935,1.1804143398429612,-17.155798639681276
2011-06-20,1.1398957436521935,1.1565482549063866,-17.155798639681276
2011-06-21,1.137687420741081,1.160496650168656,-17.3162929207904
2011-06-22,1.1382156770073446,1.1610354973214445,-17.277900840869144
2011-06-23,1.1472079316717736,1.1702080355997844,-16.624370761252916
2011-06-24,1.179823570706615,1.2034775779652858,-14.25396400892951
2011-06-27,1.1905794747768963,1.215652602222537,-13.472257183921354
2011-06-28,1.1905794747768963,1.2197658630178998,-13.472257183921354
2011-06-29,1.1905794747768963,1.2318969589344115,-13.472257183921354
2011-06-30,1.1905794747768963,1.2422242003699426,-13.472257183921354
2011-07-01,1.1905794747768963,1.2377809936998805,-13.472257183921354
2011-07-04,1.1905794747768963,1.2429061099918386,-13.472257183921354
2011-07-05,1.1905794747768963,1.238858795409713,-13.472257183921354
2011-07-06,1.1905794747768963,1.2373960568460645,-13.472257183921354
2011-07-07,1.1905794747768963,1.2601623222003084,-13.472257183921354
2011-07-08,1.1905794747768963,1.2451387222631185,-13.472257183921354
2011-07-11,1.1905794747768963,1.2353393727462552,-13.472257183921354
2011-07-12,1.1905794747768963,1.2155535754984248,-13.472257183921354
2011-07-13,1.1905794747768963,1.2285975001874196,-13.472257183921354
2011-07-15,1.1905794747768963,1.2276406356699407,-13.472257183921354
2011-07-18,1.1905794747768963,1.2245500782010381,-13.472257183921354
2011-07-19,1.1905794747768963,1.234778400316713,-13.472257183921354
2011-07-20,1.1905794747768963,1.2245500782010383,-13.472257183921354
2011-07-21,1.1905794747768963,1.218952060969529,-13.472257183921354
2011-07-22,1.1905794747768963,1.2392657501360267,-13.472257183921354
2011-07-25,1.1905794747768963,1.2494609917408266,-13.472257183921354
2011-07-26,1.1905794747768963,1.2262658611920274,-13.472257183921354
2011-07-27,1.1905794747768963,1.220095808892599,-13.472257183921354
2011-07-28,1.1905794747768963,1.207106982586977,-13.472257183921354
2011-07-29,1.1905794747768963,1.2058421900672966,-13.472257183921354
2011-08-01,1.1905794747768963,1.2134968913986153,-13.472257183921354
2011-08-02,1.1905794747768963,1.2002440654315312,-13.472257183921354
2011-08-03,1.1905794747768963,1.1888609327544093,-13.472257183921354
2011-08-04,1.1905794747768963,1.1728035668523822,-13.472257183921354
2011-08-05,1.1905794747768963,1.1462869596840932,-13.472257183921354
2011-08-08,1.1975035056350465,1.1258853064318601,-12.96903940296904
2011-08-09,1.1868234395827777,1.1158439751260327,-13.745234548448604
2011-08-10,1.2074466333071163,1.1352337728816704,-12.246402727112082
2011-08-11,1.2021357876559844,1.1302405490161869,-12.63237904903981
2011-08-12,1.1856447222369044,1.1158659929985304,-13.830900187339024
2011-08-16,1.1856447222369044,1.1076942475784088,-13.830900187339024
2011-08-17,1.1856447222369044,1.112269561483458,-13.830900187339024
2011-08-18,1.1856447222369044,1.0875345761151396,-13.830900187339024
2011-08-19,1.1856447222369044,1.0658681303432262,-13.830900187339024
2011-08-22,1.1856447222369044,1.0775591910225497,-13.830900187339024
2011-08-23,1.1856447222369044,1.0885794047183537,-13.830900187339024
2011-08-24,1.1856447222369044,1.0753815697303861,-13.830900187339024
2011-08-25,1.1856447222369044,1.0645373916103087,-13.830900187339024
2011-08-26,1.1856447222369044,1.0443446396361646,-13.830900187339024
2011-08-29,1.1856447222369044,1.0821345049275986,-13.830900187339024
2011-08-30,1.1856447222369044,1.1000395462470898,-13.830900187339024
2011-09-02,1.1856447222369044,1.1086181389892686,-13.830900187339024
2011-09-05,1.1856447222369044,1.1036030046555434,-13.830900187339024
2011-09-06,1.1856447222369044,1.113963219197693,-13.830900187339024
2011-09-07,1.1856447222369044,1.1272380630372747,-13.830900187339024
2011-09-08,1.1856447222369044,1.1335290525290571,-13.830900187339024
2011-09-09,1.1856447222369044,1.112896480126237,-13.830900187339024
2011-09-12,1.1856447222369044,1.0881174590129232,-13.830900187339024
2011-09-13,1.1756819979642168,1.0868307560250012,-14.554961085311547
2011-09-14,1.1927188772032178,1.1025800865205708,-13.316771836788588
2011-09-15,1.2077452940840552,1.1164708937688115,-12.224696958245996
2011-09-16,1.2097796905179112,1.1183515422928945,-12.076843131480143
2011-09-19,1.1961253533156677,1.1068474724234185,-13.069199377148777
2011-09-20,1.1961253533156677,1.1306585663808766,-13.069199377148777
2011-09-21,1.1961253533156677,1.1291297741997346,-13.069199377148777
2011-09-22,1.1961253533156677,1.0830253158275835,-13.069199377148777
2011-09-23,1.1961253533156677,1.0707293543779783,-13.069199377148777
2011-09-26,1.1961253533156677,1.063613500199448,-13.069199377148777
2011-09-27,1.1961253533156677,1.0934956197322223,-13.069199377148777
2011-09-28,1.1961253533156677,1.087919512968955,-13.069199377148777
2011-09-29,1.1961253533156677,1.1032180678017276,-13.069199377148777
2011-09-30,1.1961253533156677,1.0873366300711709,-13.069199377148777
2011-10-03,1.1961253533156677,1.0667150129024716,-13.069199377148777
2011-10-04,1.1961253533156677,1.0497007824829656,-13.069199377148777
2011-10-05,1.1961253533156677,1.0451145133437958,-13.069199377148777
2011-10-07,1.1961253533156677,1.0751945789205384,-13.069199377148777
2011-10-10,1.1961253533156677,1.0953323399155657,-13.069199377148777
2011-10-11,1.1961253533156677,1.0941775293541185,-13.069199377148777
2011-10-12,1.1961253533156677,1.121683974146505,-13.069199377148777
2011-10-13,1.1961253533156677,1.1169437947083625,-13.069199377148777
2011-10-14,1.1961253533156677,1.1289207655173892,-13.069199377148777
2011-10-17,1.1961253533156677,1.1258303154527425,-13.069199377148777
2011-10-18,1.1961253533156677,1.108068229198103,-13.069199377148777
2011-10-19,1.1961253533156677,1.1304275398260333,-13.069199377148777
2011-10-20,1.1961253533156677,1.120034244773009,-13.069199377148777
2011-10-21,1.1961253533156677,1.1108068229198087,-13.069199377148777
2011-10-24,1.1961253533156677,1.1214530549959179,-13.069199377148777
2011-10-25,1.1961253533156677,1.1419646902063838,-13.069199377148777
2011-10-28,1.1961253533156677,1.1791606099616567,-13.069199377148777
2011-10-31,1.1961253533156677,1.1716598189293106,-13.069199377148777
2011-11-01,1.1961253533156677,1.1565593175447624,-13.069199377148777
2011-11-02,1.1961253533156677,1.1566692995029955,-13.069199377148777
2011-11-03,1.1961253533156677,1.1582749931314957,-13.069199377148777
2011-11-04,1.1961253533156677,1.162333370351998,-13.069199377148777
2011-11-08,1.1961253533156677,1.1634661630409473,-13.069199377148777
2011-11-09,1.1961253533156677,1.1484425631037574,-13.069199377148777
2011-11-11,1.1961253533156677,1.1369605111067793,-13.069199377148777
2011-11-14,1.1961253533156677,1.1324512508192237,-13.069199377148777
2011-11-15,1.1961253533156677,1.1148871106085523,-13.069199377148777
2011-11-16,1.1961253533156677,1.1065175265487186,-13.069199377148777
2011-11-17,1.1961253533156677,1.085466936781208,-13.069199377148777
2011-11-18,1.1961253533156677,1.0790989384378111,-13.069199377148777
2011-11-21,1.1961253533156677,1.0510646017267573,-13.069199377148777
2011-11-22,1.1992947854368718,1.0585433748866055,-12.838854563327795
2011-11-23,1.172903272333744,1.0352492176136943,-14.756910524054433
2011-11-25,1.1738003377311992,1.0360410017895674,-14.691714503423592
2011-11-28,1.209001514911858,1.0671109049904075,-12.13339859890825
2011-11-29,1.196278997836581,1.0569486364922263,-13.058032954518161
2011-11-30,1.196278997836581,1.0628765995984346,-13.058032954518161
2011-12-01,1.196278997836581,1.0859288824866382,-13.058032954518161
2011-12-02,1.196278997836581,1.1108507512605477,-13.058032954518161
2011-12-05,1.196278997836581,1.1084311481794202,-13.058032954518161
2011-12-07,1.196278997836581,1.1135893449822531,-13.058032954518161
2011-12-08,1.196278997836581,1.0874245941569052,-13.058032954518161
2011-12-09,1.1940880678521415,1.0704984352273905,-13.217263169919914
2011-12-12,1.169036903111134,1.048040097875348,-15.037906634615371
2011-12-13,1.1778698224851447,1.0559587988681283,-14.395956565677071
2011-12-14,1.1687056446737814,1.0477431251072673,-15.061981503601574
2011-12-15,1.1633903980615798,1.044025756399841,-15.448277674170773
2011-12-16,1.1633903980615798,1.0231841753146755,-15.448277674170773
2011-12-19,1.1633903980615798,1.0147155645307298,-15.448277674170773
2011-12-20,1.1633903980615798,0.999560072167065,-15.448277674170773
2011-12-21,1.1633903980615798,1.0323236330821406,-15.448277674170773
2011-12-22,1.1633903980615798,1.0412762074440143,-15.448277674170773
2011-12-23,1.1633903980615798,1.0369099022213104,-15.448277674170773
2011-12-27,1.1633903980615798,1.0449385851723239,-15.448277674170773
2011-12-28,1.1633903980615798,1.0351061551445857,-15.448277674170773
2011-12-29,1.1633903980615798,1.0220073468807305,-15.448277674170773
2011-12-30,1.1633903980615798,1.0171790959525966,-15.448277674170773
2012-01-03,1.1633903980615798,1.0481940081743202,-15.448277674170773
2012-01-04,1.1633903980615798,1.0447515943624766,-15.448277674170773
2012-01-05,1.1633903980615798,1.0448176479799702,-15.448277674170773
2012-01-06,1.1633903980615798,1.0457304767524533,-15.448277674170773
2012-01-09,1.1633903980615798,1.0432448200538325,-15.448277674170773
2012-01-10,1.1633903980615798,1.0667259681365913,-15.448277674170773
2012-01-11,1.1633903980615798,1.06923364270771,-15.448277674170773
2012-01-12,1.1633903980615798,1.0627006714269638,-15.448277674170773
2012-01-13,1.1633903980615798,1.0703444175241617,-15.448277674170773
2012-01-16,1.1633903980615798,1.0720821109833927,-15.448277674170773
2012-01-17,1.1633903980615798,1.0926267193004775,-15.448277674170773
2012-01-18,1.1633903980615798,1.090097134261117,-15.448277674170773
2012-01-19,1.1633903980615798,1.1038668969127474,-15.448277674170773
2012-01-20,1.1633903980615798,1.110509850151727,-15.448277674170773
2012-01-23,1.1633903980615798,1.1099929134671804,-15.448277674170773
2012-01-24,1.1633903980615798,1.1278320085734344,-15.448277674170773
2012-01-25,1.1633903980615798,1.1346398273455072,-15.448277674170773
2012-01-27,1.1633903980615798,1.1448462389929401,-15.448277674170773
2012-01-30,1.1633903980615798,1.1190223892764122,-15.448277674170773
2012-01-31,1.179024410610995,1.1436473926864974,-14.312044566076377
2012-02-01,1.187290154717352,1.15166512040339,-13.711315093268695
2012-02-02,1.195045559713378,1.159187821903978,-13.147675535265712
2012-02-03,1.2077332831450056,1.17149484599196,-12.225569877246434
2012-02-06,1.2146438060760587,1.1793695112397449,-11.723333811892767
2012-02-07,1.2146438060760587,1.1735404674533927,-11.723333811892767
2012-02-08,1.2146438060760587,1.180799276696775,-11.723333811892767
2012-02-09,1.2146438060760587,1.19052172476628,-11.723333811892767
2012-02-10,1.2146438060760587,1.1837578343349466,-11.723333811892767
2012-02-13,1.2146438060760587,1.1856495454974065,-11.723333811892767
2012-02-14,1.2146438060760587,1.1913355268146508,-11.723333811892767
2012-02-15,1.2146438060760587,1.2168294306564795,-11.723333811892767
2012-02-16,1.2146438060760587,1.2146297914918183,-11.723333811892767
2012-02-17,1.2146438060760587,1.2239451774307537,-11.723333811892767
2012-02-21,1.2146438060760587,1.2333706527321784,-11.723333811892767
2012-02-22,1.2146438060760587,1.2109783689976292,-11.723333811892767
2012-02-23,1.2146438060760587,1.2061281001969975,-11.723333811892767
2012-02-24,1.2146438060760587,1.1942500487078267,-11.723333811892767
2012-02-27,1.2146438060760587,1.1616734786025984,-11.723333811892767
2012-02-28,1.2282962835193834,1.1824160329636513,-10.731112727920467
2012-02-29,1.2305127682839179,1.184549725915075,-10.570025267801652
2012-03-01,1.220127444874454,1.1745523229499872,-11.324799402644093
2012-03-02,1.2246060472570768,1.1788636371935746,-10.99930802357283
2012-03-05,1.2053300215468987,1.1614864877927507,-12.400231717036437
2012-03-06,1.2053300215468987,1.1487395358718364,-12.400231717036437
2012-03-07,1.2053300215468987,1.1483106706772812,-12.400231717036437
2012-03-09,1.2053300215468987,1.173188503706195,-12.400231717036437
2012-03-12,1.2053300215468987,1.1789075655343142,-12.400231717036437
2012-03-13,1.2053300215468987,1.194294084452822,-12.400231717036437
2012-03-14,1.2053300215468987,1.2018608216984055,-12.400231717036437
2012-03-15,1.2053300215468987,1.183515852545982,-12.400231717036437
2012-03-16,1.2053300215468987,1.1697460898943512,-12.400231717036437
2012-03-19,1.2053300215468987,1.1563612640965364,-12.400231717036437
2012-03-20,1.2053300215468987,1.1602766862521872,-12.400231717036437
2012-03-21,1.2053300215468987,1.1800954566066362,-12.400231717036437
2012-03-22,1.2053300215468987,1.1500703820090101,-12.400231717036437
2012-03-23,1.2092963725952404,1.1610135868531997,-12.111969227467224
2012-03-26,1.1877713022697685,1.1403479339395048,-13.676346733277544
2012-03-27,1.2012659473409741,1.1533037871385083,-12.695596432392042
2012-03-28,1.1901769730367708,1.1426575550623992,-13.501509802323108
2012-03-29,1.1853439455621575,1.139160150271439,-13.85275973330713
2012-03-30,1.1853439455621575,1.164829874880482,-13.85275973330713
2012-04-02,1.1853439455621575,1.1697460898943512,-13.85275973330713
2012-04-03,1.1853439455621575,1.1786766463837273,-13.85275973330713
2012-04-04,1.1853439455621575,1.170845909476682,-13.85275973330713
2012-04-09,1.1853439455621575,1.15137910286943,-13.85275973330713
2012-04-10,1.1853439455621575,1.1534028138626207,-13.85275973330713
2012-04-11,1.1853439455621575,1.149718418261813,-13.85275973330713
2012-04-12,1.1853439455621575,1.1607166140851193,-13.85275973330713
2012-04-13,1.1853439455621575,1.1454511397632214,-13.85275973330713
2012-04-16,1.1853439455621575,1.1495754631969612,-13.85275973330713
2012-04-17,1.1853439455621575,1.1635431718925602,-13.85275973330713
2012-04-18,1.1853439455621575,1.1658087572704587,-13.85275973330713
2012-04-19,1.1853439455621575,1.17293556668311,-13.85275973330713
2012-04-20,1.1853439455621575,1.163796108915645,-13.85275973330713
2012-04-23,1.1853439455621575,1.1439443654545773,-13.85275973330713
2012-04-24,1.1853439455621575,1.148794526850953,-13.85275973330713
2012-04-25,1.1853439455621575,1.1442522934567787,-13.85275973330713
2012-04-26,1.1853439455621575,1.1413927625427192,-13.85275973330713
2012-04-27,1.1853439455621575,1.141744726289916,-13.85275973330713
2012-04-30,1.1853439455621575,1.1544036067208392,-13.85275973330713
2012-05-02,1.1853439455621575,1.152423931472644,-13.85275973330713
2012-05-03,1.1853439455621575,1.1412607627119884,-13.85275973330713
2012-05-04,1.1853439455621575,1.1189234699565558,-13.85275973330713
2012-05-07,1.1853439455621575,1.1249284419143784,-13.85275973330713
2012-05-08,1.1853439455621575,1.0998086270965006,-13.85275973330713
2012-05-09,1.1858049225225935,1.0942764486739727,-13.819257311401012
2012-05-10,1.183635918338799,1.0922748629575358,-13.976894025420073
2012-05-11,1.1748641143937437,1.0841801263890287,-14.614402408414017
2012-05-14,1.1698346457419775,1.0795388662707424,-14.979929094554068
2012-05-15,1.1770074929965573,1.0872376033470565,-14.458628084707925
2012-05-16,1.1770074929965573,1.0686396971715482,-14.458628084707925
2012-05-17,1.1770074929965573,1.0712683089350208,-14.458628084707925
2012-05-18,1.1770074929965573,1.075942542159926,-14.458628084707925
2012-05-22,1.1770074929965573,1.069134615983597,-14.458628084707925
2012-05-23,1.1770074929965573,1.0636684911785625,-14.458628084707925
2012-05-24,1.1770074929965573,1.0825303970155327,-14.458628084707925
2012-05-25,1.1770074929965573,1.0823104330990665,-14.458628084707925
2012-05-28,1.1770074929965573,1.0966630786484812,-14.458628084707925
2012-05-29,1.1770074929965573,1.0976419610384578,-14.458628084707925
2012-05-30,1.1770074929965573,1.0889863594446647,-14.458628084707925
2012-05-31,1.1770074929965573,1.0831573156583123,-14.458628084707925
2012-06-01,1.1770074929965573,1.0649773194432384,-14.458628084707925
2012-06-04,1.1770074929965573,1.066418040134389,-14.458628084707925
2012-06-05,1.1770074929965573,1.0697504719879996,-14.458628084707925
2012-06-06,1.1770074929965573,1.0991817084537205,-14.458628084707925
2012-06-07,1.1770074929965573,1.1107407693023128,-14.458628084707925
2012-06-08,1.1770074929965573,1.1148541375019316,-14.458628084707925
2012-06-11,1.1770074929965573,1.1117196516922894,-14.458628084707925
2012-06-12,1.1770074929965573,1.1253133787681935,-14.458628084707925
2012-06-13,1.1770074929965573,1.1265342429471341,-14.458628084707925
2012-06-14,1.1770074929965573,1.111862606757141,-14.458628084707925
2012-06-15,1.1770074929965573,1.130405521953533,-14.458628084707925
2012-06-18,1.1770074929965573,1.1139522639635693,-14.458628084707925
2012-06-19,1.1770074929965573,1.1226628565364791,-14.458628084707925
2012-06-20,1.1770074929965573,1.1263361894989097,-14.458628084707925
2012-06-21,1.1770074929965573,1.1361136285475313,-14.458628084707925
2012-06-22,1.1770074929965573,1.131945269368796,-14.458628084707925
2012-06-25,1.1770074929965573,1.1250384238726108,-14.458628084707925
2012-06-26,1.1770074929965573,1.1263911804780262,-14.458628084707925
2012-06-27,1.1770074929965573,1.1310324405963128,-14.458628084707925
2012-06-28,1.1770074929965573,1.132627178990692,-14.458628084707925
2012-06-29,1.1770074929965573,1.1611674971521717,-14.458628084707925
2012-07-02,1.1770074929965573,1.1611015509389344,-14.458628084707925
2012-07-03,1.1770074929965573,1.163158235038744,-14.458628084707925
2012-07-04,1.1770074929965573,1.1663696222957445,-14.458628084707925
2012-07-05,1.1770074929965573,1.171813729228281,-14.458628084707925
2012-07-06,1.1770074929965573,1.1695371886162615,-14.458628084707925
2012-07-09,1.1770074929965573,1.1603426324654238,-14.458628084707925
2012-07-10,1.1770074929965573,1.1757841423630482,-14.458628084707925
2012-07-11,1.1770074929965573,1.1671944869824924,-14.458628084707925
2012-07-12,1.1770074929965573,1.1515660936792766,-14.458628084707925
2012-07-13,1.1770074929965573,1.1498063823475477,-14.458628084707925
2012-07-16,1.1770074929965573,1.143207464853564,-14.458628084707925
2012-07-17,1.1770074929965573,1.1422396451019643,-14.458628084707925
2012-07-18,1.1770074929965573,1.1473977345005413,-14.458628084707925
2012-07-19,1.1770074929965573,1.1532048678186517,-14.458628084707925
2012-07-20,1.1770074929965573,1.1449342030786742,-14.458628084707925
2012-07-23,1.1770074929965573,1.1257643692395027,-14.458628084707925
2012-07-24,1.1770074929965573,1.1280189993832805,-14.458628084707925
2012-07-25,1.1770074929965573,1.1239276490561594,-14.458628084707925
2012-07-26,1.1770074929965573,1.1092780307386643,-14.458628084707925
2012-07-27,1.1770074929965573,1.1217830008706144,-14.458628084707925
2012-07-30,1.1770074929965573,1.14376832987885,-14.458628084707925
2012-07-31,1.1770074929965573,1.150191319201363,-14.458628084707925
2012-08-01,1.1770074929965573,1.1527209042407236,-14.458628084707925
2012-08-02,1.1770074929965573,1.1499163643057804,-14.458628084707925
2012-08-03,1.1770074929965573,1.147265842074066,-14.458628084707925
2012-08-06,1.1770074929965573,1.1619703439664215,-14.458628084707925
2012-08-07,1.1770074929965573,1.1738814759664669,-14.458628084707925
2012-08-08,1.1770074929965573,1.1741673860961703,-14.458628084707925
2012-08-09,1.1770074929965573,1.1708569721150575,-14.458628084707925
2012-08-10,1.1770074929965573,1.1702959996855151,-14.458628084707925
2012-08-13,1.1770074929965573,1.1763450073883337,-14.458628084707925
2012-08-14,1.1770074929965573,1.183482879439362,-14.458628084707925
2012-08-16,1.1770074929965573,1.1796555287737025,-14.458628084707925
2012-08-17,1.1770074929965573,1.1803923219704593,-14.458628084707925
2012-08-21,1.1770074929965573,1.1924243911628587,-14.458628084707925
2012-08-22,1.1770074929965573,1.190631706724511,-14.458628084707925
2012-08-23,1.1770074929965573,1.1911816165156763,-14.458628084707925
2012-08-24,1.1770074929965573,1.184879671789773,-14.458628084707925
2012-08-27,1.1770074929965573,1.1768619440728803,-14.458628084707925
2012-08-29,1.1770074929965573,1.1631251545278685,-14.458628084707925
2012-08-30,1.1770074929965573,1.1691191712515703,-14.458628084707925
2012-08-31,1.1770074929965573,1.1566802547371133,-14.458628084707925
2012-09-03,1.1770074929965573,1.1556354261338992,-14.458628084707925
2012-09-04,1.1770074929965573,1.1600896954423383,-14.458628084707925
2012-09-05,1.1770074929965573,1.149465481238727,-14.458628084707925
2012-09-06,1.1770074929965573,1.1522589585352931,-14.458628084707925
2012-09-07,1.1770074929965573,1.1750692596345327,-14.458628084707925
2012-09-10,1.1770074929965573,1.1797655107319356,-14.458628084707925
2012-09-11,1.1770074929965573,1.1856055097524087,-14.458628084707925
2012-09-12,1.1770074929965573,1.1946240303275197,-14.458628084707925
2012-09-13,1.1770074929965573,1.1955808948449986,-14.458628084707925
2012-09-14,1.1770074929965573,1.2268817171964257,-14.458628084707925
2012-09-17,1.1770074929965573,1.233997571374956,-14.458628084707925
2012-09-18,1.1770074929965573,1.2318088874444155,-14.458628084707925
2012-09-20,1.1770074929965573,1.2217345830319695,-14.458628084707925
2012-09-21,1.1770074929965573,1.2518476217153307,-14.458628084707925
2012-09-24,1.1770074929965573,1.2471074422771882,-14.458628084707925
2012-09-25,1.1770074929965573,1.2480532441562902,-14.458628084707925
2012-09-26,1.1770074929965573,1.2457546856717727,-14.458628084707925
2012-09-27,1.1770074929965573,1.242686146075368,-14.458628084707925
2012-09-28,1.1770074929965573,1.254520161819543,-14.458628084707925
2012-10-01,1.1770074929965573,1.2579296025247677,-14.458628084707925
2012-10-03,1.1770074929965573,1.2606681962464732,-14.458628084707925
2012-10-04,1.1770074929965573,1.2730631844201905,-14.458628084707925
2012-10-05,1.1770074929965573,1.264121672696694,-14.458628084707925
2012-10-08,1.1770074929965573,1.24851518986172,-14.458628084707925
2012-10-09,1.1770074929965573,1.2548061793535024,-14.458628084707925
2012-10-10,1.1770074929965573,1.2432690289731516,-14.458628084707925
2012-10-11,1.1770074929965573,1.2555649904227566,-14.458628084707925
2012-10-12,1.1770074929965573,1.2485261450958405,-14.458628084707925
2012-10-15,1.1770074929965573,1.2509897839219637,-14.458628084707925
2012-10-16,1.1770074929965573,1.2423562002006683,-14.458628084707925
2012-10-17,1.1770074929965573,1.2450507581773782,-14.458628084707925
2012-10-18,1.1770074929965573,1.2579076920565255,-14.458628084707925
2012-10-19,1.1770074929965573,1.250329892172565,-14.458628084707925
2012-10-22,1.1770074929965573,1.2575666835434491,-14.458628084707925
2012-10-23,1.1770074929965573,1.2519026126944464,-14.458628084707925
2012-10-25,1.1770074929965573,1.2549600896524742,-14.458628084707925
2012-10-29,1.1770074929965573,1.2462275866113228,-14.458628084707925
2012-10-30,1.1770074929965573,1.2313359865048639,-14.458628084707925
2012-10-31,1.1770074929965573,1.2361312643263789,-14.458628084707925
2012-11-01,1.1770074929965573,1.2417072636853903,-14.458628084707925
2012-11-02,1.1770074929965573,1.2532884498107366,-14.458628084707925
2012-11-05,1.1770074929965573,1.2547182152677663,-14.458628084707925
2012-11-06,1.1770074929965573,1.2591614219378282,-14.458628084707925
2012-11-07,1.1770074929965573,1.2670141767173713,-14.458628084707925
2012-11-08,1.1770074929965573,1.2623179256199684,-14.458628084707925
2012-11-09,1.1770074929965573,1.2507698200054969,-14.458628084707925
2012-11-12,1.1770074929965573,1.2502089549802107,-14.458628084707925
2012-11-15,1.1770074929965573,1.2386168136207434,-14.458628084707925
2012-11-16,1.1770074929965573,1.2260898256162953,-14.458628084707925
2012-11-19,1.1770074929965573,1.2255069427185112,-14.458628084707925
2012-11-20,1.1770074929965573,1.2255399158251299,-14.458628084707925
2012-11-21,1.1770074929965573,1.2350533552122898,-14.458628084707925
2012-11-22,1.1770074929965573,1.2379019308922283,-14.458628084707925
2012-11-23,1.1770074929965573,1.2376489938691435,-14.458628084707925
2012-11-26,1.1770074929965573,1.239694615330576,-14.458628084707925
2012-11-27,1.1770074929965573,1.2598323763256032,-14.458628084707925
2012-11-29,1.1770074929965573,1.2812898134151713,-14.458628084707925
2012-11-30,1.1770074929965573,1.2933548557141894,-14.458628084707925
2012-12-03,1.1770074929965573,1.2913971983384922,-14.458628084707925
2012-12-04,1.1770074929965573,1.2954224950481197,-14.458628084707925
2012-12-05,1.1770074929965573,1.2978970891083637,-14.458628084707925
2012-12-06,1.1770074929965573,1.3045839706880826,-14.458628084707925
2012-12-07,1.1770074929965573,1.2994148186511287,-14.458628084707925
2012-12-10,1.1770074929965573,1.299744764525828,-14.458628084707925
2012-12-11,1.1770074929965573,1.2975231074886688,-14.458628084707925
2012-12-12,1.1770074929965573,1.295147540152537,-14.458628084707925
2012-12-13,1.1770074929965573,1.2871188572015235,-14.458628084707925
2012-12-14,1.1770074929965573,1.2932998647350729,-14.458628084707925
2012-12-17,1.1770074929965573,1.2885266047860555,-14.458628084707925
2012-12-18,1.1770074929965573,1.2970831796557365,-14.458628084707925
2012-12-19,1.1770074929965573,1.304298060558379,-14.458628084707925
2012-12-20,1.1770074929965573,1.3013944938993236,-14.458628084707925
2012-12-21,1.1770074929965573,1.2862830372806546,-14.458628084707925
2012-12-24,1.1770074929965573,1.2880537038465043,-14.458628084707925
2012-12-26,1.1770074929965573,1.2990189265631917,-14.458628084707925
2012-12-27,1.1770074929965573,1.2912102075286445,-14.458628084707925
2012-12-28,1.1770074929965573,1.2996238273334735,-14.458628084707925
2012-12-31,1.1770074929965573,1.2989089446049586,-14.458628084707925
2013-01-02,1.1770074929965573,1.318298742360596,-14.458628084707925
2013-01-03,1.1770074929965573,1.3218731560031705,-14.458628084707925
2013-01-04,1.1770074929965573,1.323335894566819,-14.458628084707925
2013-01-07,1.1770074929965573,1.317231895884884,-14.458628084707925
2013-01-08,1.1770074929965573,1.3201574804164373,-14.458628084707925
2013-01-09,1.1770074929965573,1.313514527177458,-14.458628084707925
2013-01-10,1.1770074929965573,1.3128876085346783,-14.458628084707925
2013-01-11,1.1770074929965573,1.30907121310314,-14.458628084707925
2013-01-14,1.1770074929965573,1.3250735880260505,-14.458628084707925
2013-01-15,1.1770074929965573,1.3322334779495764,-14.458628084707925
2013-01-16,1.1770074929965573,1.320190453523056,-14.458628084707925
2013-01-17,1.1770074929965573,1.328406127283917,-14.458628084707925
2013-01-18,1.1770074929965573,1.3339491535363097,-14.458628084707925
2013-01-21,1.1770074929965573,1.3378864861602022,-14.458628084707925
2013-01-22,1.1770074929965573,1.3304517487453498,-14.458628084707925
2013-01-23,1.1770074929965573,1.3317274964991508,-14.458628084707925
2013-01-24,1.1770074929965573,1.3240398220612135,-14.458628084707925
2013-01-25,1.1770074929965573,1.336203783680088,-14.458628084707925
2013-01-28,1.1770074929965573,1.3362367567867066,-14.458628084707925
2013-01-29,1.1770074929965573,1.3307596767475514,-14.458628084707925
2013-01-30,1.1770074929965573,1.3320464871397293,-14.458628084707925
2013-01-31,1.1770074929965573,1.3274272448939406,-14.458628084707925
2013-02-01,1.1770074929965573,1.3195415170077789,-14.458628084707925
2013-02-04,1.1770074929965573,1.3169789588617997,-14.458628084707925
2013-02-05,1.1770074929965573,1.3103030325162017,-14.458628084707925
2013-02-06,1.1770074929965573,1.3108090139666275,-14.458628084707925
2013-02-07,1.1770074929965573,1.3063216641473137,-14.458628084707925
2013-02-08,1.1770074929965573,1.298556980857762,-14.458628084707925
2013-02-11,1.1770074929965573,1.2973142062105796,-14.458628084707925
2013-02-12,1.1770074929965573,1.3027362952706183,-14.458628084707925
2013-02-13,1.1770074929965573,1.3050349611593917,-14.458628084707925
2013-02-14,1.1770074929965573,1.297116260166611,-14.458628084707925
2013-02-15,1.1770074929965573,1.295015540321806,-14.458628084707925
2013-02-18,1.1770074929965573,1.2973912150621938,-14.458628084707925
2013-02-19,1.1770074929965573,1.3065197175955379,-14.458628084707925
2013-02-20,1.1770074929965573,1.3072565107922944,-14.458628084707925
2013-02-21,1.1770074929965573,1.287283830138873,-14.458628084707925
2013-02-22,1.1770074929965573,1.2868548575400616,-14.458628084707925
2013-02-25,1.1770074929965573,1.2878337399300384,-14.458628084707925
2013-02-26,1.1770074929965573,1.2672891316129535,-14.458628084707925
2013-02-27,1.1770074929965573,1.275108805881622,-14.458628084707925
2013-02-28,1.1770074929965573,1.2522655316757638,-14.458628084707925
2013-03-01,1.1770074929965573,1.258127655972991,-14.458628084707925
2013-03-04,1.1770074929965573,1.2534643779822068,-14.458628084707925
2013-03-05,1.1770074929965573,1.272326283819177,-14.458628084707925
2013-03-06,1.1770074929965573,1.2798820658306396,-14.458628084707925
2013-03-07,1.1770074929965573,1.2897143884541218,-14.458628084707925
2013-03-08,1.1770074929965573,1.3078395010943353,-14.458628084707925
2013-03-11,1.1770074929965573,1.3071026004933226,-14.458628084707925
2013-03-12,1.1770074929965573,1.3008886198531546,-14.458628084707925
2013-03-13,1.1770074929965573,1.2870529109882867,-14.458628084707925
2013-03-14,1.1770074929965573,1.2997558271642053,-14.458628084707925
2013-03-15,1.1770074929965573,1.2917601173198106,-14.458628084707925
2013-03-18,1.1770074929965573,1.2835444435589496,-14.458628084707925
2013-03-19,1.1770074929965573,1.2639017087802271,-14.458628084707925
2013-03-20,1.1770074929965573,1.2525625044438449,-14.458628084707925
2013-03-21,1.1770074929965573,1.2447208123026787,-14.458628084707925
2013-03-22,1.1770074929965573,1.2430931008016806,-14.458628084707925
2013-03-25,1.1770074929965573,1.2392437322635232,-14.458628084707925
2013-03-26,1.1770074929965573,1.2409484526161356,-14.458628084707925
2013-03-28,1.1770074929965573,1.2499559105528697,-14.458628084707925
2013-04-01,1.1770074929965573,1.2547621436085057,-14.458628084707925
2013-04-02,1.1770074929965573,1.2643746097197777,-14.458628084707925
2013-04-03,1.1770074929965573,1.2478332802398227,-14.458628084707925
2013-04-04,1.1770074929965573,1.226243843319524,-14.458628084707925
2013-04-05,1.1770074929965573,1.2215146191155024,-14.458628084707925
2013-04-08,1.1770074929965573,1.2192490337376036,-14.458628084707925
2013-04-09,1.1770074929965573,1.2087237388538483,-14.458628084707925
2013-04-10,1.1770074929965573,1.222713465421945,-14.458628084707925
2013-04-11,1.1770074929965573,1.2304781487114969,-14.458628084707925
2013-04-12,1.1770074929965573,1.2160814674170866,-14.458628084707925
2013-04-15,1.1770074929965573,1.224847050969113,-14.458628084707925
2013-04-16,1.1770074929965573,1.2513637655416578,-14.458628084707925
2013-04-17,1.1770074929965573,1.2513087745625413,-14.458628084707925
2013-04-18,1.1770074929965573,1.272073346796092,-14.458628084707925
2013-04-22,1.1770074929965573,1.2833574527491018,-14.458628084707925
2013-04-23,1.1770074929965573,1.2839073625402673,-14.458628084707925
2013-04-25,1.1770074929965573,1.3013724760268264,-14.458628084707925
2013-04-26,1.1770074929965573,1.2915071802967257,-14.458628084707925
2013-04-29,1.1770074929965573,1.2986889806884934,-14.458628084707925
2013-04-30,1.1770074929965573,1.3044300603891104,-14.458628084707925
2013-05-02,1.1770074929965573,1.3196405437318917,-14.458628084707925
2013-05-03,1.1770074929965573,1.3074655194746405,-14.458628084707925
2013-05-06,1.1770074929965573,1.3134155004533468,-14.458628084707925
2013-05-07,1.1770074929965573,1.3293628843971408,-14.458628084707925
2013-05-08,1.1770074929965573,1.3350269552461436,-14.458628084707925
2013-05-09,1.1770074929965573,1.3308146677266686,-14.458628084707925
2013-05-10,1.1770074929965573,1.3406250798819088,-14.458628084707925
2013-05-13,1.1770074929965573,1.3154832471915334,-14.458628084707925
2013-05-14,1.1770074929965573,1.3187716433001484,-14.458628084707925
2013-05-15,1.1770074929965573,1.3520632035381477,-14.458628084707925
2013-05-16,1.1770074929965573,1.3571553467234871,-14.458628084707925
2013-05-17,1.1770074929965573,1.3609826973891466,-14.458628084707925
2013-05-20,1.1770074929965573,1.3542958158094276,-14.458628084707925
2013-05-21,1.1770074929965573,1.34488140314638,-14.458628084707925
2013-05-22,1.1770074929965573,1.3405700889027927,-14.458628084707925
2013-05-23,1.1770074929965573,1.3125356447874827,-14.458628084707925
2013-05-24,1.1705139313309987,1.3161650494091737,-14.9305606567549
2013-05-27,1.1899979008263704,1.3380734769700509,-13.514524233106851
2013-05-28,1.1954948979020252,1.3442544845036002,-13.115018984360539
2013-05-29,1.19413528685101,1.3427256923224582,-13.213831434805467
2013-05-30,1.196804685903871,1.347069979672664,-13.019827523590122
2013-05-31,1.196804685903871,1.3166930487320971,-13.019827523590122
2013-06-03,1.196804685903871,1.3064316461055476,-13.019827523590122
2013-06-04,1.196804685903871,1.3020654482871,-13.019827523590122
2013-06-05,1.196804685903871,1.3030332680386996,-13.019827523590122
2013-06-06,1.196804685903871,1.3024943134816551,-13.019827523590122
2013-06-07,1.196804685903871,1.2936077927372749,-13.019827523590122
2013-06-10,1.196804685903871,1.2929479009878764,-13.019827523590122
2013-06-11,1.196804685903871,1.2733270766773956,-13.019827523590122
2013-06-12,1.196804685903871,1.2670361945898694,-13.019827523590122
2013-06-13,1.196804685903871,1.253596377812938,-13.019827523590122
2013-06-14,1.196804685903871,1.277638390920983,-13.019827523590122
2013-06-17,1.196804685903871,1.2867998665609457,-13.019827523590122
2013-06-18,1.196804685903871,1.2787822462483092,-13.019827523590122
2013-06-19,1.196804685903871,1.28068491264489,-13.019827523590122
2013-06-20,1.196804685903871,1.244093893659899,-13.019827523590122
2013-06-21,1.2014965194223493,1.2466784696783761,-12.678839145557797
2013-06-24,1.1850883582140874,1.2296532840247494,-13.87133505464383
2013-06-25,1.1890844283869098,1.233799625330987,-13.580912668306478
2013-06-26,1.1847598119965368,1.2293123829159294,-13.895212807635282
2013-06-27,1.203428083625972,1.2499119822121307,-12.538458856644164
2013-06-28,1.203428083625972,1.2850732357400918,-12.538458856644164
2013-07-01,1.203428083625972,1.2975341701270464,-12.538458856644164
2013-07-02,1.203428083625972,1.2884495959344417,-12.538458856644164
2013-07-03,1.203428083625972,1.2693897440535034,-12.538458856644164
2013-07-04,1.203428083625972,1.2839184251786444,-12.538458856644164
2013-07-05,1.203428083625972,1.2907262439507172,-12.538458856644164
2013-07-08,1.203428083625972,1.278331255777,-12.538458856644164
2013-07-09,1.203428083625972,1.2887685865750198,-12.538458856644164
2013-07-10,1.203428083625972,1.2794641558702051,-12.538458856644164
2013-07-11,1.203428083625972,1.3055078620989429,-12.538458856644164
2013-07-12,1.203428083625972,1.3217631740449383,-12.538458856644164
2013-07-15,1.203428083625972,1.3265583444621976,-12.538458856644164
2013-07-16,1.203428083625972,1.3099401135348843,-12.538458856644164
2013-07-17,1.203428083625972,1.3139104192653954,-12.538458856644164
2013-07-18,1.203428083625972,1.328153082856577,-12.538458856644164
2013-07-19,1.203428083625972,1.3262064881192568,-12.538458856644164
2013-07-22,1.203428083625972,1.3267783083786637,-12.538458856644164
2013-07-23,1.203428083625972,1.3368966485361053,-12.538458856644164
2013-07-24,1.203428083625972,1.3176938415903152,-12.538458856644164
2013-07-25,1.203428083625972,1.2994368365236268,-12.538458856644164
2013-07-26,1.203428083625972,1.2947516480646009,-12.538458856644164
2013-07-29,1.203428083625972,1.28275255197882,-12.538458856644164
2013-07-30,1.203428083625972,1.2659032944966637,-12.538458856644164
2013-07-31,1.203428083625972,1.2630328083484832,-12.538458856644164
2013-08-01,1.203428083625972,1.2599203404113388,-12.538458856644164
2013-08-02,1.203428083625972,1.2489330998221535,-12.538458856644164
2013-08-05,1.203428083625972,1.2505828291956493,-12.538458856644164
2013-08-06,1.203428083625972,1.219095016034375,-12.538458856644164
2013-08-07,1.195675509372953,1.2140028728490355,-13.101892684741612
2013-08-08,1.2057602080459437,1.2242421501988312,-12.368967053449575
2013-08-12,1.215888277672172,1.2345254632936227,-11.632889351450014
2013-08-13,1.234714550644363,1.2536403061536776,-10.264652337093372
2013-08-14,1.2427954937178434,1.263098754561721,-9.677353648692499
2013-08-16,1.2427954937178434,1.211528278788792,-9.677353648692499
2013-08-19,1.2427954937178434,1.1910496166849445,-9.677353648692499
2013-08-20,1.2427954937178434,1.1881241395576474,-9.677353648692499
2013-08-21,1.2427954937178434,1.166369622295743,-9.677353648692499
2013-08-22,1.2427954937178434,1.1896638869729104,-9.677353648692499
2013-08-23,1.2427954937178434,1.2035875599235135,-9.677353648692499
2013-08-26,1.2427954937178434,1.2046323885267276,-9.677353648692499
2013-08-27,1.2427954937178434,1.1630482530805093,-9.677353648692499
2013-08-28,1.2537943098907545,1.1625092985234649,-8.877992701142723
2013-08-29,1.2832234374707445,1.1897957793993852,-6.739172037347785
2013-08-30,1.298110020809561,1.2035985151576345,-5.657259840942242
2013-09-02,1.3168398799670966,1.2209647093243374,-4.2960298932578915
2013-09-03,1.2658695104412576,1.1749263045696803,-8.000403367694576
2013-09-04,1.2658695104412576,1.1983854347799412,-8.000403367694576
2013-09-05,1.2658695104412576,1.2302472295609104,-8.000403367694576
2013-09-06,1.2658695104412576,1.2494830096133192,-8.000403367694576
2013-09-10,1.2658695104412576,1.2970722244216164,-8.000403367694576
2013-09-11,1.2658695104412576,1.3006796111708097,-8.000403367694576
2013-09-12,1.2658695104412576,1.2869429290300538,-8.000403367694576
2013-09-13,1.2658695104412576,1.2869209111575561,-8.000403367694576
2013-09-16,1.2658695104412576,1.284710209354518,-8.000403367694576
2013-09-17,1.2658695104412576,1.2868329470718207,-8.000403367694576
2013-09-18,1.2658695104412576,1.2976661699577772,-8.000403367694576
2013-09-19,1.2658695104412576,1.3452002863827015,-8.000403367694576
2013-09-20,1.2658695104412576,1.3224450836668347,-8.000403367694576
2013-09-23,1.2658695104412576,1.2955324770063532,-8.000403367694576
2013-09-24,1.272700491555268,1.2961264225425142,-7.503948162866402
2013-09-25,1.2686830874796395,1.292035072215393,-7.795921033228026
2013-09-26,1.2704973683793594,1.2938827476328572,-7.6640645428274095
2013-09-27,1.2599031828593645,1.2830935604918963,-8.434018148983535
2013-09-30,1.2374979375621147,1.261559007146458,-10.062364129981471
2013-10-01,1.2374979375621147,1.271402392408317,-10.062364129981471
2013-10-03,1.2374979375621147,1.2999208001015548,-10.062364129981471
2013-10-04,1.2374979375621147,1.2993928007786313,-10.062364129981471
2013-10-07,1.2374979375621147,1.2991398637555465,-10.062364129981471
2013-10-08,1.2374979375621147,1.3040340608969176,-10.062364129981471
2013-10-09,1.2374979375621147,1.3214222729361182,-10.062364129981471
2013-10-10,1.2374979375621147,1.324391785808411,-10.062364129981471
2013-10-11,1.2374979375621147,1.3409440705224869,-10.062364129981471
2013-10-14,1.2374979375621147,1.3445734751441778,-10.062364129981471
2013-10-15,1.2374979375621147,1.339371242596349,-10.062364129981471
2013-10-17,1.2374979375621147,1.3298688658475661,-10.062364129981471
2013-10-18,1.2374979375621147,1.361433687860455,-10.062364129981471
2013-10-21,1.2374979375621147,1.3648651464381778,-10.062364129981471
2013-10-22,1.2374979375621147,1.3643921380943709,-10.062364129981471
2013-10-23,1.2374979375621147,1.359014084779328,-10.062364129981471
2013-10-24,1.2374979375621147,1.3559345899488022,-10.062364129981471
2013-10-25,1.2374979375621147,1.3516562488118335,-10.062364129981471
2013-10-28,1.2374979375621147,1.3420218722323196,-10.062364129981471
2013-10-29,1.2374979375621147,1.368373506463259,-10.062364129981471
2013-10-30,1.2374979375621147,1.375148459532969,-10.062364129981471
2013-10-31,1.2374979375621147,1.385585682926733,-10.062364129981471
2013-11-01,1.2374979375621147,1.3873564568968388,-10.062364129981471
2013-11-05,1.2374979375621147,1.3754673427692912,-10.062364129981471
2013-11-06,1.2374979375621147,1.3671087139435785,-10.062364129981471
2013-11-07,1.2374979375621147,1.360971742155025,-10.062364129981471
2013-11-08,1.2374979375621147,1.3507434200393502,-10.062364129981471
2013-11-11,1.2374979375621147,1.3371166124525713,-10.062364129981471
2013-11-12,1.2374979375621147,1.3237538045272543,-10.062364129981471
2013-11-13,1.2374979375621147,1.3174958955463467,-10.062364129981471
2013-11-14,1.2374979375621147,1.3321344512254647,-10.062364129981471
2013-11-18,1.2374979375621147,1.3613566790088405,-10.062364129981471
2013-11-19,1.2374979375621147,1.3645131826909807,-10.062364129981471
2013-11-20,1.2374979375621147,1.3468170426495787,-10.062364129981471
2013-11-21,1.2374979375621147,1.3195744901143982,-10.062364129981471
2013-11-22,1.2297109505921875,1.318782705938525,-10.628298971057315
2013-11-25,1.2543033028065915,1.345156358041962,-8.841000623713358
2013-11-26,1.2427660139096057,1.3327833877407427,-9.679496152674382
2013-11-27,1.2423557991932686,1.3323434599078106,-9.70930932703743
2013-11-28,1.2482409240904357,1.3399872060050084,-9.281596113152224
2013-11-29,1.2482409240904357,1.3585191659672793,-9.281596113152224
2013-12-02,1.2482409240904357,1.36770265947974,-9.281596113152224
2013-12-03,1.2482409240904357,1.3641832368162818,-9.281596113152224
2013-12-04,1.2482409240904357,1.3551867341136685,-9.281596113152224
2013-12-05,1.2482409240904357,1.3728168205375773,-9.281596113152224
2013-12-06,1.2482409240904357,1.3769520992054378,-9.281596113152224
2013-12-09,1.2482409240904357,1.3998283465179147,-9.281596113152224
2013-12-10,1.2482409240904357,1.392998509873344,-9.281596113152224
2013-12-11,1.2482409240904357,1.3875103671958118,-9.281596113152224
2013-12-12,1.2482409240904357,1.3719259022333357,-9.281596113152224
2013-12-13,1.2482409240904357,1.3568254008487874,-9.281596113152224
2013-12-16,1.2482409240904357,1.3538119596357552,-9.281596113152224
2013-12-17,1.2482409240904357,1.3503694384196556,-9.281596113152224
2013-12-18,1.2482409240904357,1.3675486417765113,-9.281596113152224
2013-12-19,1.2482409240904357,1.356440463994972,-9.281596113152224
2013-12-20,1.2482409240904357,1.3801086028875782,-9.281596113152224
2013-12-23,1.2482409240904357,1.382363233031356,-9.281596113152224
2013-12-24,1.2482409240904357,1.3788217924954,-9.281596113152224
2013-12-26,1.2482409240904357,1.3811314136182944,-9.281596113152224
2013-12-27,1.2482409240904357,1.388808132822111,-9.281596113152224
2013-12-30,1.2482409240904357,1.3838150163608836,-9.281596113152224
2013-12-31,1.2482409240904357,1.3866525294024454,-9.281596113152224
2014-01-02,1.2482409240904357,1.3684284974423757,-9.281596113152224
2014-01-03,1.2482409240904357,1.3662288582777145,-9.281596113152224
2014-01-06,1.2482409240904357,1.3618956335658856,-9.281596113152224
2014-01-07,1.2482409240904357,1.3554726442433724,-9.281596113152224
2014-01-08,1.2482409240904357,1.3581892200925803,-9.281596113152224
2014-01-09,1.2482409240904357,1.356814445614667,-9.281596113152224
2014-01-10,1.2482409240904357,1.357496355236563,-9.281596113152224
2014-01-13,1.2482409240904357,1.379778657012879,-9.281596113152224
2014-01-14,1.2482409240904357,1.3729817934749269,-9.281596113152224
2014-01-15,1.2482409240904357,1.3903698981098715,-9.281596113152224
2014-01-16,1.2482409240904357,1.3899299702769392,-9.281596113152224
2014-01-17,1.2482409240904357,1.3773370360592536,-9.281596113152224
2014-01-20,1.2482409240904357,1.3866415741683245,-9.281596113152224
2014-01-21,1.2482409240904357,1.388808132822111,-9.281596113152224
2014-01-22,1.2482409240904357,1.3943403112446389,-9.281596113152224
2014-01-23,1.2482409240904357,1.3958140050424084,-9.281596113152224
2014-01-24,1.2482409240904357,1.3784588735140826,-9.281596113152224
2014-01-27,1.2482409240904357,1.3496656183295181,-9.281596113152224
2014-01-28,1.245852689369676,1.347553943250592,-9.45516584459839
2014-01-29,1.244632511261336,1.3462341597517953,-9.54384472726436
2014-01-30,1.2351660024901374,1.3359948824019996,-10.231842171932136
2014-01-31,1.2383790984560932,1.3394702693204619,-9.998324000927472
2014-02-03,1.2193057429547276,1.3201793908846804,-11.38451823190988
2014-02-04,1.2193057429547276,1.3199814448407121,-11.38451823190988
2014-02-05,1.2193057429547276,1.3247106690447337,-11.38451823190988
2014-02-06,1.2193057429547276,1.3277681460027615,-11.38451823190988
2014-02-07,1.2193057429547276,1.333685261279105,-11.38451823190988
2014-02-10,1.2193057429547276,1.3315406130935603,-11.38451823190988
2014-02-11,1.2193057429547276,1.333575279320872,-11.38451823190988
2014-02-12,1.2193057429547276,1.338260467779898,-11.38451823190988
2014-02-13,1.2193057429547276,1.3200254805857075,-11.38451823190988
2014-02-14,1.2193057429547276,1.330418775638732,-11.38451823190988
2014-02-18,1.2193057429547276,1.3477409340604394,-11.38451823190988
2014-02-19,1.2193057429547276,1.3533829870369443,-11.38451823190988
2014-02-20,1.2193057429547276,1.3398992419192732,-11.38451823190988
2014-02-21,1.2193057429547276,1.353976932573105,-11.38451823190988
2014-02-24,1.2193057429547276,1.3607188051319403,-11.38451823190988
2014-02-25,1.2193057429547276,1.3637872373240891,-11.38451823190988
2014-02-26,1.2193057429547276,1.3723108390871515,-11.38451823190988
2014-02-28,1.2193057429547276,1.380702548423739,-11.38451823190988
2014-03-03,1.2193057429547276,1.3684945510598692,-11.38451823190988
2014-03-04,1.2193057429547276,1.3853217906695279,-11.38451823190988
2014-03-05,1.2193057429547276,1.3920746184624841,-11.38451823190988
2014-03-06,1.2193057429547276,1.4080220024062782,-11.38451823190988
2014-03-07,1.2193057429547276,1.4356274739227766,-11.38451823190988
2014-03-10,1.2193057429547276,1.4379591129181686,-11.38451823190988
2014-03-11,1.2193057429547276,1.432383006154901,-11.38451823190988
2014-03-12,1.2193057429547276,1.4334828257372316,-11.38451823190988
2014-03-13,1.2193057429547276,1.4282477274870404,-11.38451823190988
2014-03-14,1.2193057429547276,1.4306893484406655,-11.38451823190988
2014-03-18,1.2193057429547276,1.433427834758115,-11.38451823190988
2014-03-19,1.2193057429547276,1.4350555462591132,-11.38451823190988
2014-03-20,1.2193057429547276,1.4260480883223792,-11.38451823190988
2014-03-21,1.2193057429547276,1.428269745359538,-11.38451823190988
2014-03-24,1.2193057429547276,1.4481324440547265,-11.38451823190988
2014-03-25,1.2193057429547276,1.4495072185326396,-11.38451823190988
2014-03-26,1.2193057429547276,1.4520697766786188,-11.38451823190988
2014-03-27,1.2193057429547276,1.4609453421888783,-11.38451823190988
2014-03-28,1.2193057429547276,1.4728563667846677,-11.38451823190988
2014-03-31,1.2193057429547276,1.47468213173389,-11.38451823190988
2014-04-01,1.2193057429547276,1.4783884378029395,-11.38451823190988
2014-04-02,1.2193057429547276,1.4853173011716225,-11.38451823190988
2014-04-03,1.2193057429547276,1.4816989591883085,-11.38451823190988
2014-04-04,1.2193057429547276,1.472515465675848,-11.38451823190988
2014-04-07,1.2193057429547276,1.4726693759748204,-11.38451823190988
2014-04-09,1.2193057429547276,1.4949188120487737,-11.38451823190988
2014-04-10,1.2193057429547276,1.4949627403895134,-11.38451823190988
2014-04-11,1.2193057429547276,1.4905414441876932,-11.38451823190988
2014-04-15,1.2193057429547276,1.4810390674389102,-11.38451823190988
2014-04-16,1.2193057429547276,1.4683250886246146,-11.38451823190988
2014-04-17,1.2193057429547276,1.4912233538095896,-11.38451823190988
2014-04-21,1.2193057429547276,1.4996369736144186,-11.38451823190988
2014-04-22,1.2193057429547276,1.499131099568249,-11.38451823190988
2014-04-23,1.2193057429547276,1.504729116799758,-11.38451823190988
2014-04-25,1.2193057429547276,1.491960254410602,-11.38451823190988
2014-04-28,1.2193057429547276,1.4872310302065803,-11.38451823190988
2014-04-29,1.2193057429547276,1.4771126900491387,-11.38451823190988
2014-04-30,1.2193057429547276,1.472966348742901,-11.38451823190988
2014-05-02,1.2193057429547276,1.472614384995704,-11.38451823190988
2014-05-05,1.2193057429547276,1.4736152852581785,-11.38451823190988
2014-05-06,1.2193057429547276,1.4771236452832595,-11.38451823190988
2014-05-07,1.2193057429547276,1.4633209095250101,-11.38451823190988
2014-05-08,1.2193057429547276,1.4649267105577666,-11.38451823190988
2014-05-09,1.2193057429547276,1.5086884672961483,-11.38451823190988
2014-05-12,1.2193057429547276,1.5428819010725097,-11.38451823190988
2014-05-13,1.2193057429547276,1.5636684911785583,-11.38451823190988
2014-05-14,1.2193057429547276,1.5636684911785583,-11.38451823190988
2014-05-15,1.2193057429547276,1.5668359500948195,-11.38451823190988
2014-05-16,1.2193057429547276,1.584400090305491,-11.38451823190988
2014-05-19,1.2193057429547276,1.5977188624858123,-11.38451823190988
2014-05-20,1.2193057429547276,1.600347474249285,-11.38451823190988
2014-05-21,1.2193057429547276,1.5953762682562993,-11.38451823190988
2014-05-22,1.2193057429547276,1.600545420293253,-11.38451823190988
2014-05-23,1.2193057429547276,1.620496190478433,-11.38451823190988
2014-05-26,1.2193057429547276,1.618725416508327,-11.38451823190988
2014-05-27,1.2193057429547276,1.609695940699095,-11.38451823190988
2014-05-28,1.2193057429547276,1.612258498845074,-11.38451823190988
2014-05-29,1.2193057429547276,1.5915818906972585,-11.38451823190988
2014-05-30,1.2193057429547276,1.5903281608159554,-11.38451823190988
2014-06-02,1.2193057429547276,1.6194843349818375,-11.38451823190988
2014-06-03,1.2193057429547276,1.6312194314061566,-11.38451823190988
2014-06-04,1.2193057429547276,1.628227900661366,-11.38451823190988
2014-06-05,1.2193057429547276,1.644032329540308,-11.38451823190988
2014-06-06,1.2193057429547276,1.668074342648353,-11.38451823190988
2014-06-09,1.2193057429547276,1.6837358164624434,-11.38451823190988
2014-06-10,1.2193057429547276,1.6841317085503797,-11.38451823190988
2014-06-11,1.2193057429547276,1.6776318177805083,-11.38451823190988
2014-06-12,1.2193057429547276,1.6827019430933499,-11.38451823190988
2014-06-13,1.2193057429547276,1.6589898758600041,-11.38451823190988
2014-06-16,1.2193057429547276,1.6571091199316652,-11.38451823190988
2014-06-17,1.2193057429547276,1.6786986642562203,-11.38451823190988
2014-06-18,1.2193057429547276,1.66253131639596,-11.38451823190988
2014-06-19,1.2193057429547276,1.658681947857803,-11.38451823190988
2014-06-20,1.2193057429547276,1.6522480033011688,-11.38451823190988
2014-06-23,1.2193057429547276,1.6482666349322808,-11.38451823190988
2014-06-24,1.2193057429547276,1.6673705225582147,-11.38451823190988
2014-06-25,1.2193057429547276,1.6649618747112083,-11.38451823190988
2014-06-26,1.2193057429547276,1.6482336618256619,-11.38451823190988
2014-06-27,1.2193057429547276,1.6516650129991284,-11.38451823190988
2014-06-30,1.2193057429547276,1.674222377075283,-11.38451823190988
2014-07-01,1.2193057429547276,1.6793585560056181,-11.38451823190988
2014-07-02,1.2193057429547276,1.6992542278074254,-11.38451823190988
2014-07-03,1.2193057429547276,1.6969775797911497,-11.38451823190988
2014-07-04,1.2193057429547276,1.7050723163596566,-11.38451823190988
2014-07-07,1.2193057429547276,1.7128919906283249,-11.38451823190988
2014-07-08,1.2193057429547276,1.6768289709662576,-11.38451823190988
2014-07-09,1.2096335832936196,1.6684263063955491,-12.087461766014762
2014-07-10,1.2068826038194185,1.6646319288365086,-12.28739469739727
2014-07-11,1.189635174168143,1.6408428527515486,-13.540886117937356
2014-07-14,1.188765992983501,1.6396440064451059,-13.604055597672737
2014-07-15,1.1991393146357103,1.6555913903889,-12.850153714525437
2014-07-16,1.1991393146357103,1.6770928632234634,-12.850153714525437
2014-07-17,1.1991393146357103,1.6806233485252984,-12.850153714525437
2014-07-18,1.1991393146357103,1.6857814379238754,-12.850153714525437
2014-07-21,1.1991393146357103,1.6902467698706913,-12.850153714525437
2014-07-22,1.1991393146357103,1.7086467300022314,-12.850153714525437
2014-07-23,1.1991393146357103,1.714783701790785,-12.850153714525437
2014-07-24,1.1991393146357103,1.7224494657604805,-12.850153714525437
2014-07-25,1.1991393146357103,1.7136179359952168,-12.850153714525437
2014-07-28,1.1991393146357103,1.7044344424827562,-12.850153714525437
2014-07-30,1.1991393146357103,1.713826837273306,-12.850153714525437
2014-07-31,1.1991393146357103,1.6984073452481796,-12.850153714525437
2014-08-01,1.1991393146357103,1.6722976928062043,-12.850153714525437
2014-08-04,1.1991393146357103,1.6901257252740811,-12.850153714525437
2014-08-05,1.1991393146357103,1.703961434138949,-12.850153714525437
2014-08-06,1.1991393146357103,1.687574122362223,-12.850153714525437
2014-08-07,1.1991393146357103,1.6825589880284977,-12.850153714525437
2014-08-08,1.1991393146357103,1.664807857007979,-12.850153714525437
2014-08-11,1.1991393146357103,1.6774338717365396,-12.850153714525437
2014-08-12,1.1991393146357103,1.69967213776786,-12.850153714525437
2014-08-13,1.1991393146357103,1.7024216867236865,-12.850153714525437
2014-08-14,1.1991393146357103,1.7138928908907998,-12.850153714525437
2014-08-18,1.1991393146357103,1.732050869233376,-12.850153714525437
2014-08-19,1.1991393146357103,1.7371650302912132,-12.850153714525437
2014-08-20,1.1991393146357103,1.7322817883839627,-12.850153714525437
2014-08-21,1.1991393146357103,1.7357572827066814,-12.850153714525437
2014-08-22,1.1991393146357103,1.7406185067414341,-12.850153714525437
2014-08-25,1.1991393146357103,1.7391006697944131,-12.850153714525437
2014-08-26,1.1991393146357103,1.7387597686855931,-12.850153714525437
2014-08-27,1.1991393146357103,1.7456445963092804,-12.850153714525437
2014-08-28,1.1991393146357103,1.749670000423164,-12.850153714525437
2014-09-01,1.1991393146357103,1.7658043751768053,-12.850153714525437
2014-09-02,1.1991393146357103,1.7779792920298003,-12.850153714525437
2014-09-03,1.1991393146357103,1.7849192180368603,-12.850153714525437
2014-09-04,1.1991393146357103,1.7808169124756181,-12.850153714525437
2014-09-05,1.1991393146357103,1.7788152193549251,-12.850153714525437
2014-09-08,1.1991393146357103,1.7979630353215987,-12.850153714525437
2014-09-09,1.1991393146357103,1.793354855714187,-12.850153714525437
2014-09-10,1.1991393146357103,1.7804099577493044,-12.850153714525437
2014-09-11,1.1991393146357103,1.77856228233184,-12.850153714525437
2014-09-12,1.1991393146357103,1.7829175249161668,-12.850153714525437
2014-09-15,1.1991393146357103,1.768949816220568,-12.850153714525437
2014-09-16,1.1991393146357103,1.7449517314532625,-12.850153714525437
2014-09-17,1.1991393146357103,1.7543222157755705,-12.850153714525437
2014-09-18,1.1991393146357103,1.7849521911434783,-12.850153714525437
2014-09-19,1.1991393146357103,1.786425992345504,-12.850153714525437
2014-09-22,1.1991393146357103,1.7918920097462823,-12.850153714525437
2014-09-23,1.1991393146357103,1.7635716555012688,-12.850153714525437
2014-09-24,1.1991393146357103,1.760239223647658,-12.850153714525437
2014-09-25,1.1991393146357103,1.7403215339733529,-12.850153714525437
2014-09-26,1.1991393146357103,1.752859477211922,-12.850153714525437
2014-09-29,1.1991393146357103,1.7506707932813814,-12.850153714525437
2014-09-30,1.1991393146357103,1.7519685589076803,-12.850153714525437
2014-10-01,1.1991393146357103,1.7477342535157074,-12.850153714525437
2014-10-07,1.1991393146357103,1.7272446361777394,-12.850153714525437
2014-10-08,1.1991393146357103,1.7251110506305718,-12.850153714525437
2014-10-09,1.1991393146357103,1.7510337122626998,-12.850153714525437
2014-10-10,1.1991393146357103,1.7289054281896126,-12.850153714525437
2014-10-13,1.1991393146357103,1.734250508398037,-12.850153714525437
2014-10-14,1.1991393146357103,1.7297962390895982,-12.850153714525437
2014-10-16,1.1991393146357103,1.7043244605245236,-12.850153714525437
2014-10-17,1.1991393146357103,1.7112533238932066,-12.850153714525437
2014-10-20,1.1991393146357103,1.7331836619223253,-12.850153714525437
2014-10-21,1.1991393146357103,1.7438189387643137,-12.850153714525437
2014-10-22,1.1991393146357103,1.7588094581906288,-12.850153714525437
2014-10-27,1.1991393146357103,1.7578856741840247,-12.850153714525437
2014-10-28,1.1991393146357103,1.7657823573043077,-12.850153714525437
2014-10-29,1.1991393146357103,1.7796071109350549,-12.850153714525437
2014-10-30,1.1991393146357103,1.796929269356762,-12.850153714525437
2014-10-31,1.1991393146357103,1.8305837485760788,-12.850153714525437
2014-11-03,1.1991393146357103,1.8310127211748903,-12.850153714525437
2014-11-05,1.1991393146357103,1.8341250817077788,-12.850153714525437
2014-11-07,1.1991393146357103,1.8338391715780753,-12.850153714525437
2014-11-10,1.1991393146357103,1.8354339099724548,-12.850153714525437
2014-11-11,1.1991393146357103,1.8394813319588366,-12.850153714525437
2014-11-12,1.1991393146357103,1.8440234579487547,-12.850153714525437
2014-11-13,1.1991393146357103,1.8384253333129894,-12.850153714525437
2014-11-14,1.1991393146357103,1.8454753486825384,-12.850153714525437
2014-11-17,1.1991393146357103,1.8544607887467746,-12.850153714525437
2014-11-18,1.1991393146357103,1.8533940496753187,-12.850153714525437
2014-11-19,1.1991393146357103,1.8438034940322885,-12.850153714525437
2014-11-20,1.1991393146357103,1.848114915680132,-12.850153714525437
2014-11-21,1.1991393146357103,1.8647110213306912,-12.850153714525437
2014-11-24,1.1991393146357103,1.8763252879669123,-12.850153714525437
2014-11-25,1.1991393146357103,1.861576535521049,-12.850153714525437
2014-11-26,1.1991393146357103,1.8643591649877502,-12.850153714525437
2014-11-27,1.1991393146357103,1.8684175422082527,-12.850153714525437
2014-11-28,1.1991393146357103,1.889105105590189,-12.850153714525437
2014-12-01,1.1991393146357103,1.881989358815915,-12.850153714525437
2014-12-02,1.1991393146357103,1.8751264416604694,-12.850153714525437
2014-12-03,1.1991393146357103,1.8779750173404084,-12.850153714525437
2014-12-04,1.1991393146357103,1.8838590521058773,-12.850153714525437
2014-12-05,1.1991393146357103,1.8781178650010042,-12.850153714525437
2014-12-08,1.1991393146357103,1.8561105181202708,-12.850153714525437
2014-12-09,1.1991393146357103,1.8346530810307027,-12.850153714525437
2014-12-10,1.1991393146357103,1.8379415845435738,-12.850153714525437
2014-12-11,1.1991393146357103,1.8241388487853245,-12.850153714525437
2014-12-12,1.1991393146357103,1.8090051594856453,-12.850153714525437
2014-12-15,1.1991393146357103,1.8080153218615478,-12.850153714525437
2014-12-16,1.1991393146357103,1.774580913962953,-12.850153714525437
2014-12-17,1.1991393146357103,1.7662662134779799,-12.850153714525437
2014-12-18,1.1991393146357103,1.794751540660343,-12.850153714525437
2014-12-19,1.1991393146357103,1.8092472486788653,-12.850153714525437
2014-12-22,1.1991393146357103,1.8309796406640162,-12.850153714525437
2014-12-23,1.1991393146357103,1.8184416974254471,-12.850153714525437
2014-12-24,1.1991393146357103,1.7980070710665954,-12.850153714525437
2014-12-26,1.1991393146357103,1.8038581327254457,-12.850153714525437
2014-12-29,1.1991393146357103,1.8138884013928962,-12.850153714525437
2014-12-30,1.1991393146357103,1.8143173739917078,-12.850153714525437
2014-12-31,1.1991393146357103,1.8218951738756684,-12.850153714525437
2015-01-02,1.1991393146357103,1.846696105457224,-12.850153714525437
2015-01-05,1.1991393146357103,1.842945763643179,-12.850153714525437
2015-01-06,1.1991393146357103,1.787723757971805,-12.850153714525437
2015-01-07,1.1954957391538499,1.7821696690810354,-13.114957844702857
2015-01-08,1.2150465469432468,1.8113147806085406,-11.694063814453825
2015-01-09,1.2224095397050319,1.8222910659636051,-11.158943599847593
2015-01-12,1.2280903613935639,1.830759676747551,-10.746078529969406
2015-01-13,1.2233800587522123,1.8255686142423553,-11.088409188418847
2015-01-14,1.2233800587522123,1.8207622737824631,-11.088409188418847
2015-01-15,1.2233800587522123,1.8684065869741329,-11.088409188418847
2015-01-16,1.2233800587522123,1.8727287490475848,-11.088409188418847
2015-01-19,1.2233800587522123,1.8808455034885896,-11.088409188418847
2015-01-20,1.2233800587522123,1.9127181460994238,-11.088409188418847
2015-01-21,1.2233800587522123,1.9201750087910303,-11.088409188418847
2015-01-22,1.2233800587522123,1.9271919436497045,-11.088409188418847
2015-01-23,1.2233800587522123,1.9435130944046812,-11.088409188418847
2015-01-27,1.2233800587522123,1.9599884776713985,-11.088409188418847
2015-01-28,1.2233800587522123,1.9608242975922674,-11.088409188418847
2015-01-29,1.2233800587522123,1.9691938816521009,-11.088409188418847
2015-01-30,1.2233800587522123,1.9376402296818451,-11.088409188418847
2015-02-02,1.2233800587522123,1.9351106446424848,-11.088409188418847
2015-02-03,1.2233800587522123,1.9261249897697363,-11.088409188418847
2015-02-04,1.2233800587522123,1.918899261037229,-11.088409188418847
2015-02-05,1.2233800587522123,1.9162596940396357,-11.088409188418847
2015-02-06,1.2233800587522123,1.9051184357472217,-11.088409188418847
2015-02-09,1.2233800587522123,1.8754892532375322,-11.088409188418847
2015-02-10,1.2233800587522123,1.884111881724707,-11.088409188418847
2015-02-11,1.2233800587522123,1.8977167788432439,-11.088409188418847
2015-02-12,1.2233800587522123,1.9162266135287607,-11.088409188418847
2015-02-13,1.2233800587522123,1.9368922664424553,-11.088409188418847
2015-02-16,1.2233800587522123,1.937739041597445,-11.088409188418847
2015-02-18,1.2233800587522123,1.9508818856062957,-11.088409188418847
2015-02-19,1.2233800587522123,1.9566449831794108,-11.088409188418847
2015-02-20,1.2233800587522123,1.9430731665717484,-11.088409188418847
2015-02-23,1.2233800587522123,1.9257731334267951,-11.088409188418847
2015-02-24,1.2233800587522123,1.9273457465444204,-11.088409188418847
2015-02-25,1.2233800587522123,1.9284786466376258,-11.088409188418847
2015-02-26,1.2233800587522123,1.9101335700809463,-11.088409188418847
2015-02-27,1.2233800587522123,1.9454927696528759,-11.088409188418847
2015-03-02,1.2233800587522123,1.9701618088079564,-11.088409188418847
2015-03-03,1.2233800587522123,1.9788503835083684,-11.088409188418847
2015-03-04,1.2233800587522123,1.9626611251798667,-11.088409188418847
2015-03-05,1.2233800587522123,1.9659824943951005,-11.088409188418847
2015-03-09,1.2233800587522123,1.9261690255147321,-11.088409188418847
2015-03-10,1.214107501883241,1.916336595486994,-11.762310790960894
2015-03-11,1.2124213055412343,1.9136751180211586,-11.884858480140492
2015-03-12,1.2230195735100617,1.930403330906705,-11.114608173856288
2015-03-13,1.2051467088447625,1.9021929586199244,-12.413554334032106
2015-03-16,1.2019069668725602,1.898981571362924,-12.649009056795336
2015-03-17,1.2019069668725602,1.9188111895472377,-12.649009056795336
2015-03-18,1.2019069668725602,1.910584667956512,-12.649009056795336
2015-03-19,1.2019069668725602,1.8993115172376231,-12.649009056795336
2015-03-20,1.2019069668725602,1.8852888175629077,-12.649009056795336
2015-03-23,1.2019069668725602,1.8808895392335852,-12.649009056795336
2015-03-24,1.2019069668725602,1.879140783135977,-12.649009056795336
2015-03-25,1.2019069668725602,1.8764681356275088,-12.649009056795336
2015-03-26,1.2019069668725602,1.8349720716712816,-12.649009056795336
2015-03-27,1.192888998579302,1.834807098733932,-13.304407925777861
2015-03-30,1.2144688583747305,1.8679995248435628,-11.736048485736472
2015-03-31,1.2142829755925344,1.8677136147138593,-11.749557888437046
2015-04-01,1.227904510561936,1.8886651777572576,-10.759585610598588
2015-04-06,1.2372092188745607,1.9048656061283924,-10.083347337631299
2015-04-07,1.2372092188745607,1.9049534628098714,-10.083347337631299
2015-04-08,1.2372092188745607,1.916853639575796,-10.083347337631299
2015-04-09,1.2372092188745607,1.9309092049528742,-10.083347337631299
2015-04-10,1.2372092188745607,1.9313600880199273,-10.083347337631299
2015-04-13,1.2372092188745607,1.9431612380617398,-10.083347337631299
2015-04-16,1.2372092188745607,1.9151598744573046,-10.083347337631299
2015-04-17,1.2372092188745607,1.8930094651074636,-10.083347337631299
2015-04-20,1.2372092188745607,1.8582770767740577,-10.083347337631299
2015-04-21,1.2372092188745607,1.8428027011740709,-10.083347337631299
2015-04-22,1.2372092188745607,1.8542298695961885,-10.083347337631299
2015-04-23,1.2372092188745607,1.8473229166957474,-10.083347337631299
2015-04-24,1.2372092188745607,1.826855317230277,-10.083347337631299
2015-04-27,1.2372092188745607,1.8067395741077474,-10.083347337631299
2015-04-28,1.2372092188745607,1.8225329403483128,-10.083347337631299
2015-04-29,1.2372092188745607,1.8124476807017458,-10.083347337631299
2015-04-30,1.2372092188745607,1.7996347825675942,-10.083347337631299
2015-05-04,1.2372092188745607,1.8327283967616248,-10.083347337631299
2015-05-05,1.2372092188745607,1.8311555688354872,-10.083347337631299
2015-05-06,1.2372092188745607,1.7810478316262066,-10.083347337631299
2015-05-07,1.232954396277668,1.772315221180799,-10.392575073529375
2015-05-08,1.2534901495452337,1.8018344217322553,-8.900098162146907
2015-05-11,1.2739570124521098,1.8312545955595996,-7.412627995411524
2015-05-12,1.243612527091367,1.7876357938860694,-9.617974115352535
2015-05-13,1.2589719398008818,1.811501878822644,-8.501698099436872
2015-05-14,1.2589719398008818,1.8090272847624003,-8.501698099436872
2015-05-15,1.2589719398008818,1.8174187792904757,-8.501698099436872
2015-05-18,1.2589719398008818,1.841900935039965,-8.501698099436872
2015-05-19,1.2589719398008818,1.8401412237082362,-8.501698099436872
2015-05-20,1.2589719398008818,1.85281105937328,-8.501698099436872
2015-05-21,1.2589719398008818,1.8523161405612312,-8.501698099436872
2015-05-22,1.2589719398008818,1.8606638141528231,-8.501698099436872
2015-05-25,1.2589719398008818,1.8411529718005755,-8.501698099436872
2015-05-26,1.2589719398008818,1.8343560008583675,-8.501698099436872
2015-05-27,1.2589719398008818,1.8333111722551534,-8.501698099436872
2015-05-28,1.2589719398008818,1.8298798210816867,-8.501698099436872
2015-05-29,1.2589719398008818,1.8550987700279329,-8.501698099436872
2015-06-01,1.2589719398008818,1.8550437790488163,-8.501698099436872
2015-06-02,1.2589719398008818,1.8117218427391106,-8.501698099436872
2015-06-03,1.2428254145351125,1.7894284783244176,-9.675179093497855
2015-06-04,1.2421455438798499,1.7884495959344409,-9.724590052155435
2015-06-05,1.2397088558225589,1.78494123590936,-9.90168122667262
2015-06-08,1.2289306605880932,1.7694227171601213,-10.685008106588878
2015-06-09,1.22437891245241,1.764638501976983,-11.015815499452565
2015-06-10,1.22437891245241,1.7870858840949049,-11.015815499452565
2015-06-11,1.22437891245241,1.7520896035042932,-11.015815499452565
2015-06-12,1.22437891245241,1.7559499272765713,-11.015815499452565
2015-06-15,1.22437891245241,1.762768808687021,-11.015815499452565
2015-06-16,1.22437891245241,1.7701155820161385,-11.015815499452565
2015-06-17,1.22437891245241,1.7798489853197645,-11.015815499452565
2015-06-18,1.22437891245241,1.7981170530248298,-11.015815499452565
2015-06-19,1.22437891245241,1.8091922576997506,-11.015815499452565
2015-06-22,1.22437891245241,1.837380504709777,-11.015815499452565
2015-06-23,1.22437891245241,1.8436385210949406,-11.015815499452565
2015-06-24,1.22437891245241,1.8390852250623895,-11.015815499452565
2015-06-25,1.22437891245241,1.8472569704825108,-11.015815499452565
2015-06-26,1.22437891245241,1.8435394943708283,-11.015815499452565
2015-06-29,1.22437891245241,1.829747928655212,-11.015815499452565
2015-06-30,1.22437891245241,1.84076803494676,-11.015815499452565
2015-07-01,1.22437891245241,1.8593659411222685,-11.015815499452565
2015-07-02,1.22437891245241,1.8575733640881769,-11.015815499452565
2015-07-03,1.22437891245241,1.866371920746822,-11.015815499452565
2015-07-06,1.22437891245241,1.874565576635185,-11.015815499452565
2015-07-07,1.22437891245241,1.8720688572981872,-11.015815499452565
2015-07-08,1.22437891245241,1.8395691886403174,-11.015815499452565
2015-07-09,1.22437891245241,1.831980433522236,-11.015815499452565
2015-07-10,1.22437891245241,1.839019278849152,-11.015815499452565
2015-07-13,1.22437891245241,1.860817831856052,-11.015815499452565
2015-07-14,1.22437891245241,1.8595968602728552,-11.015815499452565
2015-07-15,1.22437891245241,1.8749283882122463,-11.015815499452565
2015-07-16,1.22437891245241,1.8934603481745171,-11.015815499452565
2015-07-17,1.22437891245241,1.8938562402624537,-11.015815499452565
2015-07-20,1.22437891245241,1.8924486000821779,-11.015815499452565
2015-07-21,1.22437891245241,1.8761712702636848,-11.015815499452565
2015-07-22,1.22437891245241,1.8990584728102826,-11.015815499452565
2015-07-23,1.22437891245241,1.8894460066990104,-11.015815499452565
2015-07-24,1.22437891245241,1.8744334694001974,-11.015815499452565
2015-07-27,1.22437891245241,1.8391183055732636,-11.015815499452565
2015-07-28,1.22437891245241,1.8338391715780766,-11.015815499452565
2015-07-29,1.22437891245241,1.84220875563791,-11.015815499452565
2015-07-30,1.22437891245241,1.8524920687327013,-11.015815499452565
2015-07-31,1.22437891245241,1.876919018694562,-11.015815499452565
2015-08-03,1.22437891245241,1.8791626936042187,-11.015815499452565
2015-08-04,1.22437891245241,1.873410766073737,-11.015815499452565
2015-08-05,1.22437891245241,1.8846398810476301,-11.015815499452565
2015-08-06,1.22437891245241,1.8891931770801813,-11.015815499452565
2015-08-07,1.22437891245241,1.8839028730423613,-11.015815499452565
2015-08-10,1.22437891245241,1.8753242803001824,-11.015815499452565
2015-08-11,1.22437891245241,1.8614115625837,-11.015815499452565
2015-08-12,1.22437891245241,1.836577765299782,-11.015815499452565
2015-08-13,1.22437891245241,1.8379854054800577,-11.015815499452565
2015-08-14,1.22437891245241,1.8737735776507984,-11.015815499452565
2015-08-17,1.22437891245241,1.864700066096571,-11.015815499452565
2015-08-18,1.22437891245241,1.86233545399456,-11.015815499452565
2015-08-19,1.22437891245241,1.8686265508905986,-11.015815499452565
2015-08-20,1.22437891245241,1.8417028815917402,-11.015815499452565
2015-08-21,1.22437891245241,1.8256895514347087,-11.015815499452565
2015-08-24,1.22437891245241,1.7176982236839626,-11.015815499452565
2015-08-25,1.2208749768954679,1.733469679456286,-11.270471019002837
2015-08-26,1.2071103546874367,1.7139258639974198,-12.270842447882202
2015-08-27,1.2314482400710771,1.7484822167550989,-10.502037986040236
2015-08-28,1.2396589792404147,1.7601403043278032,-9.905306106963053
2015-08-31,1.233670973792114,1.7533983243647118,-10.340496370518471
2015-09-01,1.233670973792114,1.7126060804986227,-10.340496370518471
2015-09-02,1.233670973792114,1.6974615433690787,-10.340496370518471
2015-09-03,1.233670973792114,1.720777718514488,-10.340496370518471
2015-09-04,1.233670973792114,1.6838347357823,-10.340496370518471
2015-09-07,1.233670973792114,1.6626632088224356,-10.340496370518471
2015-09-08,1.233670973792114,1.6911375807706777,-10.340496370518471
2015-09-09,1.233670973792114,1.7198098987628883,-10.340496370518471
2015-09-10,1.233670973792114,1.7131009993106714,-10.340496370518471
2015-09-11,1.233670973792114,1.713364891567877,-10.340496370518471
2015-09-14,1.233670973792114,1.7316109414004446,-10.340496370518471
2015-09-15,1.233670973792114,1.7221195198857826,-10.340496370518471
2015-09-16,1.233670973792114,1.7375279492725322,-10.340496370518471
2015-09-18,1.233670973792114,1.7557299633601038,-10.340496370518471
2015-09-21,1.233670973792114,1.7546741795227687,-10.340496370518471
2015-09-22,1.233670973792114,1.7183581154333605,-10.340496370518471
2015-09-23,1.2497528936263542,1.7258259333590877,-9.171710705313984
2015-09-24,1.253344770066731,1.7307860767136964,-8.910663906301853
2015-09-28,1.2417487537399905,1.7147727465566651,-9.753427568592665
2015-09-29,1.2493307225354886,1.7252429430570477,-9.202392833091844
2015-09-30,1.2649020476070683,1.7484711541167215,-8.070715662736061
2015-10-01,1.2649020476070683,1.7489110819496536,-8.070715662736061
2015-10-05,1.2649020476070683,1.7859529840016977,-8.070715662736061
2015-10-06,1.2649020476070683,1.7933437930758107,-8.070715662736061
2015-10-07,1.2649020476070683,1.7987329090292308,-8.070715662736061
2015-10-08,1.2649020476070683,1.7881636858047358,-8.070715662736061
2015-10-09,1.2649020476070683,1.8014385296443176,-8.070715662736061
2015-10-12,1.2649020476070683,1.791298171614378,-8.070715662736061
2015-10-13,1.2649020476070683,1.7886806224892824,-8.070715662736061
2015-10-14,1.2649020476070683,1.783445416834835,-8.070715662736061
2015-10-15,1.2649020476070683,1.799194854734661,-8.070715662736061
2015-10-16,1.2649020476070683,1.8120958243588041,-8.070715662736061
2015-10-19,1.2649020476070683,1.8202123639912968,-8.070715662736061
2015-10-20,1.2649020476070683,1.817264976395758,-8.070715662736061
2015-10-21,1.2649020476070683,1.8150762924652177,-8.070715662736061
2015-10-23,1.2649020476070683,1.8246997138106107,-8.070715662736061
2015-10-26,1.2649020476070683,1.817022887202538,-8.070715662736061
2015-10-27,1.2649020476070683,1.810941013797357,-8.070715662736061
2015-10-28,1.2649020476070683,1.7973691971896948,-8.070715662736061
2015-10-29,1.2649020476070683,1.7842922993940813,-8.070715662736061
2015-10-30,1.2649020476070683,1.7741849144707607,-8.070715662736061
2015-11-02,1.2649020476070683,1.7708854557237688,-8.070715662736061
2015-11-03,1.2649020476070683,1.773063184420188,-8.070715662736061
2015-11-04,1.2649020476070683,1.7685539241326327,-8.070715662736061
2015-11-05,1.2649020476070683,1.7499119822121287,-8.070715662736061
2015-11-06,1.2649020476070683,1.749658937784788,-8.070715662736061
2015-11-09,1.2649020476070683,1.7410584345743674,-8.070715662736061
2015-11-10,1.2649020476070683,1.7120561707074577,-8.070715662736061
2015-11-13,1.2649020476070683,1.7074149105891712,-8.070715662736061
2015-11-16,1.2649020476070683,1.717170331765295,-8.070715662736061
2015-11-17,1.2649020476070683,1.723978150537368,-8.070715662736061
2015-11-18,1.2649020476070683,1.7007169663710753,-8.070715662736061
2015-11-19,1.2649020476070683,1.7251220058646943,-8.070715662736061
2015-11-20,1.2649020476070683,1.7281574649502245,-8.070715662736061
2015-11-23,1.2649020476070683,1.7265517713217242,-8.070715662736061
2015-11-24,1.2649020476070683,1.7226694296769482,-8.070715662736061
2015-11-26,1.2649020476070683,1.7341514816739263,-8.070715662736061
2015-11-27,1.2649020476070683,1.747107442277186,-8.070715662736061
2015-11-30,1.2649020476070683,1.7454686681378109,-8.070715662736061
2015-12-01,1.2649020476070683,1.749790937615519,-8.070715662736061
2015-12-02,1.2649020476070683,1.744610830344444,-8.070715662736061
2015-12-03,1.2649020476070683,1.7298292121962182,-8.070715662736061
2015-12-04,1.2649020476070683,1.7117371800668795,-8.070715662736061
2015-12-07,1.2649020476070683,1.7081077754451883,-8.070715662736061
2015-12-08,1.2649020476070683,1.69409613840885,-8.070715662736061
2015-12-09,1.2649020476070683,1.6744753140983692,-8.070715662736061
2015-12-10,1.2649020476070683,1.6900487164224687,-8.070715662736061
2015-12-11,1.2649020476070683,1.6740244310313164,-8.070715662736061
2015-12-14,1.2649020476070683,1.68273491619997,-8.070715662736061
2015-12-15,1.2649020476070683,1.6939201028331239,-8.070715662736061
2015-12-16,1.2649020476070683,1.70491829865643,-8.070715662736061
2015-12-17,1.2649020476070683,1.7254739696118915,-8.070715662736061
2015-12-18,1.2649020476070683,1.707348964375934,-8.070715662736061
2015-12-21,1.2649020476070683,1.7232963483197279,-8.070715662736061
2015-12-22,1.2649020476070683,1.7126610714777397,-8.070715662736061
2015-12-23,1.2649020476070683,1.730225211688411,-8.070715662736061
2015-12-24,1.2649020476070683,1.729147302574322,-8.070715662736061
2015-12-28,1.2649020476070683,1.7432470111006517,-8.070715662736061
2015-12-29,1.2649020476070683,1.7440829384257768,-8.070715662736061
2015-12-30,1.2649020476070683,1.7368900753956322,-8.070715662736061
2015-12-31,1.2649020476070683,1.7479102890914362,-8.070715662736061
2016-01-04,1.2649020476070683,1.7138048194008102,-8.070715662736061
2016-01-05,1.2649020476070683,1.7123420808371617,-8.070715662736061
2016-01-06,1.2649020476070683,1.7027406773642666,-8.070715662736061
2016-01-07,1.2649020476070683,1.6647528660288646,-8.070715662736061
2016-01-08,1.2619255266323794,1.6720227379106238,-8.28704027343271
2016-01-11,1.2557000263408846,1.6637740910431442,-8.739490949373375
2016-01-12,1.2468099632879088,1.6519949588738296,-9.385594049387558
2016-01-13,1.2554592745717996,1.663455100402566,-8.756988065357007
2016-01-14,1.2499538575526603,1.657824002660182,-9.157105250324115
2016-01-15,1.2499538575526603,1.6360475749300358,-9.157105250324115
2016-01-18,1.2499538575526603,1.6169547499424788,-9.157105250324115
2016-01-19,1.2499538575526603,1.635453736798131,-9.157105250324115
2016-01-20,1.2499538575526603,1.607782211664139,-9.157105250324115
2016-01-21,1.2499538575526603,1.60063338437899,-9.157105250324115
2016-01-22,1.2499538575526603,1.6326712147356857,-9.157105250324115
2016-01-25,1.2499538575526603,1.6356846559487177,-9.157105250324115
2016-01-27,1.2499538575526603,1.6360366196959146,-9.157105250324115
2016-01-28,1.2499538575526603,1.6331550709093572,-9.157105250324115
2016-01-29,1.2499538575526603,1.6637080374256505,-9.157105250324115
2016-02-01,1.2499538575526603,1.662036397583913,-9.157105250324115
2016-02-02,1.2499538575526603,1.6399519344473092,-9.157105250324115
2016-02-03,1.2499538575526603,1.6193303172786102,-9.157105250324115
2016-02-04,1.2499538575526603,1.6286128375151832,-9.157105250324115
2016-02-05,1.2499538575526603,1.6473317882873015,-9.157105250324115
2016-02-08,1.2499538575526603,1.6249284419143755,-9.157105250324115
2016-02-09,1.2499538575526603,1.6053406981147695,-9.157105250324115
2016-02-10,1.2499538575526603,1.5871936750063143,-9.157105250324115
2016-02-11,1.2499538575526603,1.5345452901192962,-9.157105250324115
2016-02-12,1.2411049111111707,1.5355571456158914,-9.800220118423065
2016-02-15,1.2734616945722397,1.575590578412726,-7.448626212271126
2016-02-16,1.253069774887246,1.550360674232359,-8.930649730575036
2016-02-17,1.2637724379863702,1.5636025449653224,-8.152812299552892
2016-02-18,1.2773180817166405,1.581925496245248,-7.168355569194174
2016-02-19,1.2773180817166405,1.5861048106581044,-7.168355569194174
2016-02-22,1.2773180817166405,1.5913399089082956,-7.168355569194174
2016-02-23,1.2773180817166405,1.56384441935003,-7.168355569194174
2016-02-24,1.2773180817166405,1.5438607834624876,-7.168355569194174
2016-02-25,1.2773180817166405,1.5332804975996157,-7.168355569194174
2016-02-26,1.2773180817166405,1.5462913417777358,-7.168355569194174
2016-02-29,1.2773180817166405,1.53689883958293,-7.168355569194174
2016-03-01,1.2773180817166405,1.5886453509315857,-7.168355569194174
2016-03-02,1.2773180817166405,1.6208811273322499,-7.168355569194174
2016-03-03,1.2773180817166405,1.6443622754150085,-7.168355569194174
2016-03-04,1.2773180817166405,1.646506923600553,-7.168355569194174
2016-03-08,1.2773180817166405,1.6464958609621758,-7.168355569194174
2016-03-09,1.2773180817166405,1.6567241830778505,-7.168355569194174
2016-03-10,1.2773180817166405,1.6466828517720231,-7.168355569194174
2016-03-11,1.2773180817166405,1.6519730484055872,-7.168355569194174
2016-03-14,1.2773180817166405,1.6582529752589925,-7.168355569194174
2016-03-15,1.2773180817166405,1.6410628166680161,-7.168355569194174
2016-03-16,1.2773180817166405,1.6494544186003477,-7.168355569194174
2016-03-17,1.2773180817166405,1.6524898776858776,-7.168355569194174
2016-03-18,1.2773180817166405,1.6726826296600215,-7.168355569194174
2016-03-21,1.2773180817166405,1.694657003434136,-7.168355569194174
2016-03-22,1.2773180817166405,1.6969995976636492,-7.168355569194174
2016-03-23,1.2773180817166405,1.697351561410846,-7.168355569194174
2016-03-28,1.2773180817166405,1.6750472417620323,-7.168355569194174
2016-03-29,1.2773180817166405,1.6710658733931443,-7.168355569194174
2016-03-30,1.2773180817166405,1.7014649296104651,-7.168355569194174
2016-03-31,1.2773180817166405,1.7021687497006028,-7.168355569194174
2016-04-01,1.2773180817166405,1.6965926429373355,-7.168355569194174
2016-04-04,1.2773180817166405,1.7066559921156605,-7.168355569194174
2016-04-05,1.2773180817166405,1.6724296926369364,-7.168355569194174
2016-04-06,1.2724109512492119,1.6748822688246827,-7.52499108328295
2016-04-07,1.2610644045022303,1.6599467403774841,-8.349624045276027
2016-04-08,1.2625265904643466,1.6618714246465627,-8.243356758161092
2016-04-11,1.2819443710841296,1.6874311672973727,-6.832130743331232
2016-04-12,1.2869373422847319,1.6956908768032295,-6.469256582398164
2016-04-13,1.2869373422847319,1.726815770983186,-6.469256582398164
2016-04-18,1.2869373422847319,1.7409484526161345,-6.469256582398164
2016-04-20,1.2869373422847319,1.7409594078502553,-6.469256582398164
2016-04-21,1.2869373422847319,1.7403654623140943,-6.469256582398164
2016-04-22,1.2869373422847319,1.7375609223791513,-6.469256582398164
2016-04-25,1.2869373422847319,1.7278275190755252,-6.469256582398164
2016-04-26,1.2869373422847319,1.7514956579681313,-6.469256582398164
2016-04-27,1.2869373422847319,1.755290035527172,-6.469256582398164
2016-04-28,1.2869373422847319,1.7261118434887919,-6.469256582398164
2016-04-29,1.2869373422847319,1.726672708514078,-6.469256582398164
2016-05-02,1.2869373422847319,1.7170163140620665,-6.469256582398164
2016-05-03,1.2869373422847319,1.704060460863063,-6.469256582398164
2016-05-04,1.2869373422847319,1.6951628774803058,-6.469256582398164
2016-05-05,1.2869373422847319,1.7015308758237027,-6.469256582398164
2016-05-06,1.2869373422847319,1.7010799927566496,-6.469256582398164
2016-05-09,1.2869373422847319,1.7302471221566529,-6.469256582398164
2016-05-10,1.2869373422847319,1.735031337339791,-6.469256582398164
2016-05-11,1.2869373422847319,1.726463807235989,-6.469256582398164
2016-05-12,1.2869373422847319,1.7378029041681153,-6.469256582398164
2016-05-13,1.2869373422847319,1.7189959893102618,-6.469256582398164
2016-05-16,1.2869373422847319,1.7290813563610847,-6.469256582398164
2016-05-17,1.2869373422847319,1.7356802738550685,-6.469256582398164
2016-05-18,1.2869373422847319,1.7311489956950152,-6.469256582398164
2016-05-19,1.2869373422847319,1.712067125941579,-6.469256582398164
2016-05-20,1.2869373422847319,1.7046544063992242,-6.469256582398164
2016-05-23,1.2869373422847319,1.700551993433726,-6.469256582398164
2016-05-24,1.2869373422847319,1.7044674155893766,-6.469256582398164
2016-05-25,1.2869373422847319,1.7453916592861967,-6.469256582398164
2016-05-26,1.2869373422847319,1.775031797030007,-6.469256582398164
2016-05-27,1.2869373422847319,1.7941686577625595,-6.469256582398164
2016-05-30,1.2869373422847319,1.7989748908181957,-6.469256582398164
2016-05-31,1.2869373422847319,1.7949275762360701,-6.469256582398164
2016-06-01,1.2869373422847319,1.7992938814587738,-6.469256582398164
2016-06-02,1.2869373422847319,1.8078724742009529,-6.469256582398164
2016-06-03,1.2869373422847319,1.8082793215230104,-6.469256582398164
2016-06-06,1.2869373422847319,1.8039350341728047,-6.469256582398164
2016-06-07,1.2869373422847319,1.818320760233094,-6.469256582398164
2016-06-08,1.2869373422847319,1.8197724361583656,-6.469256582398164
2016-06-09,1.2869373422847319,1.8044958991980908,-6.469256582398164
2016-06-10,1.2869373422847319,1.7971161527623547,-6.469256582398164
2016-06-13,1.2869373422847319,1.7840393623709974,-6.469256582398164
2016-06-14,1.2869373422847319,1.7836544255171818,-6.469256582398164
2016-06-15,1.2869373422847319,1.8051557909474893,-6.469256582398164
2016-06-16,1.2869373422847319,1.7906712529716,-6.469256582398164
2016-06-17,1.2869373422847319,1.79714923327323,-6.469256582398164
2016-06-20,1.2869373422847319,1.8121727258061637,-6.469256582398164
2016-06-21,1.2869373422847319,1.8080814828832987,-6.469256582398164
2016-06-22,1.2869373422847319,1.804518024474845,-6.469256582398164
2016-06-23,1.2869373422847319,1.8192006158989589,-6.469256582398164
2016-06-24,1.2869373422847319,1.779200156208743,-6.469256582398164
2016-06-27,1.2945108360354658,1.7805419575800376,-5.91883778771376
2016-06-28,1.299812194549318,1.7878337399300384,-5.5335509624487855
2016-06-29,1.3119901469587367,1.8045839706880826,-4.648493932294551
2016-06-30,1.325383512976264,1.8230059486921206,-3.6751042890509678
2016-07-01,1.330550850997951,1.8319363977772405,-3.2995576709068497
2016-07-04,1.330550850997951,1.841251998524688,-3.2995576709068497
2016-07-05,1.330550850997951,1.8336082524274904,-3.2995576709068497
2016-07-07,1.330550850997951,1.8340372250263017,-3.2995576709068497
2016-07-08,1.330550850997951,1.8308037124925474,-3.2995576709068497
2016-07-11,1.330550850997951,1.862632534166898,-3.2995576709068497
2016-07-12,1.330550850997951,1.874323487441965,-3.2995576709068497
2016-07-13,1.330550850997951,1.873982586333145,-3.2995576709068497
2016-07-14,1.330550850997951,1.8839909445323537,-3.2995576709068497
2016-07-15,1.330550850997951,1.878799882027158,-3.2995576709068497
2016-07-18,1.330550850997951,1.8716070189970135,-3.2995576709068497
2016-07-19,1.330550850997951,1.8759732168154613,-3.2995576709068497
2016-07-20,1.330550850997951,1.8841778279379453,-3.2995576709068497
2016-07-21,1.330550850997951,1.871914839594959,-3.2995576709068497
2016-07-22,1.330550850997951,1.8787558462821627,-3.2995576709068497
2016-07-25,1.330550850997951,1.8995314811540904,-3.2995576709068497
2016-07-26,1.330550850997951,1.8896331049131148,-3.2995576709068497
2016-07-27,1.330550850997951,1.8951650685271304,-3.2995576709068497
2016-07-28,1.330550850997951,1.9062732463086696,-3.2995576709068497
2016-07-29,1.330550850997951,1.900158292392614,-3.2995576709068497
2016-08-01,1.330550850997951,1.8997293197938026,-3.2995576709068497
2016-08-02,1.330550850997951,1.8967269412191472,-3.2995576709068497
2016-08-03,1.330550850997951,1.8795585856921564,-3.2995576709068497
2016-08-04,1.330550850997951,1.8809333601700697,-3.2995576709068497
2016-08-05,1.330550850997951,1.909979767186231,-3.2995576709068497
2016-08-08,1.330550850997951,1.9161825777837662,-3.2995576709068497
2016-08-09,1.330550850997951,1.9089018580721422,-3.2995576709068497
2016-08-10,1.330550850997951,1.8862565299102523,-3.2995576709068497
2016-08-11,1.330550850997951,1.8899630507878138,-3.2995576709068497
2016-08-16,1.330550850997951,1.9010491032925991,-3.2995576709068497
2016-08-17,1.330550850997951,1.8969797708379759,-3.2995576709068497
2016-08-18,1.330550850997951,1.9078020384898116,-3.2995576709068497
2016-08-19,1.330550850997951,1.9064053535436567,-3.2995576709068497
2016-08-22,1.330550850997951,1.8981017156970605,-3.2995576709068497
2016-08-23,1.330550850997951,1.898860419362059,-3.2995576709068497
2016-08-24,1.330550850997951,1.9027538236452122,-3.2995576709068497
2016-08-25,1.330550850997951,1.8899740060219352,-3.2995576709068497
2016-08-26,1.330550850997951,1.885651629139971,-3.2995576709068497
2016-08-29,1.330550850997951,1.8933284557480436,-3.2995576709068497
2016-08-30,1.330550850997951,1.9234413870271487,-3.2995576709068497
2016-08-31,1.330550850997951,1.9326470058163634,-3.2995576709068497
2016-09-01,1.330550850997951,1.9301064655428821,-3.2995576709068497
2016-09-02,1.330550850997951,1.9378052026191963,-3.2995576709068497
2016-09-06,1.330550850997951,1.967137304956549,-3.2995576709068497
2016-09-07,1.330550850997951,1.9616272518107751,-3.2995576709068497
2016-09-08,1.330550850997951,1.9692269621629772,-3.2995576709068497
2016-09-09,1.330550850997951,1.9503541010918861,-3.2995576709068497
2016-09-12,1.330550850997951,1.9171174244287474,-3.2995576709068497
2016-09-14,1.330550850997951,1.9195370275098746,-3.2995576709068497
2016-09-15,1.330550850997951,1.923045494939212,-3.2995576709068497
2016-09-16,1.330550850997951,1.931250106061696,-3.2995576709068497
2016-09-19,1.330550850997951,1.9375302477236134,-3.2995576709068497
2016-09-20,1.330550850997951,1.9303814204384642,-3.2995576709068497
2016-09-21,1.330550850997951,1.9306563753340467,-3.2995576709068497
2016-09-22,1.330550850997951,1.9505190740292353,-3.2995576709068497
2016-09-23,1.330550850997951,1.9426222835046967,-3.2995576709068497
2016-09-26,1.330550850997951,1.9187561985681223,-3.2995576709068497
2016-09-27,1.330550850997951,1.9150939282440687,-3.2995576709068497
2016-09-28,1.330550850997951,1.923617530007131,-3.2995576709068497
2016-09-29,1.330550850997951,1.8897649973395896,-3.2995576709068497
2016-09-30,1.330550850997951,1.8941423652006701,-3.2995576709068497
2016-10-03,1.330550850997951,1.9220666125492347,-3.2995576709068497
2016-10-04,1.330550850997951,1.9288966640023175,-3.2995576709068497
2016-10-05,1.330550850997951,1.9233535303456688,-3.2995576709068497
2016-10-06,1.330550850997951,1.9157866856958292,-3.2995576709068497
2016-10-07,1.330550850997951,1.9131580739323566,-3.2995576709068497
2016-10-10,1.330550850997951,1.9156217127584794,-3.2995576709068497
2016-10-13,1.330550850997951,1.8858275573114405,-3.2995576709068497
2016-10-14,1.330550850997951,1.8880383665187346,-3.2995576709068497
2016-10-17,1.330550850997951,1.874180639781369,-3.2995576709068497
2016-10-18,1.330550850997951,1.9088249566247835,-3.2995576709068497
2016-10-19,1.330550850997951,1.9046894631484106,-3.2995576709068497
2016-10-20,1.330550850997951,1.913554180828805,-3.2995576709068497
2016-10-21,1.330550850997951,1.9121572810741378,-3.2995576709068497
2016-10-24,1.330550850997951,1.915654793269354,-3.2995576709068497
2016-10-25,1.330550850997951,1.9117723442203218,-3.2995576709068497
2016-10-26,1.330550850997951,1.8950441313347755,-3.2995576709068497
2016-10-27,1.330550850997951,1.8950441313347755,-3.2995576709068497
2016-10-28,1.330550850997951,1.90004831043438,-3.2995576709068497
2016-11-01,1.330550850997951,1.897463734415903,-3.2995576709068497
2016-11-02,1.330550850997951,1.8727727847925808,-3.2995576709068497
2016-11-03,1.330550850997951,1.8663828759809422,-3.2995576709068497
2016-11-04,1.330550850997951,1.8551206804961742,-3.2995576709068497
2016-11-07,1.330550850997951,1.8690443534467776,-3.2995576709068497
2016-11-08,1.330550850997951,1.8792726755624523,-3.2995576709068497
2016-11-09,1.330550850997951,1.8547357436423584,-3.2995576709068497
2016-11-10,1.330550850997951,1.8753573608110576,-3.2995576709068497
2016-11-11,1.330550850997951,1.824886597216203,-3.2995576709068497
2016-11-15,1.300890469001822,1.7835664614314464,-5.455185211578694
2016-11-16,1.3013958279592759,1.7842593262874635,-5.418457239337638
2016-11-17,1.2963180319178542,1.7772974898121618,-5.787496215107801
2016-11-18,1.295379463375108,1.776010679419984,-5.855708559770667
2016-11-21,1.2708208075196166,1.744115911532396,-7.640557956885241
2016-11-22,1.2708208075196166,1.7602172057751628,-7.640557956885241
2016-11-23,1.2708208075196166,1.7670360871856126,-7.640557956885241
2016-11-24,1.2708208075196166,1.7521225766109119,-7.640557956885241
2016-11-25,1.2708208075196166,1.7848531644193686,-7.640557956885241
2016-11-28,1.2708208075196166,1.787624731247693,-7.640557956885241
2016-11-29,1.2708208075196166,1.7909791809738012,-7.640557956885241
2016-11-30,1.2708208075196166,1.8090932309756376,-7.640557956885241
2016-12-01,1.2708208075196166,1.802142457138713,-7.640557956885241
2016-12-02,1.2708208075196166,1.77880415671655,-7.640557956885241
2016-12-05,1.2708208075196166,1.7880316859740064,-7.640557956885241
2016-12-06,1.2708208075196166,1.7911991448902673,-7.640557956885241
2016-12-07,1.2708208075196166,1.7821586064426584,-7.640557956885241
2016-12-08,1.2708208075196166,1.8140093385852507,-7.640557956885241
2016-12-09,1.2708208075196166,1.8172868868640009,-7.640557956885241
2016-12-12,1.2708208075196166,1.7972811256997046,-7.640557956885241
2016-12-13,1.2708208075196166,1.8084992854394768,-7.640557956885241
2016-12-14,1.2708208075196166,1.7998437912499397,-7.640557956885241
2016-12-15,1.2708208075196166,1.7934978107790407,-7.640557956885241
2016-12-16,1.2708208075196166,1.7903853428418963,-7.640557956885241
2016-12-19,1.2708208075196166,1.7826645878930842,-7.640557956885241
2016-12-20,1.2708208075196166,1.7778363369649504,-7.640557956885241
2016-12-21,1.2708208075196166,1.7731950768466638,-7.640557956885241
2016-12-22,1.2708208075196166,1.755114107355702,-7.640557956885241
2016-12-23,1.2708208075196166,1.7565768459193505,-7.640557956885241
2016-12-26,1.2708208075196166,1.7395296423932258,-7.640557956885241
2016-12-27,1.2708208075196166,1.7669371678657562,-7.640557956885241
2016-12-28,1.2708208075196166,1.7673770956986883,-7.640557956885241
2016-12-29,1.2708208075196166,1.7824996149557344,-7.640557956885241
2016-12-30,1.2708208075196166,1.800580584446696,-7.640557956885241
2017-01-02,1.2708208075196166,1.799194854734662,-7.640557956885241
2017-01-03,1.2708208075196166,1.801999394669605,-7.640557956885241
2017-01-04,1.2708208075196166,1.801614457815789,-7.640557956885241
2017-01-05,1.2708208075196166,1.8199374090957148,-7.640557956885241
2017-01-06,1.2708208075196166,1.8133384916017312,-7.640557956885241
2017-01-09,1.2708208075196166,1.8116337712491186,-7.640557956885241
2017-01-10,1.2708208075196166,1.8231928320977109,-7.640557956885241
2017-01-11,1.2708208075196166,1.8434406824552274,-7.640557956885241
2017-01-12,1.2708208075196166,1.8492806814757003,-7.640557956885241
2017-01-13,1.2708208075196166,1.8477737997628,-7.640557956885241
2017-01-16,1.2708208075196166,1.8505123934845058,-7.640557956885241
2017-01-17,1.2708208075196166,1.8472569704825097,-7.640557956885241
2017-01-18,1.2708208075196166,1.851436284895366,-7.640557956885241
2017-01-19,1.2708208075196166,1.855417545859998,-7.640557956885241
2017-01-20,1.2708208075196166,1.8365556400230278,-7.640557956885241
2017-01-23,1.2708208075196166,1.8458272050254798,-7.640557956885241
2017-01-24,1.2708208075196166,1.8643701202218717,-7.640557956885241
2017-01-25,1.2708208075196166,1.8922945823789485,-7.640557956885241
2017-01-27,1.2708208075196166,1.900763193162894,-7.640557956885241
2017-01-30,1.2708208075196166,1.898893499872932,-7.640557956885241
2017-01-31,1.2708208075196166,1.883177035079725,-7.640557956885241
2017-02-01,1.2708208075196166,1.9172935674087281,-7.640557956885241
2017-02-02,1.2708208075196166,1.9212198373942437,-7.640557956885241
2017-02-03,1.2708208075196166,1.9226936385962694,-7.640557956885241
2017-02-06,1.2708208075196166,1.9359133840524785,-7.640557956885241
2017-02-07,1.2708208075196166,1.928709565788213,-7.640557956885241
2017-02-08,1.2708208075196166,1.9288745387255624,-7.640557956885241
2017-02-09,1.2708208075196166,1.9309313302296278,-7.640557956885241
2017-02-10,1.2708208075196166,1.9342636546789824,-7.640557956885241
2017-02-13,1.2708208075196166,1.936793239718343,-7.640557956885241
2017-02-14,1.2708208075196166,1.9339886997834,-7.640557956885241
2017-02-15,1.2708208075196166,1.9191192249536948,-7.640557956885241
2017-02-16,1.2708208075196166,1.930843258739637,-7.640557956885241
2017-02-17,1.2708208075196166,1.940455724850909,-7.640557956885241
2017-02-20,1.2708208075196166,1.9531036500477112,-7.640557956885241
2017-02-21,1.2708208075196166,1.9594054873693583,-7.640557956885241
2017-02-22,1.2708208075196166,1.9635959718248475,-7.640557956885241
2017-02-23,1.2708208075196166,1.9663674312489157,-7.640557956885241
2017-02-27,1.2708208075196166,1.9569530185858681,-7.640557956885241
2017-02-28,1.2708208075196166,1.95319150672919,-7.640557956885241
2017-03-01,1.2708208075196166,1.9677531609609498,-7.640557956885241
2017-03-02,1.2708208075196166,1.9576238655693872,-7.640557956885241
2017-03-03,1.2708208075196166,1.9571399019914593,-7.640557956885241
2017-03-06,1.2708208075196166,1.9716356100099819,-7.640557956885241
2017-03-07,1.2708208075196166,1.96799525015417,-7.640557956885241
2017-03-08,1.2708208075196166,1.9630239367569282,-7.640557956885241
2017-03-09,1.2708208075196166,1.9636178822930892,-7.640557956885241
2017-03-10,1.2708208075196166,1.9652785669007058,-7.640557956885241
2017-03-14,1.2708208075196166,1.9988121089276687,-7.640557956885241
2017-03-15,1.2708208075196166,1.9983281453497408,-7.640557956885241
2017-03-16,1.2708208075196166,2.0134837451176617,-7.640557956885241
2017-03-17,1.2708208075196166,2.014880430063817,-7.640557956885241
2017-03-20,1.2708208075196166,2.007577585075439,-7.640557956885241
2017-03-21,1.2708208075196166,2.0064008640457502,-7.640557956885241
2017-03-22,1.2708208075196166,1.9863731924132122,-7.640557956885241
2017-03-23,1.2708208075196166,1.9986580912244405,-7.640557956885241
2017-03-24,1.2708208075196166,2.003431351173458,-7.640557956885241
2017-03-27,1.2708208075196166,1.9896176601810875,-7.640557956885241
2017-03-28,1.2708208075196166,2.0018475680131993,-7.640557956885241
2017-03-29,1.2708208075196166,2.011306016421243,-7.640557956885241
2017-03-30,1.2708208075196166,2.017893978681106,-7.640557956885241
2017-03-31,1.2708208075196166,2.017893978681106,-7.640557956885241
2017-04-03,1.2708208075196166,2.031993579803179,-7.640557956885241
2017-04-05,1.2708208075196166,2.037998766569514,-7.640557956885241
2017-04-06,1.2708208075196166,2.0372948390751198,-7.640557956885241
2017-04-07,1.2708208075196166,2.023294049868646,-7.640557956885241
2017-04-10,1.2708208075196166,2.0195877437995966,-7.640557956885241
2017-04-11,1.2708208075196166,2.0318066963975876,-7.640557956885241
2017-04-12,1.2708208075196166,2.0244269499618515,-7.640557956885241
2017-04-13,1.2708208075196166,2.012845763836505,-7.640557956885241
2017-04-17,1.2708208075196166,2.0103161787971446,-7.640557956885241
2017-04-18,1.2708208075196166,2.002804539934934,-7.640557956885241
2017-04-19,1.2708208075196166,2.00244151354936,-7.640557956885241
2017-04-20,1.2708208075196166,2.0096784123245004,-7.640557956885241
2017-04-21,1.2708208075196166,2.0059390257445764,-7.640557956885241
2017-04-24,1.2708208075196166,2.0276164267506105,-7.640557956885241
2017-04-25,1.2708208075196166,2.0471160990602253,-7.640557956885241
2017-04-26,1.2708208075196166,2.0570694662803173,-7.640557956885241
2017-04-27,1.2708208075196166,2.0549359881374056,-7.640557956885241
2017-04-28,1.2708208075196166,2.046555234034939,-7.640557956885241
2017-05-02,1.2708208075196166,2.048699882220484,-7.640557956885241
2017-05-03,1.2708208075196166,2.0482930348984265,-7.640557956885241
2017-05-04,1.2708208075196166,2.0588403476546797,-7.640557956885241
2017-05-05,1.2708208075196166,2.0424309106011997,-7.640557956885241
2017-05-08,1.2708208075196166,2.048754873199601,-7.640557956885241
2017-05-09,1.2708208075196166,2.0493707292040035,-7.640557956885241
2017-05-10,1.2708208075196166,2.0692665084100668,-7.640557956885241
2017-05-11,1.2708208075196166,2.0725880924338127,-7.640557956885241
2017-05-12,1.2708208075196166,2.067858868229791,-7.640557956885241
2017-05-15,1.2708208075196166,2.0776472625125333,-7.640557956885241
2017-05-16,1.2708208075196166,2.0923517644048886,-7.640557956885241
2017-05-17,1.2708208075196166,2.0953212772771814,-7.640557956885241
2017-05-18,1.2708208075196166,2.074138795083196,-7.640557956885241
2017-05-19,1.2708208075196166,2.073797893974376,-7.640557956885241
2017-05-22,1.2708208075196166,2.076074434586396,-7.640557956885241
2017-05-23,1.2708208075196166,2.064614400461916,-7.640557956885241
2017-05-24,1.2708208075196166,2.0589831953152755,-7.640557956885241
2017-05-25,1.2708208075196166,2.0918018546137236,-7.640557956885241
2017-05-26,1.2708208075196166,2.1105756889607026,-7.640557956885241
2017-05-29,1.2708208075196166,2.1127315071888804,-7.640557956885241
2017-05-30,1.2708208075196166,2.1170536692623325,-7.640557956885241
2017-05-31,1.2708208075196166,2.1163278312996967,-7.640557956885241
2017-06-01,1.2708208075196166,2.1151949312064913,-7.640557956885241
2017-06-02,1.2708208075196166,2.1234216676057294,-7.640557956885241
2017-06-05,1.2708208075196166,2.128172802277993,-7.640557956885241
2017-06-06,1.2708208075196166,2.1198253434949135,-7.640557956885241
2017-06-07,1.2708208075196166,2.125709378260382,-7.640557956885241
2017-06-08,1.2708208075196166,2.1220468931278162,-7.640557956885241
2017-06-09,1.2708208075196166,2.126666135373605,-7.640557956885241
2017-06-12,1.2708208075196166,2.1152610922282413,-7.640557956885241
2017-06-13,1.2708208075196166,2.113171435021813,-7.640557956885241
2017-06-14,1.2708208075196166,2.115646029082057,-7.640557956885241
2017-06-15,1.2708208075196166,2.1068253471466583,-7.640557956885241
2017-06-16,1.2708208075196166,2.1090249863113195,-7.640557956885241
2017-06-19,1.2708208075196166,2.1243124785057153,-7.640557956885241
2017-06-20,1.2708208075196166,2.12342166760573,-7.640557956885241
2017-06-21,1.2708208075196166,2.119044299744649,-7.640557956885241
2017-06-22,1.2708208075196166,2.1182525155687757,-7.640557956885241
2017-06-23,1.2708208075196166,2.106143544929018,-7.640557956885241
2017-06-27,1.2708208075196166,2.092164880999298,-7.640557956885241
2017-06-28,1.2708208075196166,2.0877325221591003,-7.640557956885241
2017-06-29,1.2708208075196166,2.090558972562285,-7.640557956885241
2017-06-30,1.2708208075196166,2.0942545382057256,-7.640557956885241
2017-07-03,1.2708208075196166,2.114953056821783,-7.640557956885241
2017-07-04,1.2708208075196166,2.114579075202088,-7.640557956885241
2017-07-05,1.2708208075196166,2.1199241554105126,-7.640557956885241
2017-07-06,1.2708208075196166,2.1280518650856384,-7.640557956885241
2017-07-07,1.2708208075196166,2.12612718081656,-7.640557956885241
2017-07-10,1.2708208075196166,2.1492783830246194,-7.640557956885241
2017-07-11,1.2708208075196166,2.152577841771611,-7.640557956885241
2017-07-12,1.2708208075196166,2.1591877144997156,-7.640557956885241
2017-07-13,1.2708208075196166,2.175817115469662,-7.640557956885241
2017-07-14,1.2708208075196166,2.174640179631461,-7.640557956885241
2017-07-17,1.2708208075196166,2.1811512404439655,-7.640557956885241
2017-07-18,1.2708208075196166,2.161618487623476,-7.640557956885241
2017-07-19,1.2708208075196166,2.1775547015246373,-7.640557956885241
2017-07-20,1.2708208075196166,2.1717696934832804,-7.640557956885241
2017-07-21,1.2708208075196166,2.180997222740737,-7.640557956885241
2017-07-24,1.2708208075196166,2.192248462991384,-7.640557956885241
2017-07-25,1.2708208075196166,2.1918414008608145,-7.640557956885241
2017-07-26,1.2708208075196166,2.204181505459671,-7.640557956885241
2017-07-27,1.2708208075196166,2.2041593801829173,-7.640557956885241
2017-07-28,1.2708208075196166,2.2028286414499996,-7.640557956885241
2017-07-31,1.2708208075196166,2.216598296697374,-7.640557956885241
2017-08-01,1.2708208075196166,2.2248581136074868,-7.640557956885241
2017-08-02,1.2708208075196166,2.21756622385323,-7.640557956885241
2017-08-03,1.2708208075196166,2.202641758044408,-7.640557956885241
2017-08-04,1.2708208075196166,2.2142448546379963,-7.640557956885241
2017-08-07,1.2708208075196166,2.212265179389801,-7.640557956885241
2017-08-08,1.2708208075196166,2.19492089569134,-7.640557956885241
2017-08-09,1.2708208075196166,2.179413439580478,-7.640557956885241
2017-08-10,1.2708208075196166,2.160100650676455,-7.640557956885241
2017-08-11,1.2708208075196166,2.1360255570575353,-7.640557956885241
2017-08-14,1.2708208075196166,2.154359678380094,-7.640557956885241
2017-08-16,1.2708208075196166,2.177048827478467,-7.640557956885241
2017-08-17,1.2708208075196166,2.1785557091913677,-7.640557956885241
2017-08-18,1.2708208075196166,2.163873117767254,-7.640557956885241
2017-08-21,1.2708208075196166,2.1456049426579322,-7.640557956885241
2017-08-22,1.2708208075196166,2.148068581484055,-7.640557956885241
2017-08-23,1.2708208075196166,2.1671944869824866,-7.640557956885241
2017-08-24,1.2708208075196166,2.168195279840705,-7.640557956885241
2017-08-28,1.2708208075196166,2.1804582681836915,-7.640557956885241
2017-08-29,1.2708208075196166,2.1547774809362714,-7.640557956885241
2017-08-30,1.2708208075196166,2.174211421841161,-7.640557956885241
2017-08-31,1.2708208075196166,2.1815802130427757,-7.640557956885241
2017-09-01,1.2708208075196166,2.1940081743231117,-7.640557956885241
2017-09-04,1.2708208075196166,2.180469223417812,-7.640557956885241
2017-09-05,1.2708208075196166,2.189124932415861,-7.640557956885241
2017-09-06,1.2708208075196166,2.1812062314230807,-7.640557956885241
2017-09-07,1.2708208075196166,2.184219780040369,-7.640557956885241
2017-09-08,1.2708208075196166,2.1852974743459455,-7.640557956885241
2017-09-11,1.2708208075196166,2.200969903394157,-7.640557956885241
2017-09-12,1.2708208075196166,2.22010676412671,-7.640557956885241
2017-09-13,1.2708208075196166,2.217082260275301,-7.640557956885241
2017-09-14,1.2708208075196166,2.218687953903801,-7.640557956885241
2017-09-15,1.2708208075196166,2.2184241690508513,-7.640557956885241
2017-09-18,1.2708208075196166,2.233315554348798,-7.640557956885241
2017-09-19,1.2708208075196166,2.2320947975741134,-7.640557956885241
2017-09-20,1.2708208075196166,2.2306871573938376,-7.640557956885241
2017-09-21,1.2708208075196166,2.2264528520018647,-7.640557956885241
2017-09-22,1.2708208075196166,2.19180853515845,-7.640557956885241
2017-09-25,1.2708208075196166,2.17161567578005,-7.640557956885241
2017-09-26,1.2708208075196166,2.1713738013953425,-7.640557956885241
2017-09-27,1.2708208075196166,2.141513699735066,-7.640557956885241
2017-09-28,1.2708208075196166,2.148816544723444,-7.640557956885241
2017-09-29,1.2708208075196166,2.1531387067968963,-7.640557956885241
2017-10-03,1.2708208075196166,2.1687342343977494,-7.640557956885241
2017-10-04,1.2708208075196166,2.1809203212933777,-7.640557956885241
2017-10-05,1.2708208075196166,2.1751572237202628,-7.640557956885241
2017-10-06,1.2708208075196166,2.1951739401186803,-7.640557956885241
2017-10-09,1.2708208075196166,2.197164570600996,-7.640557956885241
2017-10-10,1.2708208075196166,2.2033675960070433,-7.640557956885241
2017-10-11,1.2708208075196166,2.1962956701692526,-7.640557956885241
2017-10-12,1.2708208075196166,2.2208437721319796,-7.640557956885241
2017-10-13,1.2708208075196166,2.2364721654351953,-7.640557956885241
2017-10-16,1.2708208075196166,2.2504177488540407,-7.640557956885241
2017-10-17,1.2708208075196166,2.251209747838426,-7.640557956885241
2017-10-18,1.2708208075196166,2.246018470524718,-7.640557956885241
2017-10-19,1.2708208075196166,2.2318748336576486,-7.640557956885241
2017-10-23,1.2708208075196166,2.240299408696599,-7.640557956885241
2017-10-24,1.2708208075196166,2.2453257130729574,-7.640557956885241
2017-10-25,1.2708208075196166,2.2646054214661056,-7.640557956885241
2017-10-26,1.2708208075196166,2.275262716180592,-7.640557956885241
2017-10-27,1.2708208075196166,2.2706984649139197,-7.640557956885241
2017-10-30,1.2708208075196166,2.279629128807551,-7.640557956885241
2017-10-31,1.2708208075196166,2.2733930228906294,-7.640557956885241
2017-11-01,1.2708208075196166,2.296533269864568,-7.640557956885241
2017-11-02,1.2708208075196166,2.2928598294978815,-7.640557956885241
2017-11-03,1.2708208075196166,2.299172836862162,-7.640557956885241
2017-11-06,1.2708208075196166,2.299018819158933,-7.640557956885241
2017-11-07,1.2708208075196166,2.276659615935259,-7.640557956885241
2017-11-08,1.2708208075196166,2.266321311861351,-7.640557956885241
2017-11-09,1.2708208075196166,2.2675970596151522,-7.640557956885241
2017-11-10,1.2708208075196166,2.270412554784216,-7.640557956885241
2017-11-13,1.2708208075196166,2.249120090631998,-7.640557956885241
2017-11-14,1.2708208075196166,2.240684345550415,-7.640557956885241
2017-11-15,1.2708208075196166,2.2256058620383645,-7.640557956885241
2017-11-16,1.2708208075196166,2.246876415722341,-7.640557956885241
2017-11-17,1.2708208075196166,2.2620208454476285,-7.640557956885241
2017-11-20,1.2708208075196166,2.265353384705495,-7.640557956885241
2017-11-21,1.2708208075196166,2.271545454877421,-7.640557956885241
2017-11-22,1.2708208075196166,2.2749327703058926,-7.640557956885241
2017-11-23,1.2708208075196166,2.2763515805288015,-7.640557956885241
2017-11-24,1.2708208075196166,2.2853591458697915,-7.640557956885241
2017-11-27,1.2708208075196166,2.287525704523578,-7.640557956885241
2017-11-28,1.2708208075196166,2.2810808047328233,-7.640557956885241
2017-11-29,1.2708208075196166,2.279112084718749,-7.640557956885241
2017-11-30,1.2708208075196166,2.2494719469749387,-7.640557956885241
2017-12-01,1.2708208075196166,2.226430726725112,-7.640557956885241
2017-12-04,1.2708208075196166,2.2277395549897885,-7.640557956885241
2017-12-05,1.2708208075196166,2.2256498977833603,-7.640557956885241
2017-12-06,1.2708208075196166,2.2093394874539922,-7.640557956885241
2017-12-07,1.2708208075196166,2.236307192497846,-7.640557956885241
2017-12-08,1.2708208075196166,2.258072664993872,-7.640557956885241
2017-12-11,1.2708208075196166,2.2705225367424497,-7.640557956885241
2017-12-12,1.2708208075196166,2.252463585123986,-7.640557956885241
2017-12-13,1.2708208075196166,2.2420812453050822,-7.640557956885241
2017-12-14,1.2708208075196166,2.2550919820789463,-7.640557956885241
2017-12-15,1.2708208075196166,2.272942139823577,-7.640557956885241
2017-12-18,1.2708208075196166,2.285150137187447,-7.640557956885241
2017-12-19,1.2708208075196166,2.301526493730053,-7.640557956885241
2017-12-20,1.2708208075196166,2.2973471793171965,-7.640557956885241
2017-12-21,1.2708208075196166,2.2964892341195737,-7.640557956885241
2017-12-22,1.2708208075196166,2.3080813754790412,-7.640557956885241
2017-12-26,1.2708208075196166,2.316549986262987,-7.640557956885241
2017-12-27,1.2708208075196166,2.3075864566669924,-7.640557956885241
2017-12-28,1.2708208075196166,2.3047600062638076,-7.640557956885241
2017-12-29,1.2708208075196166,2.3163740580915166,-7.640557956885241
2018-01-02,1.2708208075196166,2.2969072514842646,-7.640557956885241
2018-01-03,1.2708208075196166,2.2971272154007307,-7.640557956885241
2018-01-04,1.2708208075196166,2.310676906731639,-7.640557956885241
2018-01-05,1.2708208075196166,2.322565913454931,-7.640557956885241
2018-01-08,1.2708208075196166,2.3368085770461122,-7.640557956885241
2018-01-09,1.2708208075196166,2.339756179450163,-7.640557956885241
2018-01-10,1.2708208075196166,2.338700395612828,-7.640557956885241
2018-01-11,1.2708208075196166,2.3428797100256844,-7.640557956885241
2018-01-12,1.2708208075196166,2.349489582753789,-7.640557956885241
2018-01-15,1.2708208075196166,2.362753363954994,-7.640557956885241
2018-01-16,1.2708208075196166,2.353712932911641,-7.640557956885241
2018-01-17,1.2708208075196166,2.3730916680289016,-7.640557956885241
2018-01-18,1.2708208075196166,2.3793496844140654,-7.640557956885241
2018-01-19,1.2708208075196166,2.3964409236851854,-7.640557956885241
2018-01-22,1.2708208075196166,2.4121683437125134,-7.640557956885241
2018-01-23,1.2708208075196166,2.4380141038972827,-7.640557956885241
2018-01-24,1.2708208075196166,2.4385199779434528,-7.640557956885241
2018-01-25,1.2708208075196166,2.4349236538326364,-7.640557956885241
2018-01-29,1.2708208075196166,2.448286461757953,-7.640557956885241
2018-01-30,1.2708208075196166,2.4305243755033135,-7.640557956885241
2018-01-31,1.2708208075196166,2.42569612457518,-7.640557956885241
2018-02-01,1.2708208075196166,2.423320557239048,-7.640557956885241
2018-02-02,1.2708208075196166,2.366943633601971,-7.640557956885241
2018-02-05,1.2770100356285874,2.3462560702200346,-7.190743434302926
2018-02-06,1.2568610142940768,2.309236186040488,-8.655113829529936
2018-02-07,1.254281050073624,2.3044960066023457,-8.842617885555992
2018-02-08,1.2662710383230513,2.3265252639513205,-7.971221526393435
2018-02-09,1.2504108472313433,2.2997117914192073,-9.123892612088348
2018-02-12,1.2504108472313433,2.3183646885738325,-9.123892612088348
2018-02-14,1.2504108472313433,2.3098191763425286,-9.123892612088348
2018-02-15,1.2504108472313433,2.319629481093513,-9.123892612088348
2018-02-16,1.2504108472313433,2.2991288011171678,-9.123892612088348
2018-02-19,1.2504108472313433,2.2828735965754285,-9.123892612088348
2018-02-20,1.2504108472313433,2.2789142460790384,-9.123892612088348
2018-02-21,1.2504108472313433,2.287063866222406,-9.123892612088348
2018-02-22,1.2504108472313433,2.2838193984545305,-9.123892612088348
2018-02-23,1.2504108472313433,2.30765240288023,-9.123892612088348
2018-02-26,1.2504108472313433,2.3277900564710015,-9.123892612088348
2018-02-27,1.2504108472313433,2.3215651205967127,-9.123892612088348
2018-02-28,1.2504108472313433,2.308048294968167,-9.123892612088348
2018-03-01,1.2504108472313433,2.3004595398500856,-9.123892612088348
2018-03-05,1.2504108472313433,2.278573130161706,-9.123892612088348
2018-03-06,1.2504108472313433,2.2544651708404237,-9.123892612088348
2018-03-07,1.2504108472313433,2.2335576435420212,-9.123892612088348
2018-03-08,1.2504108472313433,2.253013494915152,-9.123892612088348
2018-03-09,1.2504108472313433,2.2495378931881778,-9.123892612088348
2018-03-12,1.2504108472313433,2.292332044983472,-9.123892612088348
2018-03-13,1.2504108472313433,2.2935306764814025,-9.123892612088348
2018-03-14,1.2504108472313433,2.2900224238605777,-9.123892612088348
2018-03-15,1.2504108472313433,2.278859255099922,-9.123892612088348
2018-03-16,1.2504108472313433,2.2425652088830113,-9.123892612088348
2018-03-19,1.2504108472313433,2.2203707637881744,-9.123892612088348
2018-03-20,1.2504108472313433,2.2269915917503997,-9.123892612088348
2018-03-21,1.2504108472313433,2.2337885626926077,-9.123892612088348
2018-03-22,1.2504108472313433,2.2248800240757296,-9.123892612088348
2018-03-23,1.2504108472313433,2.1992101920624307,-9.123892612088348
2018-03-26,1.2504108472313433,2.2283775362709464,-9.123892612088348
2018-03-27,1.2504108472313433,2.240145605801884,-9.123892612088348
2018-03-28,1.2504108472313433,2.224649104925143,-9.123892612088348
2018-04-02,1.2504108472313433,2.2462274792070653,-9.123892612088348
2018-04-03,1.2504108472313433,2.253530324195443,-9.123892612088348
2018-04-04,1.2504108472313433,2.227882617458898,-9.123892612088348
2018-04-05,1.2504108472313433,2.271160518023608,-9.123892612088348
2018-04-06,1.2504108472313433,2.272579113438005,-9.123892612088348
2018-04-09,1.2504108472313433,2.2830823904492625,-9.123892612088348
2018-04-10,1.2504108472313433,2.2881196500597416,-9.123892612088348
2018-04-11,1.2504108472313433,2.2913971983384918,-9.123892612088348
2018-04-12,1.2504108472313433,2.300525700871836,-9.123892612088348
2018-04-13,1.2504108472313433,2.305353736991458,-9.123892612088348
2018-04-16,1.2504108472313433,2.3158570140027153,-9.123892612088348
2018-04-17,1.2504108472313433,2.320333408587908,-9.123892612088348
2018-04-18,1.2504108472313433,2.31538422046742,-9.123892612088348
2018-04-19,1.2504108472313433,2.3239847236778406,-9.123892612088348
2018-04-20,1.2504108472313433,2.323709768782258,-9.123892612088348
2018-04-23,1.2504108472313433,2.328252109580688,-9.123892612088348
2018-04-24,1.2504108472313433,2.3347739108188015,-9.123892612088348
2018-04-25,1.2504108472313433,2.325139534239288,-9.123892612088348
2018-04-26,1.2504108472313433,2.3355328292923128,-9.123892612088348
2018-04-27,1.2504108472313433,2.351920141069039,-9.123892612088348
2018-04-30,1.2504108472313433,2.362269400377068,-9.123892612088348
2018-05-02,1.2504108472313433,2.357584211918042,-9.123892612088348
2018-05-03,1.2504108472313433,2.34913772641085,-9.123892612088348
2018-05-04,1.2504108472313433,2.335631856016425,-9.123892612088348
2018-05-07,1.2504108472313433,2.3570233468927557,-9.123892612088348
2018-05-08,1.2504108472313433,2.3575292209389254,-9.123892612088348
2018-05-09,1.2504108472313433,2.3627864444658706,-9.123892612088348
2018-05-10,1.2504108472313433,2.3572542660433426,-9.123892612088348
2018-05-11,1.2504108472313433,2.3770400632911732,-9.123892612088348
2018-05-14,1.2504108472313433,2.377061973759415,-9.123892612088348
2018-05-15,1.2504108472313433,2.376017145156201,-9.123892612088348
2018-05-16,1.2504108472313433,2.3626543372308837,-9.123892612088348
2018-05-17,1.2504108472313433,2.349808573394369,-9.123892612088348
2018-05-18,1.2504108472313433,2.3308257303650453,-9.123892612088348
2018-05-21,1.2504108472313433,2.3132945632609925,-9.123892612088348
2018-05-22,1.2504108472313433,2.317693841590315,-9.123892612088348
2018-05-23,1.2504108472313433,2.2943005501890354,-9.123892612088348
2018-05-24,1.2504108472313433,2.312667537213957,-9.123892612088348
2018-05-25,1.2504108472313433,2.332750414634124,-9.123892612088348
2018-05-28,1.2504108472313433,2.3511174016590455,-9.123892612088348
2018-05-29,1.2504108472313433,2.3389422699975384,-9.123892612088348
2018-05-30,1.2504108472313433,2.334773910818803,-9.123892612088348
2018-05-31,1.2504108472313433,2.3615656876911864,-9.123892612088348
2018-06-01,1.2504108472313433,2.352778086266662,-9.123892612088348
2018-06-04,1.2504108472313433,2.337886486160203,-9.123892612088348
2018-06-05,1.2504108472313433,2.33011084763653,-9.123892612088348
2018-06-06,1.2504108472313433,2.3502375459931804,-9.123892612088348
2018-06-07,1.2504108472313433,2.3686483539545855,-9.123892612088348
2018-06-08,1.2504108472313433,2.368494551059869,-9.123892612088348
2018-06-11,1.2504108472313433,2.3727398116859626,-9.123892612088348
2018-06-12,1.2504108472313433,2.3850356657313116,-9.123892612088348
2018-06-13,1.2504108472313433,2.388082294859475,-9.123892612088348
2018-06-14,1.2504108472313433,2.377380964399993,-9.123892612088348
2018-06-15,1.2504108472313433,2.379503702117296,-9.123892612088348
2018-06-18,1.2504108472313433,2.3755772173232685,-9.123892612088348
2018-06-19,1.2504108472313433,2.355912572076304,-9.123892612088348
2018-06-20,1.2504108472313433,2.3694622634072124,-9.123892612088348
2018-06-21,1.2504108472313433,2.3626543372308837,-9.123892612088348
2018-06-22,1.2504108472313433,2.3804164234855234,-9.123892612088348
2018-06-25,1.2504108472313433,2.3673506957325428,-9.123892612088348
2018-06-26,1.2504108472313433,2.368824496934568,-9.123892612088348
2018-06-27,1.2504108472313433,2.3473230241000045,-9.123892612088348
2018-06-28,1.2504108472313433,2.329219821928033,-9.123892612088348
2018-06-29,1.2504108472313433,2.356759347231294,-9.123892612088348
2018-07-02,1.2504108472313433,2.344221403992725,-9.123892612088348
2018-07-03,1.2504108472313433,2.3535919957192895,-9.123892612088348
2018-07-04,1.2504108472313433,2.368989469871918,-9.123892612088348
2018-07-05,1.2504108472313433,2.3645571110317207,-9.123892612088348
2018-07-06,1.2504108472313433,2.3695943706422,-9.123892612088348
2018-07-09,1.2504108472313433,2.3872464749386064,-9.123892612088348
2018-07-10,1.2504108472313433,2.4079999845337805,-9.123892612088348
2018-07-11,1.2504108472313433,2.4082309036843674,-9.123892612088348
2018-07-12,1.2504108472313433,2.424706286951085,-9.123892612088348
2018-07-13,1.2504108472313433,2.423760485071983,-9.123892612088348
2018-07-16,1.2504108472313433,2.4057122738791277,-9.123892612088348
2018-07-17,1.2504108472313433,2.4213737476932184,-9.123892612088348
2018-07-18,1.2504108472313433,2.415302829522158,-9.123892612088348
2018-07-19,1.2504108472313433,2.4101665431875667,-9.123892612088348
2018-07-20,1.2504108472313433,2.4218467560370254,-9.123892612088348
2018-07-23,1.2504108472313433,2.4382450230478723,-9.123892612088348
2018-07-24,1.2504108472313433,2.4491441921470662,-9.123892612088348
2018-07-25,1.2504108472313433,2.4486383181008966,-9.123892612088348
2018-07-26,1.2504108472313433,2.4564030013904485,-9.123892612088348
2018-07-27,1.2504108472313433,2.4808299513523093,-9.123892612088348
2018-07-30,1.2504108472313433,2.489892507672416,-9.123892612088348
2018-07-31,1.2504108472313433,2.4980202173475416,-9.123892612088348
2018-08-01,1.2504108472313433,2.495754631969643,-9.123892612088348
2018-08-02,1.2504108472313433,2.4734282944483317,-9.123892612088348
2018-08-03,1.2504108472313433,2.4989660192266436,-9.123892612088348
2018-08-06,1.2504108472313433,2.5047510272680005,-9.123892612088348
2018-08-07,1.2504108472313433,2.505268071356803,-9.123892612088348
2018-08-08,1.2504108472313433,2.5185868435371246,-9.123892612088348
2018-08-09,1.2504108472313433,2.523140139569676,-9.123892612088348
2018-08-10,1.2504108472313433,2.5140775832495694,-9.123892612088348
2018-08-13,1.2504108472313433,2.4978552444101925,-9.123892612088348
2018-08-14,1.2504108472313433,2.5153092952583744,-9.123892612088348
2018-08-16,1.2504108472313433,2.5043001442009474,-9.123892612088348
2018-08-17,1.2504108472313433,2.5231510948037963,-9.123892612088348
2018-08-20,1.2504108472313433,2.540968172037552,-9.123892612088348
2018-08-21,1.2504108472313433,2.545180566961283,-9.123892612088348
2018-08-23,1.2504108472313433,2.5477870534480016,-9.123892612088348
2018-08-24,1.2504108472313433,2.5421448930672406,-9.123892612088348
2018-08-27,1.2504108472313433,2.5718071560878046,-9.123892612088348
2018-08-28,1.2504108472313433,2.5820464334376,-9.123892612088348
2018-08-29,1.2504108472313433,2.5717962008536834,-9.123892612088348
2018-08-30,1.2504108472313433,2.5684746168299375,-9.123892612088348
2018-08-31,1.2504108472313433,2.5692885262825644,-9.123892612088348
2018-09-03,1.2504108472313433,2.5476989819580096,-9.123892612088348
2018-09-04,1.2504108472313433,2.534050263902989,-9.123892612088348
2018-09-05,1.2504108472313433,2.5245149140475873,-9.123892612088348
2018-09-06,1.2504108472313433,2.5377017938014337,-9.123892612088348
2018-09-07,1.2504108472313433,2.549183738394156,-9.123892612088348
2018-09-10,1.2504108472313433,2.515969187007771,-9.123892612088348
2018-09-11,1.2504108472313433,2.4828427071113777,-9.123892612088348
2018-09-12,1.2504108472313433,2.500967819751591,-9.123892612088348
2018-09-14,1.2504108472313433,2.5329285338524166,-9.123892612088348
2018-09-17,1.2504108472313433,2.5026944505724456,-9.123892612088348
2018-09-18,1.2504108472313433,2.480951103353174,-9.123892612088348
2018-09-19,1.2504108472313433,2.4711515390277987,-9.123892612088348
2018-09-21,1.2504108472313433,2.4510798316502647,-9.123892612088348
2018-09-24,1.2504108472313433,2.4124323433739763,-9.123892612088348
2018-09-25,1.2504108472313433,2.4344396902547096,-9.123892612088348
2018-09-26,1.2504108472313433,2.431437096871542,-9.123892612088348
2018-09-27,1.2504108472313433,2.4146648482410003,-9.123892612088348
2018-09-28,1.2504108472313433,2.4043046336988505,-9.123892612088348
2018-10-01,1.2504108472313433,2.4214287386723337,-9.123892612088348
2018-10-03,1.2504108472313433,2.388423195968294,-9.123892612088348
2018-10-04,1.2504108472313433,2.331452541603568,-9.123892612088348
2018-10-05,1.2256545746865206,2.2692467889886503,-10.923104197055899
2018-10-08,1.2294087929549684,2.276197562825575,-10.650258881233077
2018-10-09,1.2238249182771803,2.265859258751667,-11.05607813334759
2018-10-10,1.242720964594237,2.300844476703902,-9.68277020170416
2018-10-11,1.2146935588699574,2.2512537835834237,-11.719717928160467
2018-10-12,1.2146935588699574,2.3035721151914865,-11.719717928160467
2018-10-15,1.2146935588699574,2.3123706718501316,-11.719717928160467
2018-10-16,1.2146935588699574,2.3282630648148093,-11.719717928160467
2018-10-17,1.2146935588699574,2.2992937740545183,-11.719717928160467
2018-10-19,1.2146935588699574,2.2664091685428325,-11.719717928160467
2018-10-22,1.2146935588699574,2.25358531517456,-11.719717928160467
2018-10-23,1.2146935588699574,2.231929824636768,-11.719717928160467
2018-10-24,1.2146935588699574,2.249076054887005,-11.719717928160467
2018-10-25,1.2146935588699574,2.227112743751267,-11.719717928160467
2018-10-26,1.2146935588699574,2.206238082155227,-11.719717928160467
2018-10-29,1.2146935588699574,2.254817027183366,-11.719717928160467
2018-10-30,1.2146935588699574,2.2432800916115276,-11.719717928160467
2018-10-31,1.2146935588699574,2.2846771288436427,-11.719717928160467
2018-11-01,1.2146935588699574,2.2833244796424834,-11.719717928160467
2018-11-02,1.2146935588699574,2.321279210467011,-11.719717928160467
2018-11-05,1.2146935588699574,2.3149002568894934,-11.719717928160467
2018-11-06,1.2146935588699574,2.31622004038829,-11.719717928160467
2018-11-07,1.2146935588699574,2.3312656581979776,-11.719717928160467
2018-11-09,1.2146935588699574,2.328362091538922,-11.719717928160467
2018-11-12,1.2146935588699574,2.3057058081429114,-11.719717928160467
2018-11-13,1.2146935588699574,2.3277681460027613,-11.719717928160467
2018-11-14,1.2146935588699574,2.326404326758969,-11.719717928160467
2018-11-15,1.2146935588699574,2.3352909549076055,-11.719717928160467
2018-11-16,1.2146935588699574,2.3496985914361366,-11.719717928160467
2018-11-19,1.2146935588699574,2.3675597044148886,-11.719717928160467
2018-11-20,1.2146935588699574,2.3439795296080175,-11.719717928160467
2018-11-21,1.2146935588699574,2.3316284697750396,-11.719717928160467
2018-11-22,1.2146935588699574,2.3155051576597754,-11.719717928160467
2018-11-26,1.2146935588699574,2.3379083966284453,-11.719717928160467
2018-11-27,1.2146935588699574,2.3504463398670143,-11.719717928160467
2018-11-28,1.2146935588699574,2.359959779254174,-11.719717928160467
2018-11-29,1.2146935588699574,2.3885222226924077,-11.719717928160467
2018-11-30,1.2146935588699574,2.3924925284229186,-11.719717928160467
2018-12-03,1.2146935588699574,2.394032275838182,-11.719717928160467
2018-12-04,1.2146935588699574,2.3908977900285393,-11.719717928160467
2018-12-05,1.2146935588699574,2.3718490007859776,-11.719717928160467
2018-12-06,1.2146935588699574,2.3318705589682596,-11.719717928160467
2018-12-07,1.2146935588699574,2.352228176475497,-11.719717928160467
2018-12-10,1.2146935588699574,2.307080582620825,-11.719717928160467
2018-12-11,1.2146935588699574,2.320432435312021,-11.719717928160467
2018-12-12,1.2146935588699574,2.361884463523252,-11.719717928160467
2018-12-13,1.2146935588699574,2.373751559778302,-11.719717928160467
2018-12-14,1.2146935588699574,2.376809144140586,-11.719717928160467
2018-12-17,1.2146935588699574,2.39504402393052,-11.719717928160467
2018-12-18,1.2146935588699574,2.399520418515713,-11.719717928160467
2018-12-19,1.2146935588699574,2.4124102180972233,-11.719717928160467
2018-12-20,1.2146935588699574,2.4089788669237566,-11.719717928160467
2018-12-21,1.2146935588699574,2.3654919576767015,-11.719717928160467
2018-12-24,1.2146935588699574,2.345585223236517,-11.719717928160467
2018-12-26,1.2146935588699574,2.3601797431706397,-11.719717928160467
2018-12-27,1.2146935588699574,2.3711669837598253,-11.719717928160467
2018-12-28,1.2146935588699574,2.3887862223538687,-11.719717928160467
2018-12-31,1.2146935588699574,2.3893689978473964,-11.719717928160467
2019-01-02,1.2146935588699574,2.373960568460647,-11.719717928160467
2019-01-03,1.2146935588699574,2.347509907505595,-11.719717928160467
2019-01-04,1.2146935588699574,2.359629833379474,-11.719717928160467
2019-01-07,1.2146935588699574,2.3694072724280955,-11.719717928160467
2019-01-08,1.2146935588699574,2.3760833061779496,-11.719717928160467
2019-01-09,1.2146935588699574,2.3877413937506544,-11.719717928160467
2019-01-10,1.2146935588699574,2.380361432506406,-11.719717928160467
2019-01-11,1.2146935588699574,2.374499523017691,-11.719717928160467
2019-01-14,1.2146935588699574,2.3618844635232517,-11.719717928160467
2019-01-15,1.2146935588699574,2.3947031228216997,-11.719717928160467
2019-01-16,1.2146935588699574,2.3954729965293313,-11.719717928160467
2019-01-17,1.2146935588699574,2.3987505448080815,-11.719717928160467
2019-01-18,1.2146935588699574,2.3991354816618973,-11.719717928160467
2019-01-21,1.2146935588699574,2.41121137179078,-11.719717928160467
2019-01-22,1.2146935588699574,2.4026108685803593,-11.719717928160467
2019-01-23,1.2146935588699574,2.3825391612028253,-11.719717928160467
2019-01-24,1.2146935588699574,2.386564457912453,-11.719717928160467
2019-01-25,1.2146935588699574,2.371331956697174,-11.719717928160467
2019-01-28,1.2146935588699574,2.345156250637705,-11.719717928160467
2019-01-29,1.2146935588699574,2.3430996739421515,-11.719717928160467
2019-01-30,1.2146935588699574,2.3430116024521603,-11.719717928160467
2019-01-31,1.2146935588699574,2.3824182240104714,-11.719717928160467
2019-02-01,1.2146935588699574,2.3962100045345998,-11.719717928160467
2019-02-04,1.2146935588699574,2.4003012474574645,-11.719717928160467
2019-02-05,1.2146935588699574,2.405162364087961,-11.719717928160467
2019-02-06,1.2146935588699574,2.433339870672379,-11.719717928160467
2019-02-07,1.2146935588699574,2.4348686628535208,-11.719717928160467
2019-02-08,1.2146935588699574,2.4071970303152725,-11.719717928160467
2019-02-11,1.2146935588699574,2.395143050654631,-11.719717928160467
2019-02-12,1.2146935588699574,2.382517250734583,-11.719717928160467
2019-02-14,1.2146935588699574,2.363743201579092,-11.719717928160467
2019-02-15,1.2146935588699574,2.358981111672708,-11.719717928160467
2019-02-18,1.2146935588699574,2.3406250798819075,-11.719717928160467
2019-02-19,1.2146935588699574,2.33257427165414,-11.719717928160467
2019-02-20,1.2146935588699574,2.3614116699879566,-11.719717928160467
2019-02-21,1.2146935588699574,2.3733775781586064,-11.719717928160467
2019-02-22,1.2146935588699574,2.3737736850550553,-11.719717928160467
2019-02-25,1.2146935588699574,2.393229321619674,-11.719717928160467
2019-02-26,1.2146935588699574,2.3833749811236937,-11.719717928160467
2019-02-27,1.2146935588699574,2.3770731438020465,-11.719717928160467
2019-02-28,1.2146935588699574,2.373960568460646,-11.719717928160467
2019-03-01,1.2146935588699574,2.389578006529741,-11.719717928160467
2019-03-05,1.2146935588699574,2.4168425769374196,-11.719717928160467
2019-03-06,1.2146935588699574,2.431261168700072,-11.719717928160467
2019-03-07,1.2146935588699574,2.4324050240273984,-11.719717928160467
2019-03-08,1.2146935588699574,2.427389889693673,-11.719717928160467
2019-03-11,1.2146935588699574,2.4565679743277977,-11.719717928160467
2019-03-12,1.2146935588699574,2.485856255728667,-11.719717928160467
2019-03-13,1.2146935588699574,2.494764794345545,-11.719717928160467
2019-03-14,1.2146935588699574,2.495105695454365,-11.719717928160467
2019-03-15,1.2146935588699574,2.513494592947528,-11.719717928160467
2019-03-18,1.2146935588699574,2.5212704462797126,-11.719717928160467
2019-03-19,1.2146935588699574,2.5367119561773372,-11.719717928160467
2019-03-20,1.2146935588699574,2.5342152368403394,-11.719717928160467
2019-03-22,1.2146935588699574,2.520104680484145,-11.719717928160467
2019-03-25,1.2146935588699574,2.4975252985354923,-11.719717928160467
2019-03-26,1.2146935588699574,2.5259006437596225,-11.719717928160467
2019-03-27,1.2146935588699574,2.517497979188914,-11.719717928160467
2019-03-28,1.2146935588699574,2.544982513513059,-11.719717928160467
2019-04-01,1.2146935588699574,2.56679202175408,-11.719717928160467
2019-04-02,1.2146935588699574,2.5764813893127103,-11.719717928160467
2019-04-03,1.2146935588699574,2.561248888097431,-11.719717928160467
2019-04-04,1.2146935588699574,2.5511415031741103,-11.719717928160467
2019-04-05,1.2146935588699574,2.566088094259686,-11.719717928160467
2019-04-08,1.2146935588699574,2.5525712686311404,-11.719717928160467
2019-04-09,1.2146935588699574,2.567407877758483,-11.719717928160467
2019-04-10,1.2146935588699574,2.5481279545568225,-11.719717928160467
2019-04-11,1.2146935588699574,2.5508555930444072,-11.719717928160467
2019-04-12,1.2146935588699574,2.561138906139199,-11.719717928160467
2019-04-15,1.2146935588699574,2.571455084936353,-11.719717928160467
2019-04-16,1.2146935588699574,2.5927477638970835,-11.719717928160467
2019-04-18,1.2146935588699574,2.5851918744813647,-11.719717928160467
2019-04-22,1.2146935588699574,2.550360674232359,-11.719717928160467
2019-04-23,1.2146935588699574,2.5462913417777355,-11.719717928160467
2019-04-24,1.2146935588699574,2.5793299649926498,-11.719717928160467
2019-04-25,1.2146935588699574,2.560775879753625,-11.719717928160467
2019-04-26,1.2146935588699574,2.5855989366119347,-11.719717928160467
2019-04-30,1.2146935588699574,2.584169171154905,-11.719717928160467
2019-05-02,1.2146935588699574,2.579021929586193,-11.719717928160467
2019-05-03,1.2146935588699574,2.5762723806303662,-11.719717928160467
2019-05-06,1.2146935588699574,2.551196494153228,-11.719717928160467
2019-05-07,1.2146935588699574,2.5291232010592575,-11.719717928160467
2019-05-08,1.2146935588699574,2.4986691538628203,-11.719717928160467
2019-05-09,1.2146935588699574,2.4859881481551436,-11.719717928160467
2019-05-10,1.2146935588699574,2.480951103353177,-11.719717928160467
2019-05-13,1.2146935588699574,2.452201776509352,-11.719717928160467
2019-05-14,1.2146935588699574,2.4684460258169705,-11.719717928160467
2019-05-15,1.2146935588699574,2.4541374160125513,-11.719717928160467
2019-05-16,1.2146935588699574,2.4761557181274054,-11.719717928160467
2019-05-17,1.2146935588699574,2.509161475639957,-11.719717928160467
2019-05-20,1.2146935588699574,2.601788194940437,-11.719717928160467
2019-05-21,1.2146935588699574,2.5755794083700936,-11.719717928160467
2019-05-22,1.2146935588699574,2.5819145410111277,-11.719717928160467
2019-05-23,1.2146935588699574,2.564130329479734,-11.719717928160467
2019-05-24,1.2146935588699574,2.6052745370930204,-11.719717928160467
2019-05-27,1.2146935588699574,2.623014712879418,-11.719717928160467
2019-05-28,1.2146935588699574,2.623894568545283,-11.719717928160467
2019-05-29,1.2146935588699574,2.6090139236729444,-11.719717928160467
2019-05-30,1.2146935588699574,2.6276670356360814,-11.719717928160467
2019-05-31,1.2146935588699574,2.6225857402806065,-11.719717928160467
2019-06-03,1.2146935588699574,2.6590447594348667,-11.719717928160467
2019-06-04,1.2146935588699574,2.6443293023083903,-11.719717928160467
2019-06-06,1.2146935588699574,2.605197635645662,-11.719717928160467
2019-06-07,1.2146935588699574,2.6111147509220056,-11.719717928160467
2019-06-10,1.2146935588699574,2.622563829812365,-11.719717928160467
2019-06-11,1.2146935588699574,2.6320001529436543,-11.719717928160467
2019-06-12,1.2146935588699574,2.618934425190674,-11.719717928160467
2019-06-13,1.2146935588699574,2.620661056011528,-11.719717928160467
2019-06-14,1.2146935588699574,2.600699330592227,-11.719717928160467
2019-06-17,1.2146935588699574,2.5674519135034797,-11.719717928160467
2019-06-18,1.2146935588699574,2.571708129363694,-11.719717928160467
2019-06-19,1.2146935588699574,2.5716971741295733,-11.719717928160467
2019-06-20,1.2146935588699574,2.602558068648068,-11.719717928160467
2019-06-21,1.2146935588699574,2.5788788671170844,-11.719717928160467
2019-06-24,1.2146935588699574,2.5735009212062976,-11.719717928160467
2019-06-25,1.2146935588699574,2.594793385358516,-11.719717928160467
2019-06-26,1.2146935588699574,2.6060334555665303,-11.719717928160467
2019-06-27,1.2146935588699574,2.6047136720677333,-11.719717928160467
2019-06-28,1.2146935588699574,2.5931215307082662,-11.719717928160467
2019-07-01,1.2146935588699574,2.6100037612970413,-11.719717928160467
2019-07-02,1.2146935588699574,2.6198361913247794,-11.719717928160467
2019-07-03,1.2146935588699574,2.6212550015476883,-11.719717928160467
2019-07-04,1.2146935588699574,2.627853919041672,-11.719717928160467
2019-07-05,1.2146935588699574,2.5980268978922703,-11.719717928160467
2019-07-08,1.2146935588699574,2.5424748389419407,-11.719717928160467
2019-07-09,1.2160386144751052,2.541881108214292,-11.621963323834406
2019-07-10,1.210040449149856,2.5293431649757228,-12.057891976752554
2019-07-11,1.2188798506818022,2.547820133958877,-11.41547080403108
2019-07-12,1.2156807880691547,2.541133144974902,-11.647969073037068
2019-07-15,1.2182375964719077,2.549018765456808,-11.46214791234147
2019-07-16,1.2182375964719077,2.5653510862544175,-11.46214791234147
2019-07-17,1.2182375964719077,2.570828273697829,-11.46214791234147
2019-07-18,1.2182375964719077,2.550899628789403,-11.46214791234147
2019-07-19,1.2182375964719077,2.511822953105791,-11.46214791234147
2019-07-22,1.2182375964719077,2.495754631969643,-11.46214791234147
2019-07-23,1.2182375964719077,2.4924220927117764,-11.46214791234147
2019-07-24,1.2182375964719077,2.4792792487029254,-11.46214791234147
2019-07-25,1.2182375964719077,2.4750670685877063,-11.46214791234147
2019-07-26,1.2182375964719077,2.4821387796169847,-11.46214791234147
2019-07-29,1.2182375964719077,2.4612202970844614,-11.46214791234147
2019-07-30,1.2182375964719077,2.4383880855169804,-11.46214791234147
2019-07-31,1.2182375964719077,2.445558823270371,-11.46214791234147
2019-08-01,1.2182375964719077,2.415203802798046,-11.46214791234147
2019-08-02,1.2182375964719077,2.4190200908253283,-11.46214791234147
2019-08-05,1.2182375964719077,2.389379953081518,-11.46214791234147
2019-08-06,1.2182375964719077,2.4082199484502467,-11.46214791234147
2019-08-07,1.2182375964719077,2.387818295198014,-11.46214791234147
2019-08-08,1.2182375964719077,2.426740953178397,-11.46214791234147
2019-08-09,1.2182375964719077,2.443722210491284,-11.46214791234147
2019-08-13,1.2182375964719077,2.4032926707980007,-11.46214791234147
2019-08-14,1.2182375964719077,2.4260701061948775,-11.46214791234147
2019-08-16,1.2182375964719077,2.4301173133727465,-11.46214791234147
2019-08-19,1.2182375964719077,2.431459222148297,-11.46214791234147
2019-08-20,1.2182375964719077,2.423342467707292,-11.46214791234147
2019-08-21,1.2182375964719077,2.4017200576803743,-11.46214791234147
2019-08-22,1.2182375964719077,2.36270932821,-11.46214791234147
2019-08-23,1.2182375964719077,2.382066152859019,-11.46214791234147
2019-08-26,1.2182375964719077,2.4323279077715285,-11.46214791234147
2019-08-27,1.2182375964719077,2.44277619380367,-11.46214791234147
2019-08-28,1.2182375964719077,2.429743331753052,-11.46214791234147
2019-08-29,1.2182375964719077,2.4082309036843674,-11.46214791234147
2019-08-30,1.2182375964719077,2.424717242185206,-11.46214791234147
2019-09-03,1.2182375964719077,2.3751484595329697,-11.46214791234147
2019-09-04,1.2231441908757408,2.385431772627761,-11.105551357745869
2019-09-05,1.2235107512052268,2.386146655356276,-11.07891085319469
2019-09-06,1.234597769295886,2.4077690653831936,-10.273139654992614
2019-09-09,1.241009711309314,2.420273928110888,-9.807138954288897
2019-09-11,1.2434512671196483,2.427455835906912,-9.629694006090627
2019-09-12,1.2434512671196483,2.415819658802449,-9.629694006090627
2019-09-13,1.2434512671196483,2.436298428310552,-9.629694006090627
2019-09-16,1.2434512671196483,2.420372954835,-9.629694006090627
2019-09-17,1.2434512671196483,2.3794815768405426,-9.629694006090627
2019-09-18,1.2434512671196483,2.3845519169618963,-9.629694006090627
2019-09-19,1.2434512671196483,2.354669690024866,-9.629694006090627
2019-09-20,1.2434512671196483,2.4799172299840824,-9.629694006090627
2019-09-23,1.2434512671196483,2.5516254667520393,-9.629694006090627
2019-09-24,1.2434512671196483,2.5489858997544457,-9.629694006090627
2019-09-25,1.2434512671196483,2.516431240117459,-9.629694006090627
2019-09-26,1.2434512671196483,2.5452465131745217,-9.629694006090627
2019-09-27,1.2434512671196483,2.532312677848016,-9.629694006090627
2019-09-30,1.2434512671196483,2.523965004256424,-9.629694006090627
2019-10-01,1.2434512671196483,2.4987681805869317,-9.629694006090627
2019-10-03,1.2434512671196483,2.4886717508977316,-9.629694006090627
2019-10-04,1.2434512671196483,2.4580417755298236,-9.629694006090627
2019-10-07,1.2434512671196483,2.4474066060920916,-9.629694006090627
2019-10-09,1.2434512671196483,2.4885177331945028,-9.629694006090627
2019-10-10,1.2434512671196483,2.4711955747727954,-9.629694006090627
2019-10-11,1.2434512671196483,2.486703030883657,-9.629694006090627
2019-10-14,1.2434512671196483,2.4946438571531915,-9.629694006090627
2019-10-15,1.2434512671196483,2.513813583588107,-9.629694006090627
2019-10-16,1.2434512671196483,2.52166633836765,-9.629694006090627
2019-10-17,1.2434512671196483,2.5485788376238756,-9.629694006090627
2019-10-18,1.2434512671196483,2.5651861133170684,-9.629694006090627
2019-10-22,1.2434512671196483,2.5490187654568084,-9.629694006090627
2019-10-23,1.2434512671196483,2.55248319714115,-9.629694006090627
2019-10-24,1.2434512671196483,2.5477539729371284,-9.629694006090627
2019-10-25,1.2434512671196483,2.548040097875344,-9.629694006090627
2019-10-29,1.2434512671196483,2.5926816028753343,-9.629694006090627
2019-10-30,1.2434512671196483,2.60527453709302,-9.629694006090627
2019-10-31,1.2434512671196483,2.6126104625922726,-9.629694006090627
2019-11-01,1.2434512671196483,2.615502859208695,-9.629694006090627
2019-11-04,1.2434512671196483,2.62665507273523,-9.629694006090627
2019-11-05,1.2434512671196483,2.621354028271801,-9.629694006090627
2019-11-06,1.2434512671196483,2.6320991796677666,-9.629694006090627
2019-11-07,1.2434512671196483,2.6422175198252082,-9.629694006090627
2019-11-08,1.2434512671196483,2.6193633977894852,-9.629694006090627
2019-11-11,1.2434512671196483,2.620529163585053,-9.629694006090627
2019-11-13,1.2434512671196483,2.6044717976830256,-9.629694006090627
2019-11-14,1.2434512671196483,2.611433526754071,-9.629694006090627
2019-11-15,1.2434512671196483,2.6165698130886623,-9.629694006090627
2019-11-18,1.2434512671196483,2.614161165241656,-9.629694006090627
2019-11-19,1.2434512671196483,2.626391073073768,-9.629694006090627
2019-11-20,1.2434512671196483,2.6393689441452692,-9.629694006090627
2019-11-21,1.2434512671196483,2.632616223756569,-9.629694006090627
2019-11-22,1.2434512671196483,2.620738172267398,-9.629694006090627
2019-11-25,1.2434512671196483,2.65578933643287,-9.629694006090627
2019-11-26,1.2434512671196483,2.6478596802059684,-9.629694006090627
2019-11-27,1.2434512671196483,2.661717406943334,-9.629694006090627
2019-11-28,1.2434512671196483,2.6728146294907527,-9.629694006090627
2019-11-29,1.2434512671196483,2.651895932149717,-9.629694006090627
2019-12-02,1.2434512671196483,2.6501693013288627,-9.629694006090627
2019-12-03,1.2434512671196483,2.638291249839692,-9.629694006090627
2019-12-04,1.2434512671196483,2.649069481746532,-9.629694006090627
2019-12-05,1.2434512671196483,2.6436144195798743,-9.629694006090627
2019-12-06,1.2434512671196483,2.6222998301509017,-9.629694006090627
2019-12-09,1.2434512671196483,2.62581925281436,-9.629694006090627
2019-12-10,1.2434512671196483,2.6080681217938415,-9.629694006090627
2019-12-11,1.2434512671196483,2.6198033256224167,-9.629694006090627
2019-12-12,1.2434512671196483,2.6333639721874462,-9.629694006090627
2019-12-13,1.2434512671196483,2.6586379121128085,-9.629694006090627
2019-12-16,1.2434512671196483,2.6514340938485432,-9.629694006090627
2019-12-17,1.2434512671196483,2.675861043810404,-9.629694006090627
2019-12-18,1.2434512671196483,2.6883220856016146,-9.629694006090627
2019-12-19,1.2434512671196483,2.6966916696614485,-9.629694006090627
2019-12-20,1.2434512671196483,2.6993531471272836,-9.629694006090627
2019-12-23,1.2434512671196483,2.6973625166449677,-9.629694006090627
2019-12-24,1.2434512671196483,2.686760212909598,-9.629694006090627
2019-12-26,1.2434512671196483,2.667403388260579,-9.629694006090627
2019-12-27,1.2434512671196483,2.6936340852991645,-9.629694006090627
2019-12-30,1.2434512671196483,2.6958446796979465,-9.629694006090627
2019-12-31,1.2434512671196483,2.6766199622839144,-9.629694006090627
2020-01-01,1.2434512671196483,2.679710412348561,-9.629694006090627
2020-01-02,1.2434512671196483,2.7016408577819364,-9.629694006090627
2020-01-03,1.2434512671196483,2.689421905183946,-9.629694006090627
2020-01-06,1.2434512671196483,2.638038205412352,-9.629694006090627
2020-01-07,1.2434512671196483,2.6512141299320775,-9.629694006090627
2020-01-08,1.2434512671196483,2.6451429969525053,-9.629694006090627
2020-01-09,1.2434512671196483,2.687057293081935,-9.629694006090627
2020-01-10,1.2434512671196483,2.6960536883802924,-9.629694006090627
2020-01-13,1.2434512671196483,2.712056063303203,-9.629694006090627
2020-01-14,1.2434512671196483,2.7192598815674685,-9.629694006090627
2020-01-15,1.2434512671196483,2.715080567154612,-9.629694006090627
2020-01-16,1.2434512671196483,2.717764169897201,-9.629694006090627
2020-01-17,1.2434512671196483,2.717071197636928,-9.629694006090627
2020-01-20,1.2434512671196483,2.6889598520742597,-9.629694006090627
2020-01-21,1.2434512671196483,2.6769277828818603,-9.629694006090627
2020-01-22,1.2434512671196483,2.6630812261871277,-9.629694006090627
2020-01-23,1.2434512671196483,2.679237404004755,-9.629694006090627
2020-01-24,1.2434512671196483,2.69417303985621,-9.629694006090627
2020-01-27,1.2434512671196483,2.6657427036529637,-9.629694006090627
2020-01-28,1.2434512671196483,2.6518409411706023,-9.629694006090627
2020-01-29,1.2434512671196483,2.668052324775858,-9.629694006090627
2020-01-30,1.2434512671196483,2.64744166284128,-9.629694006090627
2020-01-31,1.2434512671196483,2.631230279236024,-9.629694006090627
2020-02-03,1.2434512671196483,2.575315623517145,-9.629694006090627
2020-02-04,1.2626115881112276,2.635090817816814,-8.237179384298098
2020-02-05,1.2741524899230514,2.659176866669855,-7.398421279530476
2020-02-06,1.2792958118804452,2.6699110628316993,-7.024620076857246
2020-02-07,1.2751220541270627,2.6612003628545335,-7.32795626323739
2020-02-10,1.2668012263381807,2.646495860962178,-7.932689052762576
2020-02-11,1.2668012263381807,2.663301190103595,-7.932689052762576
2020-02-12,1.2668012263381807,2.6838237805481815,-7.932689052762576
2020-02-13,1.2668012263381807,2.677983781527708,-7.932689052762576
2020-02-14,1.2668012263381807,2.664521946878279,-7.932689052762576
2020-02-17,1.2668012263381807,2.6496413020059406,-7.932689052762576
2020-02-18,1.2668012263381807,2.6379172682199985,-7.932689052762576
2020-02-19,1.2668012263381807,2.6672605405999845,-7.932689052762576
2020-02-20,1.2668012263381807,2.657350994316376,-7.932689052762576
2020-02-24,1.2668012263381807,2.6020412393677788,-7.932689052762576
2020-02-25,1.2570446854551562,2.5951123759990957,-8.641765160814153
2020-02-26,1.2443227924481859,2.5688485984496356,-9.566354161012637
2020-02-27,1.2395067943961713,2.5589061864636644,-9.916366444674374
2020-02-28,1.1935259528455253,2.463980801274411,-13.258116001466213
2020-03-02,1.1849806032270613,2.4488032910382485,-13.87916636368457
2020-03-03,1.1849806032270613,2.4863180940298437,-13.87916636368457
2020-03-04,1.1849806032270613,2.4748140241603678,-13.87916636368457
2020-03-05,1.1849806032270613,2.478773374656758,-13.87916636368457
2020-03-06,1.1849806032270613,2.417282504770355,-13.87916636368457
2020-03-09,1.1849806032270613,2.2989419177115797,-13.87916636368457
2020-03-11,1.1849806032270613,2.3004707098927217,-13.87916636368457
2020-03-12,1.1849806032270613,2.1094870394210092,-13.87916636368457
2020-03-13,1.2940760803402618,2.1897848241652658,-5.950434526763448
2020-03-16,1.1955697136481722,2.023096211228939,-13.109581600482901
2020-03-17,1.1656264500767937,1.97242739418586,-15.28576812500183
2020-03-18,1.1008589522485597,1.8628303728066133,-19.992875473692294
2020-03-19,1.0730647056812104,1.8176608684836997,-22.012877892427884
2020-03-20,1.0730647056812104,1.9236834762203716,-22.012877892427884
2020-03-23,1.0730647056812104,1.6739803952863246,-22.012877892427884
2020-03-24,1.0730647056812104,1.715949467586359,-22.012877892427884
2020-03-25,1.0730647056812104,1.8296267766543497,-22.012877892427884
2020-03-26,1.0730647056812104,1.9008072289078952,-22.012877892427884
2020-03-27,1.0730647056812104,1.9049425075757558,-22.012877892427884
2020-03-30,1.0730647056812104,1.82154310272422,-22.012877892427884
2020-03-31,1.080596991722768,1.891194762796623,-21.465453950365408
2020-04-01,1.0373680601584465,1.8155381307663971,-24.607202948946462
2020-04-03,1.0160018319484065,1.778144264967156,-26.160036286556643
2020-04-07,1.1050362108317897,1.9339667893151635,-19.68928485750624
2020-04-08,1.0984701935102656,1.924409314183008,-20.166483289160052
2020-04-09,1.0984701935102656,2.004289296371086,-20.166483289160052
2020-04-13,1.0984701935102656,1.97832238418545,-20.166483289160052
2020-04-15,1.0984701935102656,1.9632439006733997,-20.166483289160052
2020-04-16,1.0984701935102656,1.9780914650348629,-20.166483289160052
2020-04-17,1.0984701935102656,2.03835062291246,-20.166483289160052
2020-04-20,1.0984701935102656,2.0372727137983713,-20.166483289160052
2020-04-21,1.0984701935102656,1.9755949605063772,-20.166483289160052
2020-04-22,1.1169091177303723,2.020874446787524,-18.82639761951458
2020-04-23,1.1323000760913324,2.048722007497243,-17.70782896033314
2020-04-24,1.112909503445918,2.013637762820896,-19.117077581248022
2020-04-27,1.1284583616257604,2.041771018851806,-17.98703323715146
2020-04-28,1.1393168739506645,2.0634595899004733,-17.197869152166223
2020-04-29,1.1393168739506645,2.1013921954482466,-17.197869152166223
2020-04-30,1.1393168739506645,2.1688223058877467,-17.197869152166223
2020-05-04,1.1393168739506645,2.044234657677929,-17.197869152166223
2020-05-05,1.1393168739506645,2.024899743497152,-17.197869152166223
2020-05-06,1.1393168739506645,2.0392635590891994,-17.197869152166223
2020-05-07,1.1393168739506645,2.023459022806001,-17.197869152166223
2020-05-08,1.1393168739506645,2.0349961731863515,-17.197869152166223
2020-05-11,1.1393168739506645,2.0322906599755206,-17.197869152166223
2020-05-12,1.1393168739506645,2.0229091130148356,-17.197869152166223
2020-05-13,1.1393168739506645,2.064042365394001,-17.197869152166223
2020-05-14,1.1393168739506645,2.0110750972706604,-17.197869152166223
2020-05-15,1.132525791580543,2.0097772242401053,-17.691424636040832
2020-05-18,1.0936546641098277,1.9407966259597336,-20.51646151263181
2020-05-19,1.1005773043820268,1.9530815247709619,-20.0133447952927
2020-05-20,1.1238120285926991,1.9943138038742394,-18.324714776469044
2020-05-21,1.1276091134863955,2.003046414319647,-18.04875404298324
2020-05-22,1.1276091134863955,1.9883088319164166,-18.04875404298324
2020-05-26,1.1276091134863955,1.9860651570067598,-18.04875404298324
2020-05-27,1.1276091134863955,2.04895292664783,-18.04875404298324
2020-05-28,1.1276091134863955,2.087479477731764,-18.04875404298324
2020-05-29,1.1276091134863955,2.1073202659587107,-18.04875404298324
2020-06-01,1.1276091134863955,2.161398523707015,-18.04875404298324
2020-06-02,1.1276091134863955,2.1950418328836987,-18.04875404298324
2020-06-03,1.1276091134863955,2.213177900758033,-18.04875404298324
2020-06-04,1.1276091134863955,2.206040028707005,-18.04875404298324
2020-06-05,1.1276091134863955,2.23090712131031,-18.04875404298324
2020-06-08,1.1276091134863955,2.2364721654352007,-18.04875404298324
2020-06-09,1.1276091134863955,2.209900567287795,-18.04875404298324
2020-06-10,1.1276091134863955,2.2251880594821905,-18.04875404298324
2020-06-11,1.1276091134863955,2.178082700847565,-18.04875404298324
2020-06-12,1.1770381369878853,2.193678228448418,-14.456400971393213
2020-06-15,1.1582487483487605,2.158659929985309,-15.821957343127412
2020-06-16,1.1700864977120853,2.1807222678451588,-14.9616252492763
2020-06-17,1.1662094668078282,2.1734965391126515,-15.243396218859328
2020-06-18,1.1898872363372273,2.2197989435287706,-13.522566996028873
2020-06-19,1.1898872363372273,2.253398431768971,-13.522566996028873
2020-06-22,1.1898872363372273,2.268091978427206,-13.522566996028873
2020-06-23,1.1898872363372273,2.3032421693167904,-13.522566996028873
2020-06-24,1.1898872363372273,2.266794105396651,-13.522566996028873
2020-06-25,1.1898872363372273,2.263186826051714,-13.522566996028873
2020-06-26,1.1898872363372273,2.283885344667771,-13.522566996028873
2020-06-29,1.1898872363372273,2.2683559780886675,-13.522566996028873
2020-06-30,1.1898872363372273,2.2660901779022566,-13.522566996028873
2020-07-01,1.1898872363372273,2.2942346039757995,-13.522566996028873
2020-07-02,1.1898872363372273,2.3209933003373084,-13.522566996028873
2020-07-03,1.1898872363372273,2.333234163403541,-13.522566996028873
2020-07-06,1.1898872363372273,2.367614695394006,-13.522566996028873
2020-07-07,1.1898872363372273,2.3755333963867864,-13.522566996028873
2020-07-08,1.1898872363372273,2.3548786987072123,-13.522566996028873
2020-07-09,1.1898872363372273,2.3785688554723166,-13.522566996028873
2020-07-10,1.1898872363372273,2.3685824077413495,-13.522566996028873
2020-07-13,1.1898872363372273,2.3762042433703057,-13.522566996028873
2020-07-14,1.1898872363372273,2.333234163403541,-13.522566996028873
2020-07-15,1.1898872363372273,2.3356209007823057,-13.522566996028873
2020-07-16,1.1898872363372273,2.3624015076120566,-13.522566996028873
2020-07-17,1.1898872363372273,2.397980671100452,-13.522566996028873
2020-07-20,1.1898872363372273,2.4244863230346203,-13.522566996028873
2020-07-21,1.1898872363372273,2.4552922265739987,-13.522566996028873
2020-07-22,1.1898872363372273,2.448770210527373,-13.522566996028873
2020-07-23,1.1898872363372273,2.4669943498916984,-13.522566996028873
2020-07-24,1.1898872363372273,2.4623091614326724,-13.522566996028873
2020-07-27,1.1898872363372273,2.448594282355902,-13.522566996028873
2020-07-28,1.1898872363372273,2.485713193259561,-13.522566996028873
2020-07-29,1.1898872363372273,2.464222675659118,-13.522566996028873
2020-07-30,1.1898872363372273,2.4420724811177887,-13.522566996028873
2020-07-31,1.1898872363372273,2.4357594737535084,-13.522566996028873
2020-08-03,1.1898872363372273,2.3957589066590366,-13.522566996028873
2020-08-04,1.1898872363372273,2.4405546441707675,-13.522566996028873
2020-08-05,1.1898872363372273,2.4419624991595557,-13.522566996028873
2020-08-06,1.1898872363372273,2.463628944931469,-13.522566996028873
2020-08-07,1.1898872363372273,2.466686314485241,-13.522566996028873
2020-08-10,1.1898872363372273,2.479026419084098,-13.522566996028873
2020-08-11,1.1898872363372273,2.4905414441876945,-13.522566996028873
2020-08-12,1.1898872363372273,2.487440038888927,-13.522566996028873
2020-08-13,1.1898872363372273,2.485691282791319,-13.522566996028873
2020-08-14,1.1898872363372273,2.4588447297483307,-13.522566996028873
2020-08-17,1.1898872363372273,2.4739560789627433,-13.522566996028873
2020-08-18,1.1898872363372273,2.504366090414185,-13.522566996028873
2020-08-19,1.1898872363372273,2.5094364305355388,-13.522566996028873
2020-08-20,1.1898872363372273,2.488275858809795,-13.522566996028873
2020-08-21,1.1898872363372273,2.5013415865627757,-13.522566996028873
2020-08-24,1.1898872363372273,2.5222052929246948,-13.522566996028873
2020-08-25,1.1898872363372273,2.523481040678496,-13.522566996028873
2020-08-26,1.1898872363372273,2.540495163693746,-13.522566996028873
2020-08-27,1.1898872363372273,2.5426179014110493,-13.522566996028873
2020-08-28,1.1898872363372273,2.5620516275074268,-13.522566996028873
2020-08-31,1.1898872363372273,2.5048390987579925,-13.522566996028873
2020-09-01,1.1893149237959588,2.523041112845564,-13.564160953786764
2020-09-02,1.1960286520334242,2.5372837764367455,-13.076227336102564
2020-09-03,1.1952458360192495,2.535623091829129,-13.133120054465197
2020-09-04,1.1751719870524782,2.49303794871618,-14.592027147627618
2020-09-07,1.1761949980756081,2.497701226706964,-14.51767777693651
2020-09-08,1.1761949980756081,2.4894085440944886,-14.51767777693651
2020-09-09,1.1761949980756081,2.4807530499049517,-14.51767777693651
2020-09-10,1.1761949980756081,2.5184218705997754,-14.51767777693651
2020-09-11,1.1761949980756081,2.5217653650917633,-14.51767777693651
2020-09-14,1.1761949980756081,2.516398159606585,-14.51767777693651
2020-09-15,1.1761949980756081,2.534380209777691,-14.51767777693651
2020-09-16,1.1761949980756081,2.5525822238652625,-14.51767777693651
2020-09-17,1.1761949980756081,2.533126372492131,-14.51767777693651
2020-09-18,1.1761949980756081,2.530673903708641,-14.51767777693651
2020-09-21,1.1761949980756081,2.474714997436254,-14.51767777693651
2020-09-22,1.1596057900694738,2.453400622815794,-15.723331623897218
2020-09-23,1.1573392395429496,2.4486052375900225,-15.88805771332984
2020-09-24,1.1234149968454912,2.3768310546088283,-18.3535698522032
2020-09-25,1.1488556152419591,2.4306562679297916,-16.504622064736864
2020-09-28,1.1661399965395958,2.469655827357533,-15.248445109446084
2020-09-29,1.1661399965395958,2.46852314207284,-15.248445109446084
2020-09-30,1.1661399965395958,2.474055105686856,-15.248445109446084
2020-10-01,1.1661399965395958,2.511317079059623,-15.248445109446084
2020-10-05,1.1661399965395958,2.530321832557189,-15.248445109446084
2020-10-06,1.1661399965395958,2.565307265317936,-15.248445109446084
2020-10-07,1.1661399965395958,2.5821233348849617,-15.248445109446084
2020-10-08,1.1661399965395958,2.6031848798865935,-15.248445109446084
2020-10-09,1.1661399965395958,2.6206941365224043,-15.248445109446084
2020-10-12,1.1661399965395958,2.624378532123212,-15.248445109446084
2020-10-13,1.1661399965395958,2.6251593610649637,-15.248445109446084
2020-10-14,1.1661399965395958,2.633198999250098,-15.248445109446084
2020-10-15,1.1661399965395958,2.569255445771693,-15.248445109446084
2020-10-16,1.1684591113954164,2.5873146121986688,-15.07989880232703
2020-10-19,1.179445863232418,2.6116425354364172,-14.28141465450119
2020-10-20,1.1818051424161635,2.616866678452488,-14.109949324577952
2020-10-21,1.1858631608181063,2.625852333325236,-13.815024726879832
2020-10-22,1.1805845497344662,2.6167897770051294,-14.198658337191228
2020-10-23,1.1805845497344662,2.624246424888224,-14.198658337191228
2020-10-26,1.1805845497344662,2.588480377994237,-14.198658337191228
2020-10-27,1.1805845497344662,2.615239074355746,-14.198658337191228
2020-10-28,1.1805845497344662,2.5800886686576496,-14.198658337191228
2020-10-29,1.1805845497344662,2.567154833331144,-14.198658337191228
2020-10-30,1.1805845497344662,2.5609079869886133,-14.198658337191228
2020-11-02,1.1805845497344662,2.5667920217540825,-14.198658337191228
2020-11-03,1.1805845497344662,2.598543727172563,-14.198658337191228
2020-11-04,1.1805845497344662,2.6194402992368446,-14.198658337191228
2020-11-05,1.1805845497344662,2.6660286137826676,-14.198658337191228
2020-11-06,1.1805845497344662,2.69753844481644,-14.198658337191228
2020-11-09,1.1805845497344662,2.7409813183184992,-14.198658337191228
2020-11-10,1.1805845497344662,2.7783861393518614,-14.198658337191228
2020-11-11,1.1805845497344662,2.8043530515374973,-14.198658337191228
2020-11-12,1.1805845497344662,2.7915180281265917,-14.198658337191228
2020-11-13,1.1805845497344662,2.797930062214984,-14.198658337191228
2020-11-17,1.1805845497344662,2.8318594963298835,-14.198658337191228
2020-11-18,1.1805845497344662,2.845948142217836,-14.198658337191228
2020-11-19,1.1805845497344662,2.8093131948921055,-14.198658337191228
2020-11-20,1.1805845497344662,2.8285269570720164,-14.198658337191228
2020-11-23,1.1805845497344662,2.8433526109652383,-14.198658337191228
2020-11-24,1.1805845497344662,2.8716620099761307,-14.198658337191228
2020-11-25,1.1805845497344662,2.8283841094114206,-14.198658337191228
2020-11-26,1.1805845497344662,2.8566713831455597,-14.198658337191228
2020-11-27,1.1805845497344662,2.8527010774150487,-14.198658337191228
2020-12-01,1.1805845497344662,2.8835179361885483,-14.198658337191228
2020-12-02,1.1805845497344662,2.884551809557642,-14.198658337191228
2020-12-03,1.1805845497344662,2.8889841683978394,-14.198658337191228
2020-12-04,1.1805845497344662,2.916402541700234,-14.198658337191228
2020-12-07,1.1805845497344662,2.9377830773424436,-14.198658337191228
2020-12-08,1.1805845497344662,2.9459657779966864,-14.198658337191228
2020-12-09,1.1805845497344662,2.975913736338442,-14.198658337191228
2020-12-10,1.1805845497344662,2.9647396123436653,-14.198658337191228
2020-12-11,1.1805845497344662,2.9725592866123334,-14.198658337191228
2020-12-14,1.1805845497344662,2.9823038599585923,-14.198658337191228
2020-12-15,1.1805845497344662,2.9844373381015035,-14.198658337191228
2020-12-16,1.1805845497344662,3.009700322792745,-14.198658337191228
2020-12-17,1.1805845497344662,3.0224582299477807,-14.198658337191228
2020-12-18,1.1805845497344662,3.026824427766228,-14.198658337191228
2020-12-21,1.1805845497344662,2.9317671501505,-14.198658337191228
2020-12-22,1.1875827692950005,2.962100045346071,-13.690048744019945
2020-12-23,1.1994706618618571,2.9917511383240023,-12.826072392636178
2020-12-24,1.2125359324797986,3.0243388784718634,-11.876527738287457
2020-12-28,1.2234670062223152,3.051603448879542,-11.082090107256304
2020-12-29,1.2274819285041654,3.0646691766325227,-10.790297606217624
2020-12-30,1.2274819285041654,3.0755245247952336,-10.790297606217624
2020-12-31,1.2274819285041654,3.0754804890502383,-10.790297606217624
2021-01-01,1.2274819285041654,3.0835641629803683,-10.790297606217624
2021-01-04,1.2274819285041654,3.108728120947498,-10.790297606217624
2021-01-05,1.2274819285041654,3.123377631860737,-10.790297606217624
2021-01-06,1.2274819285041654,3.111664553308916,-10.790297606217624
2021-01-07,1.2274819285041654,3.109706788528962,-10.790297606217624
2021-01-08,1.2274819285041654,3.1558773005186067,-10.790297606217624
2021-01-11,1.2274819285041654,3.186122339032699,-10.790297606217624
2021-01-12,1.2274819285041654,3.2034335422202855,-10.790297606217624
2021-01-13,1.2274819285041654,3.2037413628182305,-10.790297606217624
2021-01-14,1.2274819285041654,3.2105052532495635,-10.790297606217624
2021-01-15,1.2274819285041654,3.1748932240588053,-10.790297606217624
2021-01-18,1.2274819285041654,3.141370637265963,-10.790297606217624
2021-01-19,1.2274819285041654,3.19412911151547,-10.790297606217624
2021-01-20,1.2274819285041654,3.2213056104331574,-10.790297606217624
2021-01-21,1.2274819285041654,3.2093504426881165,-10.790297606217624
2021-01-22,1.2274819285041654,3.1612994969829016,-10.790297606217624
2021-01-25,1.2274819285041654,3.132044296092907,-10.790297606217624
2021-01-27,1.2274819285041654,3.0723460032405963,-10.790297606217624
2021-01-28,1.2274819285041654,3.0393623710047986,-10.790297606217624
2021-01-29,1.2274819285041654,2.9991199295256186,-10.790297606217624
2021-02-01,1.2274819285041654,3.141348726797722,-10.790297606217624
2021-02-02,1.2274819285041654,3.221998367884919,-10.790297606217624
2021-02-03,1.2274819285041654,3.2532553692998625,-10.790297606217624
2021-02-04,1.2274819285041654,3.2765055982320344,-10.790297606217624
2021-02-05,1.2274819285041654,3.2827964803195604,-10.790297606217624
2021-02-08,1.2274819285041654,3.324930525556944,-10.790297606217624
2021-02-09,1.2274819285041654,3.3235007600999142,-10.790297606217624
2021-02-10,1.2274819285041654,3.3228849040955115,-10.790297606217624
2021-02-11,1.2274819285041654,3.3375784507537465,-10.790297606217624
2021-02-12,1.2274819285041654,3.3353788115890852,-10.790297606217624
2021-02-15,1.2274819285041654,3.368681434465462,-10.790297606217624
2021-02-16,1.2274819285041654,3.368406479569879,-10.790297606217624
2021-02-17,1.2274819285041654,3.3454092950650485,-10.790297606217624
2021-02-18,1.2274819285041654,3.3256234978172183,-10.790297606217624
2021-02-19,1.2274819285041654,3.295444405516364,-10.790297606217624
2021-02-22,1.2274819285041654,3.2281244918436087,-10.790297606217624
2021-02-23,1.2200722842309777,3.235185247638767,-11.328808312652539
2021-02-24,1.2428183144376768,3.295499396495481,-9.675695107269222
2021-02-25,1.252387037378171,3.3208721483364436,-8.980269043563105
2021-02-26,1.205252583012153,3.1958888228472015,-12.40585971731738
2021-03-01,1.2233258144807666,3.2470083081488217,-11.092351499258513
2021-03-02,1.2233258144807666,3.281663580226357,-11.092351499258513
2021-03-03,1.2233258144807666,3.353481798952547,-11.092351499258513
2021-03-04,1.2233258144807666,3.317220833246511,-11.092351499258513
2021-03-05,1.2233258144807666,3.2858428946392135,-11.092351499258513
2021-03-08,1.2233258144807666,3.289824370412358,-11.092351499258513
2021-03-09,1.2233258144807666,3.3211032822955433,-11.092351499258513
2021-03-10,1.2233258144807666,3.3379083966284475,-11.092351499258513
2021-03-12,1.2233258144807666,3.3062666731682,-11.092351499258513
2021-03-15,1.2233258144807666,3.2839512908810096,-11.092351499258513
2021-03-16,1.2233258144807666,3.2797610212340325,-11.092351499258513
2021-03-17,1.2233258144807666,3.23815476051106,-11.092351499258513
2021-03-18,1.2233258144807666,3.2022016154029695,-11.092351499258513
2021-03-19,1.2233258144807666,3.2431479843765434,-11.092351499258513
2021-03-22,1.2233258144807666,3.2414763445348056,-11.092351499258513
2021-03-23,1.2233258144807666,3.258710431466522,-11.092351499258513
2021-03-24,1.2233258144807666,3.2003430921556406,-11.092351499258513
2021-03-25,1.2233258144807666,3.1509611929089956,-11.092351499258513
2021-03-26,1.2233258144807666,3.19108248238731,-11.092351499258513
2021-03-30,1.2233258144807666,3.265386250407864,-11.092351499258513
2021-03-31,1.2233258144807666,3.2314239505906017,-11.092351499258513
2021-04-01,1.2233258144807666,3.270280447549235,-11.092351499258513
2021-04-05,1.2233258144807666,3.219787773486139,-11.092351499258513
2021-04-06,1.2233258144807666,3.229840167430343,-11.092351499258513
2021-04-07,1.2233258144807666,3.259656233345624,-11.092351499258513
2021-04-08,1.2233258144807666,3.271699257772144,-11.092351499258513
2021-04-09,1.2233258144807666,3.263131620264086,-11.092351499258513
2021-04-12,1.2233258144807666,3.147859572801716,-11.092351499258513
2021-04-13,1.2340164288955602,3.1905325725961435,-10.31538973045054
2021-04-15,1.240537569661801,3.2073928927166766,-9.841452792142015
2021-04-16,1.2436343014719693,3.215399450390936,-9.616391618724073
2021-04-19,1.2216506045948112,3.158560903261197,-11.214100725787102
2021-04-20,1.215064902374841,3.14469222128971,-11.692729796777634
2021-04-22,1.215064902374841,3.168833261121867,-11.692729796777634
2021-04-23,1.215064902374841,3.154579427488052,-11.692729796777634
2021-04-26,1.215064902374841,3.186177330011816,-11.692729796777634
2021-04-27,1.215064902374841,3.223142223212246,-11.692729796777634
2021-04-28,1.215064902374841,3.2696645915448315,-11.692729796777634
2021-04-29,1.215064902374841,3.2763406252946856,-11.692729796777634
2021-04-30,1.215064902374841,3.2183139722841125,-11.692729796777634
2021-05-03,1.215064902374841,3.218985034076144,-11.692729796777634
2021-05-04,1.215064902374841,3.1887069150511773,-11.692729796777634
2021-05-05,1.215064902374841,3.215399450390936,-11.692729796777634
2021-05-06,1.215064902374841,3.238924634218691,-11.692729796777634
2021-05-07,1.215064902374841,3.260558214288241,-11.692729796777634
2021-05-10,1.215064902374841,3.286777741284193,-11.692729796777634
2021-05-11,1.215064902374841,3.266629132459301,-11.692729796777634
2021-05-12,1.215064902374841,3.232699698344401,-11.692729796777634
2021-05-14,1.215064902374841,3.228586330144782,-11.692729796777634
2021-05-17,1.215064902374841,3.282554605934853,-11.692729796777634
2021-05-18,1.215064902374841,3.3232367604384527,-11.692729796777634
2021-05-19,1.215064902374841,3.306090744996728,-11.692729796777634
2021-05-20,1.215064902374841,3.2787930940781744,-11.692729796777634
2021-05-21,1.215064902374841,3.338018378586679,-11.692729796777634
2021-05-24,1.215064902374841,3.3429456562389253,-11.692729796777634
2021-05-25,1.215064902374841,3.3453102683409357,-11.692729796777634
2021-05-26,1.215064902374841,3.365766912572285,-11.692729796777634
2021-05-27,1.215064902374841,3.3737734702465447,-11.692729796777634
2021-05-28,1.215064902374841,3.3952861131237415,-11.692729796777634
2021-05-31,1.215064902374841,3.4276536745466246,-11.692729796777634
2021-06-01,1.215064902374841,3.4259049184490165,-11.692729796777634
2021-06-02,1.215064902374841,3.4262019986213526,-11.692729796777634
2021-06-03,1.215064902374841,3.451310750800854,-11.692729796777634
2021-06-04,1.215064902374841,3.4468895620032893,-11.692729796777634
2021-06-07,1.215064902374841,3.4647947107270367,-11.692729796777634
2021-06-08,1.215064902374841,3.4622539556450436,-11.692729796777634
2021-06-09,1.215064902374841,3.439212735395217,-11.692729796777634
2021-06-10,1.215064902374841,3.461737126364753,-11.692729796777634
2021-06-11,1.215064902374841,3.4752868176956615,-11.692729796777634
2021-06-14,1.215064902374841,3.4780363666514877,-11.692729796777634
2021-06-15,1.215064902374841,3.490662381380048,-11.692729796777634
2021-06-16,1.215064902374841,3.4682920081137407,-11.692729796777634
2021-06-17,1.215064902374841,3.4515418847599526,-11.692729796777634
2021-06-18,1.215064902374841,3.4497710033855906,-11.692729796777634
2021-06-21,1.215064902374841,3.4636618106338313,-11.692729796777634
2021-06-22,1.215064902374841,3.4694358634410674,-11.692729796777634
2021-06-23,1.215064902374841,3.4505630023699765,-11.692729796777634
2021-06-24,1.215064902374841,3.4733292677242207,-11.692729796777634
2021-06-25,1.215064902374841,3.4887046166000957,-11.692729796777634
2021-06-28,1.215064902374841,3.4786633926985244,-11.692729796777634
2021-06-29,1.215064902374841,3.4640907832326433,-11.692729796777634
2021-06-30,1.215064902374841,3.458162712722179,-11.692729796777634
2021-07-01,1.215064902374841,3.4490342101888345,-11.692729796777634
2021-07-02,1.215064902374841,3.4583167304254077,-11.692729796777634
2021-07-05,1.215064902374841,3.482985554771976,-11.692729796777634
2021-07-06,1.215064902374841,3.4794442216402763,-11.692729796777634
2021-07-07,1.215064902374841,3.492950092034701,-11.692729796777634
2021-07-08,1.215064902374841,3.459570567710967,-11.692729796777634
2021-07-09,1.215064902374841,3.4511898136085004,-11.692729796777634
2021-07-12,1.215064902374841,3.4518056696129036,-11.692729796777634
2021-07-13,1.215064902374841,3.4781463486097217,-11.692729796777634
2021-07-14,1.215064902374841,3.4872969764198194,-11.692729796777634
2021-07-15,1.215064902374841,3.5027494415515648,-11.692729796777634
2021-07-16,1.215064902374841,3.502573513380094,-11.692729796777634
2021-07-19,1.215064902374841,3.464959683664387,-11.692729796777634
2021-07-20,1.215064902374841,3.438497852666702,-11.692729796777634
2021-07-22,1.215064902374841,3.480719969394077,-11.692729796777634
2021-07-23,1.215064902374841,3.4877588147209933,-11.692729796777634
2021-07-26,1.215064902374841,3.4808080408840687,-11.692729796777634
2021-07-27,1.215064902374841,3.463650855399711,-11.692729796777634
2021-07-28,1.215064902374841,3.4555012352563432,-11.692729796777634
2021-07-29,1.215064902374841,3.4706897007266266,-11.692729796777634
2021-07-30,1.215064902374841,3.4673021704896434,-11.692729796777634
2021-08-02,1.215064902374841,3.4941598935752647,-11.692729796777634
2021-08-03,1.215064902374841,3.54818294553594,-11.692729796777634
2021-08-04,1.215064902374841,3.576349282077725,-11.692729796777634
2021-08-05,1.215064902374841,3.58422394732551,-11.692729796777634
2021-08-06,1.215064902374841,3.571818111321928,-11.692729796777634
2021-08-09,1.215064902374841,3.576228344885372,-11.692729796777634
2021-08-10,1.215064902374841,3.5810344705367516,-11.692729796777634
2021-08-11,1.215064902374841,3.5815074788805585,-11.692729796777634
2021-08-12,1.215064902374841,3.599577600541655,-11.692729796777634
2021-08-13,1.215064902374841,3.635805485736816,-11.692729796777634
2021-08-16,1.215064902374841,3.6432735184710556,-11.692729796777634
2021-08-17,1.215064902374841,3.6546124005946696,-11.692729796777634
2021-08-18,1.215064902374841,3.6445490514163446,-11.692729796777634
2021-08-20,1.215064902374841,3.6185164078259833,-11.692729796777634
2021-08-23,1.215064902374841,3.6286235779407914,-11.692729796777634
2021-08-24,1.215064902374841,3.65681203975933,-11.692729796777634
2021-08-25,1.215064902374841,3.6590228489666243,-11.692729796777634
2021-08-26,1.215064902374841,3.659517767778673,-11.692729796777634
2021-08-27,1.215064902374841,3.674541045503095,-11.692729796777634
2021-08-30,1.215064902374841,3.724220239730589,-11.692729796777634
2021-08-31,1.215064902374841,3.768465637834131,-11.692729796777634
2021-09-01,1.215064902374841,3.756158828554661,-11.692729796777634
2021-09-02,1.215064902374841,3.7908912168880664,-11.692729796777634
2021-09-03,1.215064902374841,3.810566817369151,-11.692729796777634
2021-09-06,1.215064902374841,3.82248911941183,-11.692729796777634
2021-09-07,1.215064902374841,3.819035428153097,-11.692729796777634
2021-09-08,1.215064902374841,3.817143824394893,-11.692729796777634
2021-09-09,1.215064902374841,3.8206082560792347,-11.692729796777634
2021-09-13,1.215064902374841,3.817539931291342,-11.692729796777634
2021-09-14,1.215064902374841,3.8229728681812456,-11.692729796777634
2021-09-15,1.215064902374841,3.8536466644856366,-11.692729796777634
2021-09-16,1.215064902374841,3.8778538653395436,-11.692729796777634
2021-09-17,1.215064902374841,3.868098551567676,-11.692729796777634
2021-09-20,1.215064902374841,3.826690344292928,-11.692729796777634
2021-09-21,1.215064902374841,3.86300630097808,-11.692729796777634
2021-09-22,1.215064902374841,3.85962994078373,-11.692729796777634
2021-09-23,1.215064902374841,3.920405713133105,-11.692729796777634
2021-09-24,1.215064902374841,3.9270596216062055,-11.692729796777634
2021-09-27,1.215064902374841,3.927477638970896,-11.692729796777634
2021-09-28,1.215064902374841,3.9040514818672536,-11.692729796777634
2021-09-29,1.215064902374841,3.8958470855532816,-11.692729796777634
2021-09-30,1.215064902374841,3.875357360811057,-11.692729796777634
2021-10-01,1.215064902374841,3.856418553526729,-11.692729796777634
2021-10-04,1.215064902374841,3.891436637181326,-11.692729796777634
2021-10-05,1.215064902374841,3.920263080281021,-11.692729796777634
2021-10-06,1.215064902374841,3.8814832699612336,-11.692729796777634
2021-10-07,1.215064902374841,3.9132349753797135,-11.692729796777634
2021-10-08,1.215064902374841,3.936298106097782,-11.692729796777634
2021-10-11,1.215064902374841,3.947461274858438,-11.692729796777634
2021-10-12,1.215064902374841,3.9575796150158795,-11.692729796777634
2021-10-13,1.215064902374841,3.994929659878637,-11.692729796777634
2021-10-14,1.215064902374841,4.033819452156657,-11.692729796777634
2021-10-18,1.215064902374841,4.064284454587216,-11.692729796777634
2021-10-19,1.215064902374841,4.051460386410431,-11.692729796777634
2021-10-20,1.215064902374841,4.017992790596706,-11.692729796777634
2021-10-21,1.215064902374841,3.9985259839894542,-11.692729796777634
2021-10-22,1.215064902374841,3.9846244363156047,-11.692729796777634
2021-10-25,1.215064902374841,3.9869340574384986,-11.692729796777634
2021-10-26,1.215064902374841,4.018388897493154,-11.692729796777634
2021-10-27,1.215064902374841,4.005751712721961,-11.692729796777634
2021-10-28,1.215064902374841,3.9279506473147023,-11.692729796777634
2021-10-29,1.215064902374841,3.887125430341994,-11.692729796777634
2021-11-01,1.215064902374841,3.943876120790254,-11.692729796777634
2021-11-02,1.215064902374841,3.9349233316198684,-11.692729796777634
2021-11-03,1.215064902374841,3.921780487611018,-11.692729796777634
2021-11-04,1.215064902374841,3.94104967038707,-11.692729796777634
2021-11-08,1.215064902374841,3.9744291947108046,-11.692729796777634
2021-11-09,1.215064902374841,3.969083899693868,-11.692729796777634
2021-11-10,1.215064902374841,3.96313370390665,-11.692729796777634
2021-11-11,1.215064902374841,3.931546971425519,-11.692729796777634
2021-11-12,1.215064902374841,3.981951788807136,-11.692729796777634
2021-11-15,1.215064902374841,3.983425375200649,-11.692729796777634
2021-11-16,1.215064902374841,3.9591743534102593,-11.692729796777634
2021-11-17,1.215064902374841,3.9370572393798047,-11.692729796777634
2021-11-18,1.215064902374841,3.9076151550842186,-11.692729796777634
2021-11-22,1.215064902374841,3.831012721174891,-11.692729796777634
2021-11-23,1.215064902374841,3.850105331353936,-11.692729796777634
2021-11-24,1.215064902374841,3.830682775300192,-11.692729796777634
2021-11-25,1.215064902374841,3.8573422301290767,-11.692729796777634
2021-11-26,1.215064902374841,3.745204453667837,-11.692729796777634
2021-11-29,1.2137179311118584,3.7512534613706547,-11.79062362536547
2021-11-30,1.2086827018799247,3.7356910142806763,-12.156568973182269
2021-12-01,1.2217565889550552,3.7760986435057178,-11.206398100586512
2021-12-02,1.2384635863005882,3.82773517289614,-9.992183677971777
2021-12-03,1.2226388876366328,3.7826533104461935,-11.142275280544778
2021-12-06,1.2226388876366328,3.720084746254214,-11.142275280544778
2021-12-07,1.2226388876366328,3.778254032116871,-11.142275280544778
2021-12-08,1.2226388876366328,3.842714629684078,-11.142275280544778
2021-12-09,1.2226388876366328,3.8530748442262275,-11.142275280544778
2021-12-10,1.2226388876366328,3.851854302260055,-11.142275280544778
2021-12-13,1.2226388876366328,3.8203882921627663,-11.142275280544778
2021-12-14,1.2226388876366328,3.8108529423073647,-11.142275280544778
2021-12-15,1.2226388876366328,3.7880866769531205,-11.142275280544778
2021-12-16,1.2226388876366328,3.7940257026977062,-11.142275280544778
2021-12-17,1.2226388876366328,3.7361309421136077,-11.142275280544778
2021-12-20,1.2226388876366328,3.6545243291046754,-11.142275280544778
2021-12-21,1.2212485387742638,3.688981762542499,-11.243321662862293
2021-12-22,1.2346910302674494,3.7295870155987405,-10.26636172749329
2021-12-23,1.2432218886735518,3.7553558743361517,-9.646364543095398
2021-12-24,1.2382082795360996,3.7402114446108636,-10.010738607335911
2021-12-27,1.242977697989592,3.758358467719319,-9.664111589090552
2021-12-28,1.242977697989592,3.7906931634398395,-9.664111589090552
2021-12-29,1.242977697989592,3.786370786557875,-9.664111589090552
2021-12-30,1.242977697989592,3.7842480488405723,-9.664111589090552
2021-12-31,1.242977697989592,3.817264976395757,-9.664111589090552
2022-01-03,1.242977697989592,3.8770178306101597,-9.664111589090552
2022-01-04,1.242977697989592,3.9165125236584624,-9.664111589090552
2022-01-05,1.242977697989592,3.9429081936343975,-9.664111589090552
2022-01-06,1.242977697989592,3.903457751139603,-9.664111589090552
2022-01-07,1.242977697989592,3.918151082989325,-9.664111589090552
2022-01-10,1.242977697989592,3.960076549161388,-9.664111589090552
2022-01-11,1.242977697989592,3.971613484733226,-9.664111589090552
2022-01-12,1.242977697989592,4.006059748128416,-9.664111589090552
2022-01-13,1.242977697989592,4.016057365902016,-9.664111589090552
2022-01-14,1.242977697989592,4.015606268026451,-9.664111589090552
2022-01-17,1.242977697989592,4.0271212931300475,-9.664111589090552
2022-01-18,1.242977697989592,3.9842175889935443,-9.664111589090552
2022-01-19,1.242977697989592,3.945800805059331,-9.664111589090552
2022-01-20,1.242977697989592,3.905899264688971,-9.664111589090552
2022-01-21,1.242977697989592,3.8751373968945884,-9.664111589090552
2022-01-24,1.242977697989592,3.7721831139458093,-9.664111589090552
2022-01-25,1.2619421177221095,3.8005253786590645,-8.285834482827703
2022-01-27,1.2496864729210728,3.7636156912462635,-9.176537962818433
2022-01-28,1.249087477978287,3.761811729361027,-9.220071117433925
2022-01-31,1.2664631814805543,3.814141231011723,-7.957257138405471
2022-02-01,1.282506659317744,3.8662726792141946,-6.791265322166618
2022-02-02,1.282506659317744,3.910958434767693,-6.791265322166618
2022-02-03,1.282506659317744,3.8626101940816286,-6.791265322166618
2022-02-04,1.282506659317744,3.852954121842385,-6.791265322166618
2022-02-07,1.282506659317744,3.7863707865578746,-6.791265322166618
2022-02-08,1.282506659317744,3.7980619546414536,-6.791265322166618
2022-02-09,1.282506659317744,3.841406016227913,-6.791265322166618
2022-02-10,1.282506659317744,3.872651632791711,-6.791265322166618
2022-02-11,1.282506659317744,3.821818057619794,-6.791265322166618
2022-02-14,1.282506659317744,3.704808424102449,-6.791265322166618
2022-02-15,1.312973863412574,3.8169126904357897,-4.577000372960738
2022-02-16,1.3106849957796802,3.8102587819626894,-4.74334840270163
2022-02-17,1.309353320531746,3.806387502956291,-4.840130562825284
2022-02-18,1.3072120884079728,3.800162781890514,-4.995748886877182
2022-02-21,1.300634776328822,3.7848422091852436,-5.473768187615169
2022-02-22,1.300634776328822,3.759667081175481,-5.473768187615169
2022-02-23,1.300634776328822,3.7532992976405963,-5.473768187615169
2022-02-24,1.300634776328822,3.5739627595074674,-5.473768187615169
2022-02-25,1.300634776328822,3.6642469919826905,-5.473768187615169
2022-02-28,1.300634776328822,3.6940521026638504,-5.473768187615169
2022-03-02,1.300634776328822,3.6527096267938277,-5.473768187615169
2022-03-03,1.300634776328822,3.6289758639007523,-5.473768187615169
2022-03-04,1.300634776328822,3.573390724439548,-5.473768187615169
2022-03-07,1.300634776328822,3.4893206874130054,-5.473768187615169
2022-03-08,1.3212787948585714,3.522381221096161,-3.9734228819250594
2022-03-09,1.348664002448322,3.5953871160861604,-1.9831481883898716
2022-03-10,1.3692545779635557,3.6502792832870914,-0.4866869605906543
2022-03-11,1.3721877317942888,3.6580987427472476,-0.2735141437543609
2022-03-14,1.3906883421390113,3.711077395721733,0.0
2022-03-15,1.3906883421390113,3.6652587400750294,0.0
2022-03-16,1.3906883421390113,3.7339643834598184,0.0
2022-03-17,1.3906883421390113,3.802527393992524,0.0
2022-03-21,1.3906883421390113,3.7652542505771245,0.0
2022-03-22,1.3906883421390113,3.8087851955691754,0.0
2022-03-23,1.3906883421390113,3.793420801927421,0.0
2022-03-24,1.3906883421390113,3.788383542316942,0.0
2022-03-25,1.3906883421390113,3.77304105914343,0.0
2022-03-28,1.3906883421390113,3.7882185693795924,0.0
2022-03-29,1.3906883421390113,3.8109410137973527,0.0
2022-03-30,1.3906883421390113,3.848983601303359,0.0
2022-03-31,1.3906883421390113,3.841614810101744,0.0
2022-04-01,1.3906883421390113,3.8868612158720164,0.0
2022-04-04,1.3906883421390113,3.9710966554529334,0.0
2022-04-05,1.3906883421390113,3.9499801194721855,0.0
2022-04-06,1.3906883421390113,3.9170405229813836,0.0
2022-04-07,1.3906883421390113,3.880064674546833,0.0
2022-04-08,1.3906883421390113,3.9119151918809134,0.0
2022-04-11,1.3906883421390113,3.887851053496114,0.0
2022-04-12,1.3906883421390113,3.856033616672909,0.0
2022-04-13,1.3906883421390113,3.84401250271463,0.0
2022-04-18,1.3906883421390113,3.777583399941861,0.0
2022-04-19,1.3906883421390113,3.730291157901644,0.0
2022-04-20,1.3906883421390113,3.7694228245643724,0.0
2022-04-21,1.3906883421390113,3.825744327605309,0.0
2022-04-22,1.3906883421390113,3.777209203513654,0.0
2022-04-25,1.3906883421390113,3.729257069724039,0.0
2022-04-26,1.3906883421390113,3.7835555061973216,0.0
2022-04-27,1.3906883421390113,3.747833280239818,0.0
2022-04-28,1.3906883421390113,3.7932889095009474,0.0
2022-04-29,1.3906883421390113,3.761944051404525,0.0
2022-05-02,1.3906883421390113,3.7545860006285183,0.0
2022-05-04,1.3906883421390113,3.6684701273320304,0.0
2022-05-05,1.375097685215642,3.669581116956994,-1.121074826829238
2022-05-06,1.3527270162765637,3.609882824104683,-2.7296788728421673
2022-05-09,1.3437094908601788,3.585818685719884,-3.378100603516565
2022-05-10,1.3386155299856934,3.57222495864398,-3.7443912180370242
2022-05-11,1.3312638624309157,3.556178547976074,-4.273026378915001
2022-05-12,1.3312638624309157,3.4771895914964936,-4.273026378915001
2022-05-13,1.3312638624309157,3.471503610179249,-4.273026378915001
2022-05-16,1.3312638624309157,3.4847343108695794,-4.273026378915001
2022-05-17,1.3312638624309157,3.5764592640359534,-4.273026378915001
2022-05-18,1.3312638624309157,3.572279949623097,-4.273026378915001
2022-05-19,1.3312638624309157,3.4774976269029514,-4.273026378915001
2022-05-20,1.348382548296881,3.577966145748854,-3.0420758239088963
2022-05-23,1.3441175843195514,3.5666489592849695,-3.3487558936339146
2022-05-24,1.3366943531957562,3.5469512335271305,-3.8825369644076457
2022-05-25,1.3284586863032133,3.5250976895411137,-4.474737721615096
2022-05-26,1.3390961695417267,3.556849609768106,-3.709829947803467
2022-05-27,1.3390961695417267,3.596948988778178,-3.709829947803467
2022-05-30,1.3390961695417267,3.6649068837320895,-3.709829947803467
2022-05-31,1.3390961695417267,3.648002742675073,-3.709829947803467
2022-06-01,1.3390961695417267,3.6344088007906565,-3.709829947803467
2022-06-02,1.3390961695417267,3.6575600029987156,-3.709829947803467
2022-06-03,1.3390961695417267,3.647947751695956,-3.709829947803467
2022-06-06,1.3390961695417267,3.644703283928081,-3.709829947803467
2022-06-07,1.3390961695417267,3.6110045541552562,-3.709829947803467
2022-06-08,1.3390961695417267,3.597784808699047,-3.709829947803467
2022-06-09,1.3390961695417267,3.6245873259970396,-3.709829947803467
2022-06-10,1.3390961695417267,3.5638113388391517,-3.709829947803467
2022-06-13,1.3390961695417267,3.469798889826637,-3.709829947803467
2022-06-14,1.3426993315550997,3.4604942443133107,-3.4507379640574154
2022-06-15,1.3392897555516647,3.4517068576972987,-3.6959097901324567
2022-06-16,1.3109926417897062,3.378777649346145,-5.730665738286511
2022-06-17,1.3052658409880045,3.364018156474673,-6.142461870329541
2022-06-20,1.3087955586211355,3.3764791982658835,-5.888651039665493
2022-06-21,1.3087955586211355,3.439971653868723,-5.888651039665493
2022-06-22,1.3087955586211355,3.3903697907056123,-5.888651039665493
2022-06-23,1.3087955586211355,3.4219017470161384,-5.888651039665493
2022-06-24,1.3087955586211355,3.453268515580803,-5.888651039665493
2022-06-27,1.3087955586211355,3.4824796807258016,-5.888651039665493
2022-06-28,1.3087955586211355,3.4864721117330664,-5.888651039665493
2022-06-29,1.3087955586211355,3.47523182671654,-5.888651039665493
2022-06-30,1.3087955586211355,3.4710855928145583,-5.888651039665493
2022-07-01,1.3087955586211355,3.464882567408511,-5.888651039665493
2022-07-04,1.3087955586211355,3.4832055186884365,-5.888651039665493
2022-07-05,1.3087955586211355,3.4778164027350167,-5.888651039665493
2022-07-06,1.3087955586211355,3.517178988548332,-5.888651039665493
2022-07-07,1.3087955586211355,3.5486559538797415,-5.888651039665493
2022-07-08,1.3087955586211355,3.567946617507011,-5.888651039665493
2022-07-11,1.3087955586211355,3.5669348694146716,-5.888651039665493
2022-07-12,1.3087955586211355,3.5322465168262616,-5.888651039665493
2022-07-13,1.3087955586211355,3.5120869527672487,-5.888651039665493
2022-07-14,1.3087955586211355,3.5059279631061973,-5.888651039665493
2022-07-15,1.3087955586211355,3.530244931109825,-5.888651039665493
2022-07-18,1.3087955586211355,3.580682614193805,-5.888651039665493
2022-07-19,1.3087955586211355,3.5943313322488253,-5.888651039665493
2022-07-20,1.3087955586211355,3.633990783425965,-5.888651039665493
2022-07-21,1.3087955586211355,3.6525558238991107,-5.888651039665493
2022-07-22,1.3087955586211355,3.6776755313127327,-5.888651039665493
2022-07-25,1.3087955586211355,3.6582198947481137,-5.888651039665493
2022-07-26,1.3087955586211355,3.6258521185167183,-5.888651039665493
2022-07-27,1.3087955586211355,3.6605956768927568,-5.888651039665493
2022-07-28,1.3087955586211355,3.723901034281493,-5.888651039665493
2022-07-29,1.3087955586211355,3.774195869704877,-5.888651039665493
2022-08-01,1.3087955586211355,3.8141854815652283,-5.888651039665493
2022-08-02,1.3087955586211355,3.815372943020526,-5.888651039665493
2022-08-03,1.3087955586211355,3.8247656600238438,-5.888651039665493
2022-08-04,1.3087955586211355,3.823412796014172,-5.888651039665493
2022-08-05,1.3087955586211355,3.826822236719397,-5.888651039665493
2022-08-08,1.3087955586211355,3.8548895465370694,-5.888651039665493
2022-08-10,1.3087955586211355,3.8570122842543726,-5.888651039665493
2022-08-11,1.3087955586211355,3.8843428008752885,-5.888651039665493
2022-08-12,1.3087955586211355,3.8929544741283424,-5.888651039665493
2022-08-16,1.3087955586211355,3.920911801987782,-5.888651039665493
2022-08-17,1.3087955586211355,3.947087508047251,-5.888651039665493
2022-08-18,1.3087955586211355,3.9497820660239618,-5.888651039665493
2022-08-19,1.3087955586211355,3.906218040521036,-5.888651039665493
2022-08-22,1.3087955586211355,3.847322701887231,-5.888651039665493
2022-08-23,1.3087955586211355,3.8664157416833005,-5.888651039665493
2022-08-24,1.3087955586211355,3.872453579343486,-5.888651039665493
2022-08-25,1.3087955586211355,3.8543065562350307,-5.888651039665493
2022-08-26,1.3087955586211355,3.8623244987604357,-5.888651039665493
2022-08-29,1.3087955586211355,3.808213375309769,-5.888651039665493
2022-08-30,1.3087955586211355,3.906405353543651,-5.888651039665493
2022-09-01,1.3087955586211355,3.858783165628735,-5.888651039665493
2022-09-02,1.3087955586211355,3.858045942814954,-5.888651039665493
2022-09-05,1.3087955586211355,3.885838727354068,-5.888651039665493
2022-09-06,1.3087955586211355,3.8835948376358993,-5.888651039665493
2022-09-07,1.3087955586211355,3.876732135288966,-5.888651039665493
2022-09-08,1.3087955586211355,3.9150827582014296,-5.888651039665493
2022-09-09,1.3087955586211355,3.9226934237877527,-5.888651039665493
2022-09-12,1.3087955586211355,3.9453497071837638,-5.888651039665493
2022-09-13,1.3087955586211355,3.9747591405854994,-5.888651039665493
2022-09-14,1.3087955586211355,3.9601753610769856,-5.888651039665493
2022-09-15,1.3087955586211355,3.932383006154896,-5.888651039665493
2022-09-16,1.3087955586211355,3.8561543390567508,-5.888651039665493
2022-09-19,1.3087955586211355,3.876259126945159,-5.888651039665493
2022-09-20,1.3087955586211355,3.918932126739587,-5.888651039665493
2022-09-21,1.3087955586211355,3.897397573394149,-5.888651039665493
2022-09-22,1.3087955586211355,3.877920026361288,-5.888651039665493
2022-09-23,1.3087955586211355,3.811391682055894,-5.888651039665493
2022-09-26,1.3087955586211355,3.7429721636093207,-5.888651039665493
2022-09-27,1.3087955586211355,3.741014398829367,-5.888651039665493
2022-09-28,1.3087955586211355,3.7082835962123983,-5.888651039665493
2022-09-29,1.3087955586211355,3.6993750575955207,-5.888651039665493
2022-09-30,1.3087955586211355,3.7601400895192874,-5.888651039665493
2022-10-03,1.3087955586211355,3.7146075588108,-5.888651039665493
2022-10-04,1.3087955586211355,3.7997228540575816,-5.888651039665493
2022-10-06,1.3087955586211355,3.8123707792543837,-5.888651039665493
2022-10-07,1.3087955586211355,3.8085983121635847,-5.888651039665493
2022-10-10,1.3087955586211355,3.7923978837924497,-5.888651039665493
2022-10-11,1.3087955586211355,3.735768345345056,-5.888651039665493
2022-10-12,1.3087955586211355,3.7665740340759215,-5.888651039665493
2022-10-13,1.3087955586211355,3.7425429762019977,-5.888651039665493
2022-10-14,1.3087955586211355,3.7802337073650634,-5.888651039665493
2022-10-17,1.3087955586211355,3.807971500925061,-5.888651039665493
2022-10-18,1.3087955586211355,3.846497837200483,-5.888651039665493
2022-10-19,1.3087955586211355,3.852063096133886,-5.888651039665493
2022-10-20,1.3087955586211355,3.8634350587683746,-5.888651039665493
2022-10-21,1.3087955586211355,3.866151956830351,-5.888651039665493
2022-10-24,1.3087955586211355,3.900125211881734,-5.888651039665493
2022-10-25,1.3087955586211355,3.8837598105732494,-5.888651039665493
2022-10-27,1.3087955586211355,3.9014888163170136,-5.888651039665493
2022-10-28,1.3087955586211355,3.91245436124647,-5.888651039665493
2022-10-31,1.3087955586211355,3.962033884324315,-5.888651039665493
2022-11-01,1.3087955586211355,3.9913333357678176,-5.888651039665493
2022-11-02,1.3087955586211355,3.9775744209460515,-5.888651039665493
2022-11-03,1.3087955586211355,3.970942422941193,-5.888651039665493
2022-11-04,1.3087955586211355,3.9851193551276496,-5.888651039665493
2022-11-07,1.3087955586211355,4.003959350496378,-5.888651039665493
2022-11-09,1.3087955586211355,3.993884831275419,-5.888651039665493
2022-11-10,1.3087955586211355,3.965553306987773,-5.888651039665493
2022-11-11,1.3087955586211355,4.0362717061316316,-5.888651039665493
2022-11-14,1.3087955586211355,4.0317517054184675,-5.888651039665493
2022-11-15,1.3087955586211355,4.048084026216077,-5.888651039665493
2022-11-16,1.3087955586211355,4.04945880069399,-5.888651039665493
2022-11-17,1.3087955586211355,4.034996173186342,-5.888651039665493
2022-11-18,1.3087955586211355,4.027022481214445,-5.888651039665493
2022-11-21,1.3087955586211355,3.9945335529821837,-5.888651039665493
2022-11-22,1.3087955586211355,4.013065512944455,-5.888651039665493
2022-11-23,1.3087955586211355,4.018135853065809,-5.888651039665493
2022-11-24,1.3087955586211355,4.065834942428084,-5.888651039665493
2022-11-25,1.3087955586211355,4.072136994558243,-5.888651039665493
2022-11-28,1.3087955586211355,4.083135190381549,-5.888651039665493
2022-11-29,1.3087955586211355,4.095299366808935,-5.888651039665493
2022-11-30,1.3087955586211355,4.126160046518918,-5.888651039665493
2022-12-01,1.3087955586211355,4.138071178518964,-5.888651039665493
2022-12-02,1.3087955586211355,4.112467292718902,-5.888651039665493
2022-12-05,1.3087955586211355,4.113556371875624,-5.888651039665493
2022-12-06,1.3087955586211355,4.100732303698838,-5.888651039665493
2022-12-07,1.3087955586211355,4.0826402715695,-5.888651039665493
2022-12-08,1.3087955586211355,4.093385422965465,-5.888651039665493
2022-12-09,1.3087955586211355,4.068584491383909,-5.888651039665493
2022-12-12,1.3087955586211355,4.068705643384775,-5.888651039665493
2022-12-13,1.3087955586211355,4.09308855760164,-5.888651039665493
2022-12-14,1.3087955586211355,4.1045928422796285,-5.888651039665493
2022-12-15,1.3087955586211355,4.050613611255437,-5.888651039665493
2022-12-16,1.3087955586211355,4.0185207899196245,-5.888651039665493
2022-12-19,1.3087955586211355,4.051834153221609,-5.888651039665493
2022-12-20,1.3087955586211355,4.044102765251444,-5.888651039665493
2022-12-21,1.3087955586211355,4.003145226235238,-5.888651039665493
2022-12-22,1.3087955586211355,3.9873628152287934,-5.888651039665493
2022-12-23,1.3087955586211355,3.916853639575792,-5.888651039665493
2022-12-26,1.3087955586211355,3.9625618836472376,-5.888651039665493
2022-12-27,1.3087955586211355,3.988451894385515,-5.888651039665493
2022-12-28,1.3087955586211355,3.986296076157337,-5.888651039665493
2022-12-29,1.3087955586211355,4.001363604435267,-5.888651039665493
2022-12-30,1.3087955586211355,3.9825128686409297,-5.888651039665493
2023-01-02,1.3087955586211355,4.002782199849663,-5.888651039665493
2023-01-03,1.3087955586211355,4.010503277011243,-5.888651039665493
2023-01-04,1.3087955586211355,3.968797774755646,-5.888651039665493
2023-01-05,1.3087955586211355,3.957623865569382,-5.888651039665493
2023-01-06,1.3087955586211355,3.928434396084113,-5.888651039665493
2023-01-09,1.3087955586211355,3.9816106728897984,-5.888651039665493
2023-01-10,1.3087955586211355,3.9404666800850245,-5.888651039665493
2023-01-11,1.3087955586211355,3.9364080880560097,-5.888651039665493
2023-01-12,1.3087955586211355,3.92815944118853,-5.888651039665493
2023-01-13,1.3087955586211355,3.9498039764922015,-5.888651039665493
2023-01-16,1.3087955586211355,3.9362212046504186,-5.888651039665493
2023-01-17,1.3087955586211355,3.971074744984691,-5.888651039665493
2023-01-18,1.3087955586211355,3.9957214440545052,-5.888651039665493
2023-01-19,1.3087955586211355,3.983073518857703,-5.888651039665493
2023-01-20,1.3087955586211355,3.9654325846039296,-5.888651039665493
2023-01-23,1.3087955586211355,3.9854273905341056,-5.888651039665493
2023-01-24,1.3087955586211355,3.985372399554989,-5.888651039665493
2023-01-25,1.3087955586211355,3.935583223369262,-5.888651039665493
2023-01-27,1.3087955586211355,3.87232168691701,-5.888651039665493
2023-01-30,1.3087955586211355,3.8821319916679946,-5.888651039665493
2023-01-31,1.3087955586211355,3.885035773135562,-5.888651039665493
2023-02-01,1.3087955586211355,3.874950513488995,-5.888651039665493
2023-02-02,1.3087955586211355,3.8736526404584404,-5.888651039665493
2023-02-03,1.3087955586211355,3.9272469346288164,-5.888651039665493
2023-02-06,1.3087955586211355,3.9075709045307065,-5.888651039665493
2023-02-07,1.3087955586211355,3.8980905456544215,-5.888651039665493
2023-02-08,1.3087955586211355,3.9311289540608234,-5.888651039665493
2023-02-09,1.3087955586211355,3.9359131692439617,-5.888651039665493
2023-02-10,1.3087955586211355,3.9277856743773483,-5.888651039665493
2023-02-13,1.3087955586211355,3.9089568490512527,-5.888651039665493
2023-02-14,1.3087955586211355,3.943919941726733,-5.888651039665493
2023-02-15,1.3087955586211355,3.96283683854282,-5.888651039665493
2023-02-16,1.3087955586211355,3.967236116872143,-5.888651039665493
2023-02-17,1.3087955586211355,3.9470763380046177,-5.888651039665493
2023-02-20,1.3087955586211355,3.9251680178479966,-5.888651039665493
2023-02-21,1.3087955586211355,3.921230577819848,-5.888651039665493
2023-02-22,1.3087955586211355,3.861312750668095,-5.888651039665493
2023-02-23,1.3087955586211355,3.8518431322174185,-5.888651039665493
2023-02-24,1.3087955586211355,3.8418459440608426,-5.888651039665493
2023-02-27,1.3087955586211355,3.8257662380735495,-5.888651039665493
2023-02-28,1.3087955586211355,3.806244440487181,-5.888651039665493
2023-03-01,1.3087955586211355,3.838568395782093,-5.888651039665493
2023-03-02,1.3087955586211355,3.8101930505579626,-5.888651039665493
2023-03-03,1.3087955586211355,3.8701220477523486,-5.888651039665493
2023-03-06,1.3087955586211355,3.895879736447127,-5.888651039665493
2023-03-08,1.3087955586211355,3.905327444429562,-5.888651039665493
2023-03-09,1.3087955586211355,3.8690772191491347,-5.888651039665493
2023-03-10,1.3087955586211355,3.83020976695638,-5.888651039665493
2023-03-13,1.3087955586211355,3.7733271840816456,-5.888651039665493
2023-03-14,1.3087955586211355,3.748911189353906,-5.888651039665493
2023-03-15,1.3087955586211355,3.7332606707739364,-5.888651039665493
2023-03-16,1.3087955586211355,3.7362190136035958,-5.888651039665493
2023-03-17,1.3087955586211355,3.7613941416133585,-5.888651039665493
2023-03-20,1.3087955586211355,3.736835084416511,-5.888651039665493
2023-03-21,1.3087955586211355,3.763032700944221,-5.888651039665493
2023-03-22,1.3087955586211355,3.7727991847587217,-5.888651039665493
2023-03-23,1.3087955586211355,3.7563018910237624,-5.888651039665493
2023-03-24,1.3087955586211355,3.7272997345611087,-5.888651039665493
2023-03-27,1.3087955586211355,3.7362409240718373,-5.888651039665493
2023-03-28,1.3087955586211355,3.728762150911989,-5.888651039665493
2023-03-29,1.3087955586211355,3.757137496136119,-5.888651039665493
2023-03-31,1.3087955586211355,3.818518598872801,-5.888651039665493
2023-04-03,1.3087955586211355,3.8269433887202635,-5.888651039665493
2023-04-05,1.3087955586211355,3.8619176514383775,-5.888651039665493
2023-04-06,1.3087955586211355,3.8711780463981964,-5.888651039665493
2023-04-10,1.3087955586211355,3.876655233841608,-5.888651039665493
2023-04-11,1.3087955586211355,3.898266688634405,-5.888651039665493
2023-04-12,1.3087955586211355,3.9180853515845984,-5.888651039665493
2023-04-13,1.3087955586211355,3.921516702758065,-5.888651039665493
2023-04-17,1.3087955586211355,3.894867988354789,-5.888651039665493
2023-04-18,1.3087955586211355,3.884595845302631,-5.888651039665493
2023-04-19,1.3087955586211355,3.8754892532375287,-5.888651039665493
2023-04-20,1.3087955586211355,3.8767428757145757,-5.888651039665493
2023-04-21,1.3087955586211355,3.8766552338416087,-5.888651039665493
2023-04-24,1.3087955586211355,3.9029078413484353,-5.888651039665493
2023-04-25,1.3087955586211355,3.9085938226656793,-5.888651039665493
2023-04-26,1.3087955586211355,3.918349136437547,-5.888651039665493
2023-04-27,1.3087955586211355,3.94066473353325,-5.888651039665493
2023-04-28,1.3087955586211355,3.973648150960536,-5.888651039665493
2023-05-02,1.3087955586211355,3.991828254579866,-5.888651039665493
2023-05-03,1.3087955586211355,3.9791141683613143,-5.888651039665493
2023-05-04,1.3087955586211355,4.015617438069082,-5.888651039665493
2023-05-05,1.3087955586211355,3.9745280066264,-5.888651039665493
2023-05-08,1.3087955586211355,4.017509041827286,-5.888651039665493
2023-05-09,1.3087955586211355,4.017849728127594,-5.888651039665493
2023-05-10,1.3087955586211355,4.028661040545309,-5.888651039665493
2023-05-11,1.3087955586211355,4.024679779580677,-5.888651039665493
2023-05-12,1.3087955586211355,4.0285953091405835,-5.888651039665493
2023-05-15,1.3087955586211355,4.047083018549346,-5.888651039665493
2023-05-16,1.3087955586211355,4.022370158457782,-5.888651039665493
2023-05-17,1.3087955586211355,3.999328938207955,-5.888651039665493
2023-05-18,1.3087955586211355,3.9879346354882004,-5.888651039665493
2023-05-19,1.3087955586211355,4.0040912429228515,-5.888651039665493
2023-05-22,1.3087955586211355,4.028507237650591,-5.888651039665493
2023-05-23,1.3087955586211355,4.035897939320448,-5.888651039665493
2023-05-24,1.3087955586211355,4.022128284073074,-5.888651039665493
2023-05-25,1.3087955586211355,4.029991994086738,-5.888651039665493
2023-05-26,1.3087955586211355,4.0691893921541915,-5.888651039665493
2023-05-29,1.3087955586211355,4.091031980906087,-5.888651039665493
2023-05-30,1.3087955586211355,4.098774538918885,-5.888651039665493
2023-05-31,1.3087955586211355,4.076899299273139,-5.888651039665493
2023-06-01,1.3087955586211355,4.066637896646589,-5.888651039665493
2023-06-02,1.3087955586211355,4.076833138251389,-5.888651039665493
2023-06-05,1.3087955586211355,4.08997598226024,-5.888651039665493
2023-06-06,1.3087955586211355,4.091108882353446,-5.888651039665493
2023-06-07,1.3087955586211355,4.119132371234635,-5.888651039665493
2023-06-08,1.3087955586211355,4.098928771430626,-5.888651039665493
2023-06-09,1.3087955586211355,4.083278252850656,-5.888651039665493
2023-06-12,1.3087955586211355,4.091658792144611,-5.888651039665493
2023-06-13,1.3087955586211355,4.116877741090857,-5.888651039665493
2023-06-14,1.3087955586211355,4.125621306770385,-5.888651039665493
2023-06-15,1.3087955586211355,4.110707581387172,-5.888651039665493
2023-06-16,1.3087955586211355,4.141040691391256,-5.888651039665493
2023-06-19,1.3087955586211355,4.125522065237761,-5.888651039665493
2023-06-20,1.3087955586211355,4.138994855121311,-5.888651039665493
2023-06-21,1.3087955586211355,4.147826492290831,-5.888651039665493
2023-06-22,1.3087955586211355,4.128997666964735,-5.888651039665493
2023-06-23,1.3087955586211355,4.105736482798442,-5.888651039665493
2023-06-26,1.3087955586211355,4.111389383604812,-5.888651039665493
2023-06-27,1.3087955586211355,4.139149087633051,-5.888651039665493
2023-06-28,1.3087955586211355,4.17317733366355,-5.888651039665493
2023-06-30,1.3087955586211355,4.220898763111091,-5.888651039665493
2023-07-03,1.3087955586211355,4.250263945959318,-5.888651039665493
2023-07-04,1.3087955586211355,4.264880376361683,-5.888651039665493
2023-07-05,1.3087955586211355,4.266970033568111,-5.888651039665493
2023-07-06,1.3087955586211355,4.288702640361774,-5.888651039665493
2023-07-07,1.3087955586211355,4.25229861218663,-5.888651039665493
2023-07-10,1.3087955586211355,4.257599656650059,-5.888651039665493
2023-07-11,1.3087955586211355,4.2759666436749795,-5.888651039665493
2023-07-12,1.3087955586211355,4.263846717801101,-5.888651039665493
2023-07-13,1.3087955586211355,4.270324483294218,-5.888651039665493
2023-07-14,1.3087955586211355,4.303484043701487,-5.888651039665493
2023-07-17,1.3087955586211355,4.335807569379374,-5.888651039665493
2023-07-18,1.3087955586211355,4.344122377268603,-5.888651039665493
2023-07-19,1.3087955586211355,4.362577435783515,-5.888651039665493
2023-07-20,1.3087955586211355,4.394692167587569,-5.888651039665493
2023-07-21,1.3087955586211355,4.343187530623621,-5.888651039665493
2023-07-24,1.3087955586211355,4.327207066168952,-5.888651039665493
2023-07-25,1.3087955586211355,4.329021768479797,-5.888651039665493
2023-07-26,1.3087955586211355,4.350512500888752,-5.888651039665493
2023-07-27,1.3087955586211355,4.3244686872557585,-5.888651039665493
2023-07-28,1.3087955586211355,4.321422272936108,-5.888651039665493
2023-07-31,1.3087955586211355,4.345123384935332,-5.888651039665493
2023-08-01,1.3087955586211355,4.340669115626893,-5.888651039665493
2023-08-02,1.3087955586211355,4.2951365849184056,-5.888651039665493
2023-08-03,1.3087955586211355,4.2632637274990595,-5.888651039665493
2023-08-04,1.3087955586211355,4.293035757669345,-5.888651039665493
2023-08-07,1.3087955586211355,4.310699032008385,-5.888651039665493
2023-08-08,1.3087955586211355,4.304880728647642,-5.888651039665493
2023-08-09,1.3087955586211355,4.318452760063816,-5.888651039665493
2023-08-10,1.3087955586211355,4.298776729965707,-5.888651039665493
2023-08-11,1.3087955586211355,4.27352513012561,-5.888651039665493
2023-08-14,1.3087955586211355,4.274899904603523,-5.888651039665493
2023-08-16,1.3087955586211355,4.281597634013107,-5.888651039665493
2023-08-17,1.3087955586211355,4.25965623334561,-5.888651039665493
2023-08-18,1.3087955586211355,4.247536307471732,-5.888651039665493
2023-08-21,1.3087955586211355,4.26589212445402,-5.888651039665493
2023-08-22,1.3087955586211355,4.2665189356925435,-5.888651039665493
2023-08-23,1.3087955586211355,4.276978391767317,-5.888651039665493
2023-08-24,1.3087955586211355,4.264374287506998,-5.888651039665493
2023-08-25,1.3087955586211355,4.237780993699863,-5.888651039665493
2023-08-28,1.3087955586211355,4.246634541337625,-5.888651039665493
2023-08-29,1.3087955586211355,4.25468513475688,-5.888651039665493
2023-08-30,1.3087955586211355,4.255740703785703,-5.888651039665493
2023-08-31,1.3087955586211355,4.23514142670227,-5.888651039665493
2023-09-01,1.3087955586211355,4.275064877540871,-5.888651039665493
2023-09-04,1.3087955586211355,4.295631503730453,-5.888651039665493
2023-09-05,1.3087955586211355,4.305771754356137,-5.888651039665493
2023-09-06,1.3087955586211355,4.313723535859792,-5.888651039665493
2023-09-07,1.3087955586211355,4.339239350169862,-5.888651039665493
2023-09-08,1.3087955586211355,4.359673654315945,-5.888651039665493
2023-09-11,1.3087955586211355,4.398475375103974,-5.888651039665493
2023-09-12,1.3087955586211355,4.397782402843701,-5.888651039665493
2023-09-13,1.3087955586211355,4.4146758034751095,-5.888651039665493
2023-09-14,1.3087955586211355,4.421956523186733,-5.888651039665493
2023-09-15,1.3087955586211355,4.441588302731334,-5.888651039665493
2023-09-18,1.3087955586211355,4.428599691234224,-5.888651039665493
2023-09-20,1.3087955586211355,4.3775899730823244,-5.888651039665493
2023-09-21,1.3087955586211355,4.342604540321577,-5.888651039665493
2023-09-22,1.3087955586211355,4.327625083533639,-5.888651039665493
2023-09-25,1.3087955586211355,4.327691244555389,-5.888651039665493
2023-09-26,1.3087955586211355,4.325524256284578,-5.888651039665493
2023-09-27,1.3087955586211355,4.3369073889617,-5.888651039665493
2023-09-28,1.3087955586211355,4.294476693169004,-5.888651039665493
2023-09-29,1.3087955586211355,4.3197175525834925,-5.888651039665493
2023-10-03,1.3087955586211355,4.295620333687819,-5.888651039665493
2023-10-04,1.3087955586211355,4.275240590903828,-5.888651039665493
2023-10-05,1.3087955586211355,4.299359720267743,-5.888651039665493
2023-10-06,1.3087955586211355,4.323060832266968,-5.888651039665493
2023-10-09,1.3087955586211355,4.29201283953437,-5.888651039665493
2023-10-10,1.3087955586211355,4.331056434707107,-5.888651039665493
2023-10-11,1.3087955586211355,4.357782050557741,-5.888651039665493
2023-10-12,1.3087955586211355,4.353965762530459,-5.888651039665493
2023-10-13,1.3087955586211355,4.344518484165048,-5.888651039665493
2023-10-16,1.3087955586211355,4.340273008730442,-5.888651039665493
2023-10-17,1.3087955586211355,4.357815131068615,-5.888651039665493
2023-10-18,1.3087955586211355,4.326932111273366,-5.888651039665493
2023-10-19,1.3087955586211355,4.316725699625933,-5.888651039665493
2023-10-20,1.3087955586211355,4.298677918050102,-5.888651039665493
2023-10-23,1.3087955586211355,4.241289246320686,-5.888651039665493
2023-10-25,1.3087955586211355,4.206183091176097,-5.888651039665493
2023-10-26,1.3087955586211355,4.147914563780816,-5.888651039665493
2023-10-27,1.3087955586211355,4.189707707909379,-5.888651039665493
2023-10-30,1.3087955586211355,4.2103074146098365,-5.888651039665493
2023-10-31,1.3087955586211355,4.196823454683654,-5.888651039665493
2023-11-01,1.3087955586211355,4.176927890286103,-5.888651039665493
2023-11-02,1.3087955586211355,4.208624604725466,-5.888651039665493
2023-11-03,1.3087955586211355,4.230038006070038,-5.888651039665493
2023-11-06,1.3087955586211355,4.269884555461282,-5.888651039665493
2023-11-07,1.3087955586211355,4.268773565836319,-5.888651039665493
2023-11-08,1.3087955586211355,4.276868409809082,-5.888651039665493
2023-11-09,1.3087955586211355,4.266266320882225,-5.888651039665493
2023-11-10,1.3087955586211355,4.2728759788018165,-5.888651039665493
2023-11-13,1.3087955586211355,4.276879579851714,-5.888651039665493
2023-11-15,1.3087955586211355,4.327888868386589,-5.888651039665493
2023-11-16,1.3087955586211355,4.347630629889424,-5.888651039665493
2023-11-17,1.3087955586211355,4.340284178773075,-5.888651039665493
2023-11-20,1.3087955586211355,4.331969370883845,-5.888651039665493
2023-11-21,1.3087955586211355,4.351634230939322,-5.888651039665493
2023-11-22,1.3087955586211355,4.357892032515973,-5.888651039665493
2023-11-23,1.3087955586211355,4.3557254738621864,-5.888651039665493
2023-11-24,1.3087955586211355,4.354119565425174,-5.888651039665493
2023-11-28,1.3087955586211355,4.375016137489456,-5.888651039665493
2023-11-29,1.3087955586211355,4.420526757729702,-5.888651039665493
2023-11-30,1.3087955586211355,4.428566610723349,-5.888651039665493
2023-12-01,1.3087955586211355,4.45820674846716,-5.888651039665493
2023-12-04,1.3087955586211355,4.550349718998224,-5.888651039665493
2023-12-05,1.3087955586211355,4.587369388369258,-5.888651039665493
2023-12-06,1.3087955586211355,4.605538321945955,-5.888651039665493
2023-12-07,1.3087955586211355,4.597498898569333,-5.888651039665493
2023-12-08,1.3087955586211355,4.612511435868146,-5.888651039665493
2023-12-11,1.3087955586211355,4.618604264507447,-5.888651039665493
2023-12-12,1.3087955586211355,4.5986537091307795,-5.888651039665493
2023-12-13,1.3087955586211355,4.603041817417469,-5.888651039665493
2023-12-14,1.3087955586211355,4.659429481480155,-5.888651039665493
2023-12-15,1.3087955586211355,4.7196888541662645,-5.888651039665493
2023-12-18,1.3087955586211355,4.711330225340552,-5.888651039665493
2023-12-19,1.3087955586211355,4.718907810416,-5.888651039665493
2023-12-20,1.3087955586211355,4.6522699137693975,-5.888651039665493
2023-12-21,1.3087955586211355,4.6753442145300985,-5.888651039665493
2023-12-22,1.3087955586211355,4.696097724125273,-5.888651039665493
2023-12-26,1.3087955586211355,4.716323234397523,-5.888651039665493
2023-12-27,1.3087955586211355,4.763263620094799,-5.888651039665493
2023-12-28,1.3087955586211355,4.790527975693966,-5.888651039665493
2023-12-29,1.3087955586211355,4.780123940215333,-5.888651039665493
2024-01-01,1.3087955586211355,4.782433561338228,-5.888651039665493
2024-01-02,1.3087955586211355,4.765694393218561,-5.888651039665493
2024-01-03,1.3087955586211355,4.73304049204895,-5.888651039665493
2024-01-04,1.3087955586211355,4.76411039524979,-5.888651039665493
2024-01-05,1.3087955586211355,4.775592769459536,-5.888651039665493
2024-01-08,1.3087955586211355,4.732083734935727,-5.888651039665493
2024-01-09,1.3087955586211355,4.739089499751768,-5.888651039665493
2024-01-10,1.3087955586211355,4.755333749059385,-5.888651039665493
2024-01-11,1.3087955586211355,4.76160272067867,-5.888651039665493
2024-01-12,1.3087955586211355,4.816011139110185,-5.888651039665493
2024-01-15,1.3087955586211355,4.860641474067543,-5.888651039665493
2024-01-16,1.3087955586211355,4.846311168603394,-5.888651039665493
2024-01-17,1.3087955586211355,4.745050435964595,-5.888651039665493
2024-01-18,1.3104235363896821,4.720920566175071,-5.771588307548059
2024-01-19,1.3202018607143453,4.756147873320526,-5.068459933751301
2024-01-23,1.2967803668507063,4.6717698008875255,-6.752625476378526
2024-01-24,1.3099167144525403,4.719094693821592,-5.808032269993468
2024-01-25,1.3024186807639169,4.696801436811155,-6.3471921566069405
2024-01-29,1.3024186807639169,4.781487544650613,-6.3471921566069405
2024-01-30,1.3024186807639169,4.734085320652163,-6.3471921566069405
2024-01-31,1.3024186807639169,4.778869888121261,-6.3471921566069405
2024-02-01,1.3024186807639169,4.772655907481093,-6.3471921566069405
2024-02-02,1.3024186807639169,4.807047609514191,-6.3471921566069405
2024-02-05,1.3024186807639169,4.788988228278702,-6.3471921566069405
2024-02-06,1.3024186807639169,4.823676795675625,-6.3471921566069405
2024-02-07,1.3024186807639169,4.8239186700603325,-6.3471921566069405
2024-02-08,1.3024186807639169,4.777165167768648,-6.3471921566069405
2024-02-09,1.3024186807639169,4.791364010423346,-6.3471921566069405
2024-02-12,1.3024186807639169,4.75475118837437,-6.3471921566069405
2024-02-13,1.3024186807639169,4.782730426702051,-6.3471921566069405
2024-02-14,1.3024186807639169,4.804023105662782,-6.3471921566069405
2024-02-15,1.3024186807639169,4.819574382710126,-6.3471921566069405
2024-02-16,1.3024186807639169,4.848158521808089,-6.3471921566069405
2024-02-19,1.3024186807639169,4.8660967510427104,-6.3471921566069405
2024-02-20,1.3024186807639169,4.88252788375592,-6.3471921566069405
2024-02-21,1.3024186807639169,4.851315347702996,-6.3471921566069405
2024-02-22,1.3024186807639169,4.887037144043474,-6.3471921566069405
2024-02-23,1.3024186807639169,4.8859923154402605,-6.3471921566069405
2024-02-26,1.3024186807639169,4.866052930106226,-6.3471921566069405
2024-02-27,1.3024186807639169,4.8828359191623765,-6.3471921566069405
2024-02-28,1.3024186807639169,4.828461010858761,-6.3471921566069405
2024-02-29,1.3024186807639169,4.835422954738319,-6.3471921566069405
2024-03-01,1.3024186807639169,4.913718938957626,-6.3471921566069405
2024-03-04,1.3024186807639169,4.928423440849981,-6.3471921566069405
2024-03-05,1.3024186807639169,4.917579477538416,-6.3471921566069405
2024-03-06,1.3024186807639169,4.943480228702302,-6.3471921566069405
2024-03-07,1.3024186807639169,4.947769525073391,-6.3471921566069405
2024-03-11,1.3024186807639169,4.912377244990587,-6.3471921566069405
2024-03-12,1.3024186807639169,4.913047877165594,-6.3471921566069405
2024-03-13,1.3024186807639169,4.838700073400044,-6.3471921566069405
2024-03-14,1.3024186807639169,4.871463956527888,-6.3471921566069405
2024-03-15,1.3024186807639169,4.8443422337808055,-6.3471921566069405
2024-03-18,1.3024186807639169,4.85145798055508,-6.3471921566069405
2024-03-19,1.3024186807639169,4.799051577457026,-6.3471921566069405
2024-03-20,1.3024186807639169,4.803813882171923,-6.3471921566069405
2024-03-21,1.3024186807639169,4.841834559209687,-6.3471921566069405
2024-03-22,1.3024186807639169,4.860487671172824,-6.3471921566069405
2024-03-26,1.3024186807639169,4.840239820815308,-6.3471921566069405
2024-03-27,1.3024186807639169,4.866404786449167,-6.3471921566069405
2024-03-28,1.3024186807639169,4.911112452470907,-6.3471921566069405
2024-04-01,1.3024186807639169,4.940829491662076,-6.3471921566069405
2024-04-02,1.3024186807639169,4.938915977435631,-6.3471921566069405
2024-04-03,1.3024186807639169,4.934813564470133,-6.3471921566069405
2024-04-04,1.3024186807639169,4.952410677787423,-6.3471921566069405
2024-04-05,1.3024186807639169,4.952201454296565,-6.3471921566069405
2024-04-08,1.3024186807639169,4.9857682916429145,-6.3471921566069405
2024-04-09,1.3024186807639169,4.980587969563327,-6.3471921566069405
2024-04-10,1.3024186807639169,5.0050151343337,-6.3471921566069405
2024-04-12,1.3024186807639169,4.953455506390636,-6.3471921566069405
2024-04-15,1.3024186807639169,4.899146329491745,-6.3471921566069405
2024-04-16,1.3024186807639169,4.871738911423471,-6.3471921566069405
2024-04-18,1.3024186807639169,4.838293226077987,-6.3471921566069405
2024-04-19,1.3024186807639169,4.871540857975246,-6.3471921566069405
2024-04-22,1.3024186807639169,4.913202109677335,-6.3471921566069405
2024-04-23,1.3024186807639169,4.920152883514259,-6.3471921566069405
2024-04-24,1.3024186807639169,4.9277197281640985,-6.3471921566069405
2024-04-25,1.3024186807639169,4.964662496087775,-6.3471921566069405
2024-04-26,1.3024186807639169,4.931579837127865,-6.3471921566069405
2024-04-29,1.3024186807639169,4.980731032032435,-6.3471921566069405
2024-04-30,1.3024186807639169,4.972251251205856,-6.3471921566069405
2024-05-02,1.3024186807639169,4.981786601061257,-6.3471921566069405
2024-05-03,1.3024186807639169,4.943875905981725,-6.3471921566069405
2024-05-06,1.3024186807639169,4.936584016227469,-6.3471921566069405
2024-05-07,1.3024186807639169,4.905745246985728,-6.3471921566069405
2024-05-08,1.3024186807639169,4.905745246985728,-6.3471921566069405
2024-05-09,1.3024186807639169,4.8298576958049155,-6.3471921566069405
2024-05-10,1.3024186807639169,4.851347998596846,-6.3471921566069405
2024-05-13,1.3024186807639169,4.8620935796098355,-6.3471921566069405
2024-05-14,1.3024186807639169,4.887125215533466,-6.3471921566069405
2024-05-15,1.3024186807639169,4.8833200975488165,-6.3471921566069405
2024-05-16,1.3024186807639169,4.928038503996166,-6.3471921566069405
2024-05-17,1.3024186807639169,4.941731257796182,-6.3471921566069405
2024-05-21,1.3024186807639169,4.955578244107939,-6.3471921566069405
2024-05-22,1.3024186807639169,4.9707007633649845,-6.3471921566069405
2024-05-23,1.3024186807639169,5.052054331946575,-6.3471921566069405
2024-05-24,1.3024186807639169,5.049733540781048,-6.3471921566069405
2024-05-27,1.3024186807639169,5.044311344316753,-6.3471921566069405
2024-05-28,1.3024186807639169,5.034567200587519,-6.3471921566069405
2024-05-29,1.3024186807639169,4.994214562341594,-6.3471921566069405
2024-05-30,1.3024186807639169,4.946691615959303,-6.3471921566069405
2024-05-31,1.3024186807639169,4.9559408408764885,-6.3471921566069405
2024-06-03,1.3024186807639169,5.117218642199665,-6.3471921566069405
2024-06-04,1.3024186807639169,4.813800329902889,-6.3471921566069405
2024-06-05,1.3300741374894764,4.975660691911081,-4.358575736408666
2024-06-06,1.34189590192197,5.019884609163405,-3.5085100477648234
2024-06-07,1.3694583517830365,5.122992695006902,-1.5265814570158076
2024-06-10,1.3676384261874186,5.116184554022061,-1.6574465502558033
2024-06-11,1.366603030125598,5.117427436073499,-1.7318986061512387
2024-06-12,1.366603030125598,5.130207253696776,-1.7318986061512387
2024-06-13,1.366603030125598,5.146913770922593,-1.7318986061512387
2024-06-14,1.366603030125598,5.161585192304074,-1.7318986061512387
2024-06-18,1.366603030125598,5.181888033640706,-1.7318986061512387
2024-06-19,1.366603030125598,5.17267145961737,-1.7318986061512387
2024-06-20,1.366603030125598,5.183889619357142,-1.7318986061512387
2024-06-21,1.366603030125598,5.16939391133862,-1.7318986061512387
2024-06-24,1.366603030125598,5.17747758526875,-1.7318986061512387
2024-06-25,1.366603030125598,5.2178302235146745,-1.7318986061512387
2024-06-26,1.366603030125598,5.2502749011934275,-1.7318986061512387
2024-06-27,1.366603030125598,5.2889223894697155,-1.7318986061512387
2024-06-28,1.366603030125598,5.281465526778109,-1.7318986061512387
2024-07-01,1.366603030125598,5.31035770128253,-1.7318986061512387
2024-07-02,1.366603030125598,5.306376440317898,-1.7318986061512387
2024-07-03,1.366603030125598,5.342153657254518,-1.7318986061512387
2024-07-04,1.366603030125598,5.345596178470617,-1.7318986061512387
2024-07-05,1.366603030125598,5.350369223611122,-1.7318986061512387
2024-07-08,1.366603030125598,5.349643600456998,-1.7318986061512387
2024-07-09,1.366603030125598,5.374422191953288,-1.7318986061512387
2024-07-10,1.366603030125598,5.350501116037597,-1.7318986061512387
2024-07-11,1.366603030125598,5.348631422747634,-1.7318986061512387
2024-07-12,1.366603030125598,5.389588961763841,-1.7318986061512387
2024-07-15,1.366603030125598,5.408186653130837,-1.7318986061512387
2024-07-16,1.366603030125598,5.413971875980707,-1.7318986061512387
2024-07-18,1.366603030125598,5.455292011765463,-1.7318986061512387
2024-07-19,1.366603030125598,5.395912924362243,-1.7318986061512387
2024-07-22,1.366603030125598,5.391150619647346,-1.7318986061512387
2024-07-23,1.366603030125598,5.384507881216879,-1.7318986061512387
2024-07-24,1.366603030125598,5.3700890746457155,-1.7318986061512387
2024-07-25,1.366603030125598,5.368461255740462,-1.7318986061512387
2024-07-26,1.366603030125598,5.462770784925312,-1.7318986061512387
2024-07-29,1.366603030125598,5.463045739820895,-1.7318986061512387
2024-07-30,1.366603030125598,5.467709232620192,-1.7318986061512387
2024-07-31,1.366603030125598,5.488352760257133,-1.7318986061512387
2024-08-01,1.366603030125598,5.501495604265983,-1.7318986061512387
2024-08-02,1.366603030125598,5.437001926187901,-1.7318986061512387
2024-08-05,1.366603030125598,5.291363903019086,-1.7318986061512387
2024-08-06,1.3540900503833428,5.277495435856111,-2.6316674014378205
2024-08-07,1.3713007549368683,5.344573260335646,-1.3941000736601428
2024-08-08,1.3611137074518964,5.30486977341351,-2.126618437142158
2024-08-09,1.3752514104712066,5.359970734488274,-1.110020929927491
2024-08-12,1.3727191813685364,5.355461474200719,-1.2921055153764072
2024-08-13,1.3727191813685364,5.309708979575765,-1.2921055153764072
2024-08-14,1.3727191813685364,5.310753808178979,-1.2921055153764072
2024-08-16,1.3727191813685364,5.3981675545060215,-1.2921055153764072
2024-08-19,1.3727191813685364,5.405096417874704,-1.2921055153764072
2024-08-20,1.3727191813685364,5.432855692285919,-1.2921055153764072
2024-08-21,1.3727191813685364,5.448550031802371,-1.2921055153764072
2024-08-22,1.3727191813685364,5.457634713399233,-1.2921055153764072
2024-08-23,1.3727191813685364,5.460197378949467,-1.2921055153764072
2024-08-26,1.3727191813685364,5.501429443244233,-1.2921055153764072
2024-08-27,1.3727191813685364,5.50300227117037,-1.2921055153764072
2024-08-28,1.3727191813685364,5.510612936756693,-1.2921055153764072
2024-08-29,1.3727191813685364,5.532521256913315,-1.2921055153764072
2024-08-30,1.3727191813685364,5.55098748547086,-1.2921055153764072
2024-09-02,1.3727191813685364,5.560401683325396,-1.2921055153764072
2024-09-03,1.3727191813685364,5.560654727752737,-1.2921055153764072
2024-09-04,1.3727191813685364,5.542804570008106,-1.2921055153764072
2024-09-05,1.3727191813685364,5.531014590008927,-1.2921055153764072
2024-09-06,1.3727191813685364,5.466576332526985,-1.2921055153764072
2024-09-09,1.3727191813685364,5.485108292489255,-1.2921055153764072
2024-09-10,1.3727191813685364,5.508138342696449,-1.2921055153764072
2024-09-11,1.3727191813685364,5.481159682418474,-1.2921055153764072
2024-09-12,1.3727191813685364,5.584641964690176,-1.2921055153764072
2024-09-13,1.3727191813685364,5.577515047873269,-1.2921055153764072
2024-09-16,1.3727191813685364,5.583509064596971,-1.2921055153764072
2024-09-17,1.3727191813685364,5.591163980736802,-1.2921055153764072
2024-09-18,1.3727191813685364,5.582145460161691,-1.2921055153764072
2024-09-19,1.3727191813685364,5.59055907996652,-1.2921055153764072
2024-09-20,1.3727191813685364,5.673078199535167,-1.2921055153764072
2024-09-23,1.3727191813685364,5.70565519925742,-1.2921055153764072
2024-09-24,1.3727191813685364,5.705952064621244,-1.2921055153764072
2024-09-25,1.3727191813685364,5.7199747642959595,-1.2921055153764072
2024-09-26,1.3727191813685364,5.7665852041185355,-1.2921055153764072
2024-09-27,1.3727191813685364,5.758424199124023,-1.2921055153764072
2024-09-30,1.3727191813685364,5.6774555673962475,-1.2921055153764072
2024-10-01,1.3727191813685364,5.674387242608355,-1.2921055153764072
2024-10-03,1.3727191813685364,5.554110801237869,-1.2921055153764072
2024-10-04,1.362226539229911,5.502309298910096,-2.046598223820817
2024-10-07,1.350308589286831,5.45417028171489,-2.9035803083005907
2024-10-08,1.362147618748543,5.50199052307803,-2.0522731460141386
2024-10-09,1.360448488438767,5.495127391114072,-2.1744522323191684
2024-10-10,1.3599865847301082,5.498756795735763,-2.2076662670286518
2024-10-11,1.3599865847301082,5.491234201639431,-2.2076662670286518
2024-10-14,1.3599865847301082,5.527242122918126,-2.2076662670286518
2024-10-15,1.3599865847301082,5.511712756339022,-2.2076662670286518
2024-10-16,1.3599865847301082,5.492785119097326,-2.2076662670286518
2024-10-17,1.3599865847301082,5.444073852025689,-2.2076662670286518
2024-10-18,1.3599865847301082,5.4669943498916735,-2.2076662670286518
2024-10-21,1.3599865847301082,5.450947724415255,-2.2076662670286518
2024-10-22,1.3599865847301082,5.382978874227223,-2.2076662670286518
2024-10-23,1.3599865847301082,5.374928280807968,-2.2076662670286518
2024-10-24,1.3599865847301082,5.366987669346946,-2.2076662670286518
2024-10-25,1.3599865847301082,5.318903643130856,-2.2076662670286518
2024-10-28,1.3599865847301082,5.353734843379862,-2.2076662670286518
2024-10-29,1.3599865847301082,5.381824063665776,-2.2076662670286518
2024-10-30,1.3599865847301082,5.354108610191044,-2.2076662670286518
2024-10-31,1.3599865847301082,5.324303499509884,-2.2076662670286518
2024-11-01,1.3599865847301082,5.346079927240029,-2.2076662670286518
2024-11-04,1.3599865847301082,5.278111077051997,-2.2076662670286518
2024-11-05,1.3599865847301082,5.326052470416003,-2.2076662670286518
2024-11-06,1.3599865847301082,5.385607700799206,-2.2076662670286518
2024-11-07,1.3599865847301082,5.322983716011086,-2.2076662670286518
2024-11-08,1.3599865847301082,5.311732475760439,-2.2076662670286518
2024-11-11,1.3599865847301082,5.310215068430442,-2.2076662670286518
2024-11-12,1.3599865847301082,5.2534970288760325,-2.2076662670286518
2024-11-13,1.3599865847301082,5.1821410780680415,-2.2076662670286518
2024-11-14,1.3599865847301082,5.17634468517554,-2.2076662670286518
2024-11-18,1.3599865847301082,5.158989875859982,-2.2076662670286518
2024-11-19,1.3599865847301082,5.173221369408531,-2.2076662670286518
2024-11-21,1.3599865847301082,5.136135539015748,-2.2076662670286518
2024-11-22,1.3599865847301082,5.258732341934738,-2.2076662670286518
2024-11-25,1.3599865847301082,5.327944074174208,-2.2076662670286518
2024-11-26,1.3599865847301082,5.321916976939631,-2.2076662670286518
2024-11-27,1.3599865847301082,5.339602161746913,-2.2076662670286518
2024-11-28,1.3599865847301082,5.260250178881758,-2.2076662670286518
2024-11-29,1.3599865847301082,5.3079711787122745,-2.2076662670286518
2024-12-02,1.3599865847301082,5.339855206174254,-2.2076662670286518
2024-12-03,1.3599865847301082,5.379690585522863,-2.2076662670286518
2024-12-04,1.3599865847301082,5.38195595609225,-2.2076662670286518
2024-12-05,1.3599865847301082,5.434956519534977,-2.2076662670286518
2024-12-06,1.3599865847301082,5.428225709614519,-2.2076662670286518
2024-12-09,1.3599865847301082,5.4152916594795,-2.2076662670286518
2024-12-10,1.3599865847301082,5.413323154273938,-2.2076662670286518
2024-12-11,1.3599865847301082,5.420307008621736,-2.2076662670286518
2024-12-12,1.3599865847301082,5.399828024305121,-2.2076662670286518
2024-12-13,1.3599865847301082,5.448132444054701,-2.2076662670286518
2024-12-16,1.3599865847301082,5.426124882365455,-2.2076662670286518
2024-12-17,1.3599865847301082,5.3530418711195855,-2.2076662670286518
2024-12-18,1.3599865847301082,5.322873734052852,-2.2076662670286518
2024-12-19,1.3599865847301082,5.268509566174845,-2.2076662670286518
2024-12-20,1.3599865847301082,5.1883988796446925,-2.2076662670286518
2024-12-23,1.3599865847301082,5.224901719735436,-2.2076662670286518
2024-12-24,1.3599865847301082,5.219226908460825,-2.2076662670286518
2024-12-26,1.3599865847301082,5.224186837006921,-2.2076662670286518
2024-12-27,1.3599865847301082,5.238088814297796,-2.2076662670286518
2024-12-30,1.3599865847301082,5.201024894373254,-2.2076662670286518
2024-12-31,1.3599865847301082,5.2010029839050125,-2.2076662670286518
2025-01-01,1.3599865847301082,5.222581358186934,-2.2076662670286518
2025-01-02,1.3599865847301082,5.320630273951709,-2.2076662670286518
2025-01-03,1.3599865847301082,5.280178823790184,-2.2076662670286518
2025-01-06,1.3599865847301082,5.194679021306611,-2.2076662670286518
2025-01-07,1.3599865847301082,5.214882621110619,-2.2076662670286518
2025-01-08,1.3599865847301082,5.210714047123371,-2.2076662670286518
2025-01-09,1.3599865847301082,5.174981080740259,-2.2076662670286518
2025-01-10,1.3599865847301082,5.154084508675977,-2.2076662670286518
2025-01-13,1.3599865847301082,5.078075805494298,-2.2076662670286518
2025-01-14,1.3599865847301082,5.097894898061516,-2.2076662670286518
2025-01-15,1.3599865847301082,5.1060662138646125,-2.2076662670286518
2025-01-16,1.3599865847301082,5.127754999721792,-2.2076662670286518
2025-01-17,1.3599865847301082,5.103866574699952,-2.2076662670286518
2025-01-20,1.3599865847301082,5.135002638922542,-2.2076662670286518
2025-01-21,1.3599865847301082,5.064592275185141,-2.2076662670286518
2025-01-22,1.3599865847301082,5.093341387220453,-2.2076662670286518
2025-01-23,1.3599865847301082,5.104339583043759,-2.2076662670286518
2025-01-24,1.3599865847301082,5.079450579972212,-2.2076662670286518
2025-01-27,1.3599865847301082,5.021589329516013,-2.2076662670286518
2025-01-28,1.3599865847301082,5.049766621291919,-2.2076662670286518
2025-01-29,1.3599865847301082,5.095046107573066,-2.2076662670286518
2025-01-30,1.3599865847301082,5.114051075879144,-2.2076662670286518
2025-01-31,1.3599865847301082,5.170999819775628,-2.2076662670286518
2025-02-01,1.3599865847301082,5.165225766968392,-2.2076662670286518
2025-02-03,1.3599865847301082,5.1385882226077495,-2.2076662670286518
2025-02-04,1.3599865847301082,5.221778403968428,-2.2076662670286518
2025-02-05,1.3599865847301082,5.212331125603018,-2.2076662670286518
2025-02-06,1.3599865847301082,5.191885221797277,-2.2076662670286518
2025-02-07,1.3599865847301082,5.1823387018992415,-2.2076662670286518
2025-02-10,1.3599865847301082,5.143108223320913,-2.2076662670286518
2025-02-11,1.3599865847301082,5.074963659769923,-2.2076662670286518
2025-02-12,1.3599865847301082,5.069123445940938,-2.2076662670286518
2025-02-13,1.3599865847301082,5.066077031621287,-2.2076662670286518
2025-02-14,1.3599865847301082,5.043607631630867,-2.2076662670286518
2025-02-17,1.3599865847301082,5.050261540103968,-2.2076662670286518
2025-02-18,1.3599865847301082,5.047138224336958,-2.2076662670286518
2025-02-19,1.3599865847301082,5.0444105858493735,-2.2076662670286518
2025-02-20,1.3599865847301082,5.040066298499168,-2.2076662670286518
2025-02-21,1.3599865847301082,5.014275529293515,-2.2076662670286518
2025-02-24,1.3599865847301082,4.960923109507847,-2.2076662670286518
2025-02-25,1.3599865847301082,4.959647576562558,-2.2076662670286518
2025-02-27,1.3599865847301082,4.959097666771393,-2.2076662670286518
2025-02-28,1.3599865847301082,4.866635490791238,-2.2076662670286518
2025-03-03,1.3599865847301082,4.865448029335941,-2.2076662670286518
2025-03-04,1.3599865847301082,4.8573862658740525,-2.2076662670286518
2025-03-05,1.3599865847301082,4.913400163125556,-2.2076662670286518
2025-03-06,1.3599865847301082,4.95902033570701,-2.2076662670286518
2025-03-07,1.3599865847301082,4.960736226102256,-2.2076662670286518
2025-03-10,1.3599865847301082,4.940455724850889,-2.2076662670286518
2025-03-11,1.3599865847301082,4.94872628218661,-2.2076662670286518
2025-03-12,1.3599865847301082,4.942699184952033,-2.2076662670286518
2025-03-13,1.3599865847301082,4.926575658028257,-2.2076662670286518
2025-03-17,1.3599865847301082,4.951112804756863,-2.2076662670286518
2025-03-18,1.3599865847301082,5.0227222296092195,-2.2076662670286518
2025-03-19,1.3599865847301082,5.038845326915972,-2.2076662670286518
2025-03-20,1.3599865847301082,5.101106285318518,-2.2076662670286518
2025-03-21,1.3599865847301082,5.136245520973981,-2.2076662670286518
2025-03-24,1.3599865847301082,5.203983237202914,-2.2076662670286518
2025-03-25,1.3599865847301082,5.206249037389325,-2.2076662670286518
2025-03-26,1.3599865847301082,5.166259425528974,-2.2076662670286518
2025-03-27,1.3599865847301082,5.189377547226158,-2.2076662670286518
2025-03-28,1.3599865847301082,5.173408252814122,-2.2076662670286518
2025-04-01,1.3599865847301082,5.095617927832472,-2.2076662670286518
2025-04-02,1.3599865847301082,5.132275000434957,-2.2076662670286518
2025-04-03,1.3599865847301082,5.114182968305618,-2.2076662670286518
2025-04-04,1.3599865847301082,5.038152354655698,-2.2076662670286518
2025-04-07,1.3599865847301082,4.8747522452322425,-2.2076662670286518
2025-04-08,1.3640248973848983,4.9570737409696894,-1.917283977019757
2025-04-09,1.3557509187659382,4.9270048454355795,-2.51223960929563
2025-04-11,1.3817411891090472,5.021457437089538,-0.6433614749514982
2025-04-15,1.4120046342648371,5.1314393953226,0.0
2025-04-16,1.4171687816896594,5.155338131153024,0.0
2025-04-17,1.4171687816896594,5.246502434102624,0.0
2025-04-21,1.4171687816896594,5.3067506367460995,0.0
2025-04-22,1.4171687816896594,5.315922960215927,0.0
2025-04-23,1.4171687816896594,5.351490953661689,0.0
2025-04-24,1.4171687816896594,5.333398921532351,0.0
2025-04-25,1.4171687816896594,5.287789489376505,0.0
2025-04-28,1.4171687816896594,5.351392141746089,0.0
2025-04-29,1.4171687816896594,5.3530307010769524,0.0
2025-04-30,1.4171687816896594,5.352645764223137,0.0
2025-05-02,1.4171687816896594,5.355395313178963,0.0
2025-05-05,1.4171687816896594,5.380570441188726,0.0
2025-05-06,1.4171687816896594,5.362632211954104,0.0
2025-05-07,1.4171687816896594,5.370287128093935,0.0
2025-05-08,1.4171687816896594,5.339360287362203,0.0
2025-05-09,1.4171687816896594,5.280893706518697,0.0
2025-05-12,1.4171687816896594,5.482534456896382,0.0
2025-05-13,1.4171687816896594,5.406350040351745,0.0
2025-05-14,1.4171687816896594,5.42582801700163,0.0
2025-05-15,1.4171687816896594,5.512757584942233,0.0
2025-05-16,1.4171687816896594,5.50345336904593,0.0
2025-05-19,1.4171687816896594,5.487098708163054,0.0
2025-05-20,1.4171687816896594,5.429567403581554,0.0
2025-05-21,1.4171687816896594,5.458063471189526,0.0
2025-05-22,1.4171687816896594,5.413245823209553,0.0
2025-05-23,1.4171687816896594,5.466796296443445,0.0
2025-05-26,1.4171687816896594,5.4993509560804315,0.0
2025-05-27,1.4171687816896594,5.460868011124469,0.0
2025-05-28,1.4171687816896594,5.444645672285092,0.0
2025-05-29,1.4171687816896594,5.462495830029723,0.0
2025-05-30,1.4171687816896594,5.444260735431277,0.0
2025-06-02,1.4171687816896594,5.436760051803187,0.0
2025-06-03,1.4171687816896594,5.39846441986984,0.0
2025-06-04,1.4171687816896594,5.4155554443324485,0.0
2025-06-05,1.4171687816896594,5.444304985984786,0.0
2025-06-06,1.4171687816896594,5.499768973445124,0.0
2025-06-09,1.4171687816896594,5.521798015985587,0.0
2025-06-10,1.4171687816896594,5.522029149944686,0.0
2025-06-11,1.4171687816896594,5.530200895364807,0.0
2025-06-12,1.4171687816896594,5.47450577394537,0.0
2025-06-13,1.4171687816896594,5.43719997963612,0.0
2025-06-16,1.4171687816896594,5.487329842122154,0.0
2025-06-17,1.4171687816896594,5.466851287422562,0.0
2025-06-18,1.4171687816896594,5.4577558654000935,0.0
2025-06-19,1.4171687816896594,5.45362037192372,0.0
2025-06-20,1.4171687816896594,5.523821941787288,0.0
2025-06-23,1.4171687816896594,5.492917011523798,0.0
2025-06-24,1.4171687816896594,5.508853225424959,0.0
2025-06-25,1.4171687816896594,5.552934080208176,0.0
2025-06-26,1.4171687816896594,5.619858101792994,0.0
2025-06-27,1.4171687816896594,5.639391069421996,0.0
2025-06-30,1.4171687816896594,5.612830426508712,0.0
2025-07-01,1.4171687816896594,5.618274533441248,0.0
2025-07-02,1.4171687816896594,5.598829637302238,0.0
2025-07-03,1.4171687816896594,5.588249458843623,0.0
2025-07-04,1.4171687816896594,5.600501277143977,0.0
2025-07-07,1.4171687816896594,5.600567438165726,0.0
2025-07-08,1.4171687816896594,5.6140290580066425,0.0
2025-07-09,1.4171687816896594,5.60382264635921,0.0
2025-07-10,1.4171687816896594,5.577240092977684,0.0
2025-07-11,1.4171687816896594,5.532059418612137,0.0
2025-07-14,1.4171687816896594,5.517201113825065,0.0
2025-07-15,1.4171687816896594,5.54216701834397,0.0
2025-07-16,1.4171687816896594,5.545741431986544,0.0
2025-07-17,1.4171687816896594,5.523612718296432,0.0
2025-07-18,1.4171687816896594,5.492147137816168,0.0
2025-07-21,1.4171687816896594,5.51904846702976,0.0
2025-07-22,1.4171687816896594,5.512493800089285,0.0
2025-07-23,1.4171687816896594,5.547468062807398,0.0
2025-07-24,1.4171687816896594,5.512757584942234,0.0
2025-07-25,1.4171687816896594,5.463243793269115,0.0
2025-07-28,1.4171687816896594,5.428907511832158,0.0
2025-07-29,1.4171687816896594,5.459746281073898,0.0
2025-07-30,1.4171687816896594,5.467214313808137,0.0
2025-07-31,1.4171687816896594,5.448143184480309,0.0
2025-08-01,1.4171687816896594,5.403490509437686,0.0
2025-08-04,1.4171687816896594,5.43811291581286,0.0
2025-08-05,1.4171687816896594,5.422011728974349,0.0
2025-08-06,1.4171687816896594,5.4054371041750064,0.0
2025-08-07,1.4171687816896594,5.410265569911653,0.0
2025-08-08,1.4171687816896594,5.359047057885921,0.0
2025-08-11,1.4171687816896594,5.4078240563622835,0.0
2025-08-12,1.4171687816896594,5.386344493995962,0.0
2025-08-13,1.4171687816896594,5.415368560926857,0.0
2025-08-14,1.4171687816896594,5.417997387498842,0.0
2025-08-18,1.4171687816896594,5.472031179885126,0.0
2025-08-19,1.4171687816896594,5.494841695792878,0.0
2025-08-20,1.4171687816896594,5.510217259477265,0.0
2025-08-21,1.4171687816896594,5.517519889657131,0.0
2025-08-22,1.4171687816896594,5.470524512980739,0.0
2025-08-25,1.4171687816896594,5.492004075347061,0.0
2025-08-26,1.4171687816896594,5.435759473753483,0.0
2025-08-28,1.4171687816896594,5.389314006868256,0.0
2025-08-29,1.4171687816896594,5.37302550700713,0.0
2025-09-01,1.4171687816896594,5.41662261302093,0.0
2025-09-02,1.4171687816896594,5.406624995247331,0.0
2025-09-03,1.4171687816896594,5.436419365502881,0.0
2025-09-04,1.4171687816896594,5.4406536708948545,0.0
2025-09-05,1.4171687816896594,5.442127257288368,0.0
2025-09-08,1.4171687816896594,5.449199183126159,0.0
2025-09-09,1.4171687816896594,5.470194567106041,0.0
2025-09-10,1.4171687816896594,5.49318079637675,0.0
2025-09-11,1.4171687816896594,5.500307713193657,0.0
2025-09-12,1.4171687816896594,5.524173798130232,0.0
2025-09-15,1.4171687816896594,5.51431924282574,0.0
2025-09-16,1.4171687816896594,5.551691198156739,0.0
2025-09-17,1.4171687816896594,5.571740995066031,0.0
2025-09-18,1.4171687816896594,5.592274540744738,0.0
2025-09-19,1.4171687816896594,5.571037282380148,0.0
2025-09-22,1.4171687816896594,5.543607524226608,0.0
2025-09-23,1.4171687816896594,5.5363817954941,0.0
2025-09-24,1.4171687816896594,5.51161394442342,0.0
2025-09-25,1.4171687816896594,5.475088764247411,0.0
2025-09-26,1.4171687816896594,5.4231441994505305,0.0
2025-09-29,1.4171687816896594,5.418789171674716,0.0
2025-09-30,1.4171687816896594,5.413553858616012,0.0
2025-10-01,1.4171687816896594,5.463089990374399,0.0
2025-10-03,1.4171687816896594,5.475836727486801,0.0
2025-10-06,1.4171687816896594,5.5161781956900935,0.0
2025-10-07,1.4171687816896594,5.522920175653185,0.0
2025-10-08,1.4171687816896594,5.509249332321411,0.0
2025-10-09,1.4171687816896594,5.539087523513445,0.0
2025-10-10,1.4171687816896594,5.561864529293298,0.0
2025-10-13,1.4171687816896594,5.549106622138263,0.0
2025-10-14,1.4171687816896594,5.531102661498915,0.0
2025-10-15,1.4171687816896594,5.570267408672518,0.0
2025-10-16,1.4171687816896594,5.627842963807526,0.0
2025-10-17,1.4171687816896594,5.655239211833167,0.0
2025-10-20,1.4171687816896594,5.684560573744911,0.0
2025-10-21,1.4171687816896594,5.690158483572164,0.0
2025-10-23,1.4171687816896594,5.695173832714402,0.0
2025-10-24,1.4171687816896594,5.674002305754537,0.0
2025-10-27,1.4171687816896594,5.711594225002002,0.0
2025-10-28,1.4171687816896594,5.705027958401868,0.0
2025-10-29,1.4171687816896594,5.730917969140145,0.0
2025-10-30,1.4171687816896594,5.692193149799474,0.0
2025-10-31,1.4171687816896594,5.657933769809875,0.0
2025-11-03,1.4171687816896594,5.6670072813641035,0.0
2025-11-04,1.4171687816896594,5.630559432252476,0.0
2025-11-06,1.4171687816896594,5.611213348029066,0.0
2025-11-07,1.4171687816896594,5.607386319576175,0.0
2025-11-10,1.4171687816896594,5.625434101152006,0.0
2025-11-11,1.4171687816896594,5.651961663554416,0.0
2025-11-12,1.4171687816896594,5.691742481540934,0.0
2025-11-13,1.4171687816896594,5.69247927473769,0.0
2025-11-14,1.4171687816896594,5.699276245679897,0.0
2025-11-17,1.4171687816896594,5.722020170948875,0.0
2025-11-18,1.4171687816896594,5.699276245679897,0.0
2025-11-19,1.4171687816896594,5.730643014244562,0.0
2025-11-20,1.4171687816896594,5.761327980591586,0.0
2025-11-21,1.4171687816896594,5.734052454949787,0.0
2025-11-24,1.4171687816896594,5.710153289502339,0.0
2025-11-25,1.4171687816896594,5.6937221567891285,0.0
2025-11-26,1.4171687816896594,5.76422059201652,0.0
2025-11-27,1.4171687816896594,5.766475222160298,0.0
2025-11-28,1.4171687816896594,5.763703333119206,0.0
2025-12-01,1.4171687816896594,5.757720486438137,0.0
2025-12-02,1.4171687816896594,5.7261444943826145,0.0
2025-12-03,1.4171687816896594,5.715982333288689,0.0
2025-12-04,1.4171687816896594,5.726485610299947,0.0
2025-12-05,1.4171687816896594,5.760073928497515,0.0
2025-12-08,1.4171687816896594,5.710384423461437,0.0
2025-12-09,1.4171687816896594,5.683790700037277,0.0
2025-12-10,1.4171687816896594,5.665830560334413,0.0
2025-12-11,1.4171687816896594,5.696746660640537,0.0
2025-12-12,1.4171687816896594,5.72938896215049,0.0
2025-12-15,1.4171687816896594,5.72506701488555,0.0
2025-12-16,1.4171687816896594,5.688288790282199,0.0
2025-12-17,1.4171687816896594,5.679149547323246,0.0
2025-12-18,1.4171687816896594,5.6784896555738475,0.0
2025-12-19,1.4171687816896594,5.711671126449358,0.0
2025-12-22,1.4171687816896594,5.756983693241379,0.0
2025-12-23,1.4171687816896594,5.758028521844593,0.0
2025-12-24,1.4171687816896594,5.7503186147256455,0.0
2025-12-26,1.4171687816896594,5.728366473632541,0.0
2025-12-29,1.4171687816896594,5.70632583143242,0.0
2025-12-30,1.4171687816896594,5.705610948703906,0.0
2025-12-31,1.4171687816896594,5.747569065769818,0.0
2026-01-01,1.4171687816896594,5.751297711924133,0.0
2026-01-02,1.4171687816896594,5.791331144720967,0.0
2026-01-05,1.4171687816896594,5.774118968257493,0.0
2026-01-06,1.4171687816896594,5.7583692081449,0.0
2026-01-07,1.4171687816896594,5.75002174936182,0.0
2026-01-08,1.4171687816896594,5.691973185883005,0.0
2026-01-09,1.4171687816896594,5.649399427621201,0.0
2026-01-12,1.4171687816896594,5.672924396640443,0.0
2026-01-13,1.4171687816896594,5.660177659528041,0.0
2026-01-14,1.4171687816896594,5.645505808529536,0.0
2026-01-16,1.4171687816896594,5.651829771127937,0.0
2026-01-19,1.4171687816896594,5.627886784744004,0.0
2026-01-20,1.4171687816896594,5.550239522231462,0.0
2026-01-21,1.4171687816896594,5.533742228496503,0.0
2026-01-22,1.4171687816896594,5.562865536960023,0.0
2026-01-23,1.4171687816896594,5.50979924211257,0.0
2026-01-27,1.4171687816896594,5.537679668524651,0.0
2026-01-28,1.4171687816896594,5.574490544021852,0.0
2026-01-29,1.4171687816896594,5.591240882184152,0.0
2026-01-30,1.4171687816896594,5.569629427391356,0.0
2026-02-02,1.4171687816896594,5.518542807792099,0.0
2026-02-03,1.4171687816896594,5.659132830924827,0.0
2026-02-04,1.4171687816896594,5.669789910830801,0.0
2026-02-05,1.4171687816896594,5.640490889004323,0.0
2026-02-06,1.4171687816896594,5.651686708658829,0.0
2026-02-09,1.4171687816896594,5.689872788250968,0.0
2026-02-10,1.4171687816896594,5.704797254059789,0.0
2026-02-11,1.4171687816896594,5.7089104074508965,0.0
2026-02-12,1.4171687816896594,5.676652613177734,0.0
2026-02-13,1.4171687816896594,5.6027228267768745,0.0
2026-02-16,1.4171687816896594,5.649278275620335,0.0
2026-02-17,1.4171687816896594,5.658659822581021,0.0
2026-02-18,1.4171687816896594,5.679325260686204,0.0
2026-02-19,1.4171687816896594,5.599038431176068,0.0
2026-02-20,1.4171687816896594,5.6247522989343635,0.0
2026-02-23,1.4171687816896594,5.6559321840934365,0.0
2026-02-24,1.4171687816896594,5.592505674703834,0.0
2026-02-25,1.4171687816896594,5.605230501347995,0.0
2026-02-26,1.4171687816896594,5.608321166221154,0.0
2026-02-27,1.4171687816896594,5.538394551253169,0.0
2026-03-02,1.4171687816896594,5.469556585824881,0.0
2026-03-04,1.4171687816896594,5.38482665704894,0.0
2026-03-05,1.4171687816896594,5.447604444731777,0.0
2026-03-06,1.4171687816896594,5.378216569512324,0.0
2026-03-09,1.4171687816896594,5.285304154890652,0.0
2026-03-10,1.4171687816896594,5.336676469811101,0.0
2026-03-11,1.4171687816896594,5.249845713786098,0.0
2026-03-12,1.4171687816896594,5.199760101853572,0.0
2026-03-13,1.4171687816896594,5.09240654057547,0.0
2026-03-16,1.4336961178268273,5.149091499619005,0.0
2026-03-17,1.4442518471945542,5.187002194698537,0.0
2026-03-18,1.4562959029427673,5.230258184795004,0.0
2026-03-19,1.4087903957524694,5.059643087064651,-3.2620779262169552
2026-03-20,1.414262572916974,5.084355947156215,-2.8863179482175094
2026-03-23,1.414262572916974,4.951970749954484,-2.8863179482175094
2026-03-24,1.414262572916974,5.039901325561817,-2.8863179482175094
2026-03-25,1.414262572916974,5.126577849075078,-2.8863179482175094
2026-03-27,1.414262572916974,5.019488502266951,-2.8863179482175094
2026-03-30,1.414262572916974,4.912102290094999,-2.8863179482175094
2026-04-01,1.414262572916974,4.988649733025209,-2.8863179482175094
2026-04-02,1.414262572916974,4.996062345163308,-2.8863179482175094
2026-04-06,1.414262572916974,5.052186224373044,-2.8863179482175094
2026-04-07,1.414262572916974,5.086368702915285,-2.8863179482175094
2026-04-08,1.414262572916974,5.278551004884928,-2.8863179482175094
2026-04-09,1.414262572916974,5.229664024450332,-2.8863179482175094
2026-04-10,1.414262572916974,5.29026408343675,-2.8863179482175094
2026-04-13,1.414262572916974,5.244522758854429,-2.8863179482175094
2026-04-15,1.414262572916974,5.330011820912393,-2.8863179482175094
2026-04-16,1.414262572916974,5.322411895751679,-2.8863179482175094
2026-04-17,1.414262572916974,5.356902409700377,-2.8863179482175094
2026-04-20,1.414262572916974,5.359387744186229,-2.8863179482175094
2026-04-21,1.414262572916974,5.40596510349793,-2.8863179482175094
2026-04-22,1.414262572916974,5.362302266079404,-2.8863179482175094
2026-04-23,1.414262572916974,5.317198922778241,-2.8863179482175094
2026-04-24,1.414262572916974,5.25668650566479,-2.8863179482175094
2026-04-27,1.414262572916974,5.299524478396568,-2.8863179482175094
2026-04-28,1.414262572916974,5.2781879784993535,-2.8863179482175094
2026-04-29,1.414262572916974,5.318210670870579,-2.8863179482175094
2026-04-30,1.414262572916974,5.278595255438435,-2.8863179482175094
2026-05-04,1.414262572916974,5.305375862268186,-2.8863179482175094
2026-05-05,1.414262572916974,5.286348983493867,-2.8863179482175094
2026-05-06,1.414262572916974,5.351930881494622,-2.8863179482175094
2026-05-07,1.414262572916974,5.3509852944240315,-2.8863179482175094
2026-05-08,1.414262572916974,5.31788072499588,-2.8863179482175094
2026-05-11,1.414262572916974,5.238627554046326,-2.8863179482175094
2026-05-12,1.414262572916974,5.142657555062371,-2.8863179482175094
2026-05-13,1.414262572916974,5.149927104731361,-2.8863179482175094
2026-05-14,1.414262572916974,5.210857109592477,-2.8863179482175094
2026-05-15,1.414262572916974,5.200716858966794,-2.8863179482175094
2026-05-18,1.414262572916974,5.202135454381191,-2.8863179482175094
2026-05-19,1.414262572916974,5.195107779096908,-2.8863179482175094
2026-05-20,1.414262572916974,5.204126299672019,-2.8863179482175094
2026-05-21,1.414262572916974,5.203180282984405,-2.8863179482175094
2026-05-22,1.414262572916974,5.217390295681737,-2.8863179482175094
2026-05-25,1.414262572916974,5.286106679492135,-2.8863179482175094
2026-05-26,1.414262572916974,5.260150937349132,-2.8863179482175094
2026-05-27,1.414262572916974,5.258710431466493,-2.8863179482175094
2026-05-29,1.414262572916974,5.1796553139651635,-2.8863179482175094
2026-06-01,1.414262572916974,5.143328187237378,-2.8863179482175094
2026-06-02,1.414262572916974,5.165533802374847,-2.8863179482175094
2026-06-03,1.414262572916974,5.148387357316098,-2.8863179482175094
2026-06-04,1.414262572916974,5.150796219971617,-2.8863179482175094
2026-06-05,1.414262572916974,5.139830675042161,-2.8863179482175094
2026-06-08,1.414262572916974,5.086225640446176,-2.8863179482175094
2026-06-09,1.414262572916974,5.112423256973885,-2.8863179482175094
2026-06-10,1.414262572916974,5.106451150718425,-2.8863179482175094
2026-06-11,1.414262572916974,5.094716161698362,-2.8863179482175094
2026-06-12,1.414262572916974,5.196185688210995,-2.8863179482175094
2026-06-15,1.414262572916974,5.2469973529146685,-2.8863179482175094
2026-06-16,1.414262572916974,5.276747472616712,-2.8863179482175094
2026-06-17,1.414262572916974,5.297984730981302,-2.8863179482175094
2026-06-18,1.414262572916974,5.316087933153274,-2.8863179482175094
2026-06-19,1.414262572916974,5.282015436569266,-2.8863179482175094
2026-06-22,1.414262572916974,5.301768368114734,-2.8863179482175094
2026-06-23,1.414262572916974,5.240442256357169,-2.8863179482175094
2026-06-24,1.414262572916974,5.283896299901862,-2.8863179482175094
2026-06-25,1.414262572916974,5.2914519745090685,-2.8863179482175094
2026-06-29,1.414262572916974,5.267310934676911,-2.8863179482175094
2026-06-30,1.414262572916974,5.249603839401388,-2.8863179482175094
2026-07-01,1.414262572916974,5.280420698174887,-2.8863179482175094
2026-07-02,1.414262572916974,5.317781483463253,-2.8863179482175094
2026-07-03,1.414262572916974,5.338711136038409,-2.8863179482175094
2026-07-06,1.414262572916974,5.373795380714755,-2.8863179482175094
2026-07-07,1.414262572916974,5.366833436835198,-2.8863179482175094
2026-07-08,1.414262572916974,5.253189423086595,-2.8863179482175094
2026-07-09,1.4148490249362797,5.270951509341234,-2.846047834285259
2026-07-10,1.429261534453188,5.32464461542721,-1.856378805636294
2026-07-13,1.4295035899783242,5.325546381561316,-1.8397574909263525
2026-07-14,1.42011866251447,5.290583288885835,-2.4841957156641947
2026-07-15,1.4202601998411855,5.296401162629554,-2.474476720614527
2026-07-16,1.4202601998411855,5.295136370109873,-2.474476720614527
2026-07-17,1.4202601998411855,5.352668104308397,-2.474476720614527
2026-07-20,1.4202601998411855,5.331595389264133,-2.474476720614527
2026-07-21,1.4202601998411855,5.320421050460844,-2.474476720614527
2026-07-22,1.4202601998411855,5.278309130500214,-2.474476720614527
2026-07-23,1.4202601998411855,5.2504506145563745,-2.474476720614527
2026-07-24,1.4202601998411855,5.227981214565955,-2.474476720614527
2026-07-27,1.4202601998411855,5.278242969478464,-2.474476720614527
2026-07-28,1.4202601998411855,5.275911437887328,-2.474476720614527
2026-07-29,1.4202601998411855,5.334168795239975,-2.474476720614527
2026-07-30,1.4202601998411855,5.3488956372175975,-2.474476720614527
2026-07-31,1.4202601998411855,5.363512067619962,-2.474476720614527
2026-08-03,1.4202601998411855,5.449452227553491,-2.474476720614527
2026-08-04,1.4202601998411855,5.414389893345386,-2.474476720614527
2026-08-05,1.4202601998411855,5.416534541530931,-2.474476720614527
2026-08-06,1.4202601998411855,5.419031046059416,-2.474476720614527
2026-08-07,1.4202601998411855,5.404656490041759,-2.474476720614527
2026-08-10,1.4202601998411855,5.407549101466694,-2.474476720614527
2026-08-11,1.4202601998411855,5.382890802737222,-2.474476720614527
2026-08-12,1.4202601998411855,5.375027092723558,-2.474476720614527
2026-08-13,1.4202601998411855,5.366206625596671,-2.474476720614527
2026-08-14,1.4202601998411855,5.359640788613563,-2.474476720614527
2026-08-17,1.4202601998411855,5.342406701681846,-2.474476720614527
2026-08-18,1.4202601998411855,5.313206491770969,-2.474476720614527
2026-08-19,1.4202601998411855,5.296357341693069,-2.474476720614527
2026-08-20,1.4202601998411855,5.330132543296227,-2.474476720614527
2026-08-21,1.4202601998411855,5.3345649021364245,-2.474476720614527
2026-08-24,1.4202601998411855,5.327317262935676,-2.474476720614527
2026-08-25,1.4202601998411855,5.352723095287513,-2.474476720614527
2026-08-26,1.4202601998411855,5.324831498832799,-2.474476720614527
2026-08-27,1.4202601998411855,5.2991176310745045,-2.474476720614527
2026-08-28,1.4202601998411855,5.3177707430376415,-2.474476720614527
2026-08-31,1.4202601998411855,5.296819179994243,-2.474476720614527
2026-09-01,1.4202601998411855,5.291408153572581,-2.474476720614527
2026-09-02,1.4202601998411855,5.260315910286475,-2.474476720614527
2026-09-03,1.4202601998411855,5.251297389711364,-2.474476720614527
2026-09-04,1.4202601998411855,5.256631514685667,-2.474476720614527
2026-09-07,1.4202601998411855,5.230555050158823,-2.474476720614527
2026-09-08,1.4202601998411855,5.198869076145068,-2.474476720614527
2026-09-09,1.4202601998411855,5.15408450867597,-2.474476720614527
2026-09-10,1.4202601998411855,5.164269009855161,-2.474476720614527
2026-09-11,1.4202601998411855,5.1467376279425965,-2.474476720614527
2026-09-15,1.4202601998411855,5.085257713290315,-2.474476720614527
2026-09-16,1.4202601998411855,5.107034141020461,-2.474476720614527
2026-09-17,1.4202601998411855,5.118692228593165,-2.474476720614527
2026-09-18,1.4202601998411855,5.135365665308107,-2.474476720614527
2026-09-21,1.4202601998411855,5.150301301159561,-2.474476720614527
2026-09-23,1.4202601998411855,5.157450128444711,-2.474476720614527
