Date,equity,buy_hold_equity,drawdown_%
2007-09-18,1.0,1.0,0.0
2007-09-19,1.0,1.040946261569318,0.0
2007-09-20,1.0,1.0442896486570494,0.0
2007-09-21,1.0,1.0640864011390008,0.0
2007-09-24,1.0,1.0849060717559245,0.0
2007-09-25,1.0,1.086368810319573,0.0
2007-09-26,1.0,1.086731729300891,0.0
2007-09-27,1.0,1.0999405195229794,0.0
2007-09-28,1.0,1.1045158334280285,0.0
2007-10-01,1.0,1.1149861373326673,0.0
2007-10-03,1.0,1.1461879329599822,0.0
2007-10-04,1.0,1.1457150320204312,0.0
2007-10-05,1.0,1.140699897686706,0.0
2007-10-08,1.0,1.1185385331027438,0.0
2007-10-09,1.0,1.1718027739941645,0.0
2007-10-10,1.0,1.1969226962162984,0.0
2007-10-11,1.0,1.2152676653687222,0.0
2007-10-12,1.0,1.1940191295572433,0.0
2007-10-15,1.0,1.247283370448664,0.0
2007-10-16,1.0,1.2467664337641176,0.0
2007-10-17,1.0,1.2228453578484264,0.0
2007-10-18,1.0,1.177026917010235,0.0
2007-10-19,0.9719401456385897,1.1471777705840793,-2.805985436141034
2007-10-22,0.9661070127669021,1.140292942960392,-3.389298723309786
2007-10-23,1.0191303714739168,1.2040165325223309,0.0
2007-10-24,1.0191303714739168,1.208954658004442,0.0
2007-10-25,1.0191303714739168,1.2249680955657294,0.0
2007-10-26,1.0191303714739168,1.2543001979030821,0.0
2007-10-29,1.0191303714739168,1.2990848727764366,0.0
2007-10-30,1.0191303714739168,1.2909132347605712,0.0
2007-10-31,1.0191303714739168,1.2979300622149892,0.0
2007-11-01,1.0191303714739168,1.2904073607144013,0.0
2007-11-02,1.0191303714739168,1.3049139165627888,0.0
2007-11-05,1.0191303714739168,1.2861949657906704,0.0
2007-11-06,1.0191303714739168,1.2728212026312324,0.0
2007-11-07,1.0191303714739168,1.2719083738587493,0.0
2007-11-08,1.0191303714739168,1.25351936896133,0.0
2007-11-12,1.0191303714739168,1.2355593366627222,0.0
2007-11-13,1.0191303714739168,1.2527824683603173,0.0
2007-11-14,1.0191303714739168,1.3061237181033525,0.0
2007-11-15,1.0191303714739168,1.300448692020229,0.0
2007-11-16,1.0191303714739168,1.2992938814587818,0.0
2007-11-19,1.0191303714739168,1.2994698096302524,0.0
2007-11-20,1.0191303714739168,1.271589383218171,0.0
2007-11-21,0.9797095580733064,1.2232302947022422,-3.8680834664556296
2007-11-22,0.9723631751092595,1.2140578638281585,-4.58893166896992
2007-11-23,0.9871142960116241,1.2336896433727602,-3.141509306212653
2007-11-26,0.9871142960116241,1.2607672229705915,-3.141509306212653
2007-11-27,0.9871142960116241,1.2533873691305992,-3.141509306212653
2007-11-28,0.9871142960116241,1.2356582559825784,-3.141509306212653
2007-11-29,0.9871142960116241,1.2394087052008795,-3.141509306212653
2007-11-30,0.9871142960116241,1.2675970596151622,-3.141509306212653
2007-12-03,0.9871142960116241,1.2900883700738235,-3.141509306212653
2007-12-04,0.9871142960116241,1.288625631510175,-3.141509306212653
2007-12-05,0.9871142960116241,1.306585663808783,-3.141509306212653
2007-12-06,0.9871142960116241,1.3098191763425375,-3.141509306212653
2007-12-07,0.9871142960116241,1.3141303831818687,-3.141509306212653
2007-12-10,0.9871142960116241,1.3111169419688364,-3.141509306212653
2007-12-11,0.9871142960116241,1.3411749896730814,-3.141509306212653
2007-12-12,0.9871142960116241,1.354823707728102,-3.141509306212653
2007-12-13,0.9871142960116241,1.3325634238242838,-3.141509306212653
2007-12-14,0.9871142960116241,1.3302758205738874,-3.141509306212653
2007-12-17,0.9871142960116241,1.270731545424805,-3.141509306212653
2007-12-18,0.9800960575024661,1.263098754561728,-3.830159032057634
2007-12-19,0.9816065926741618,1.2650454567033045,-3.68194098125898
2007-12-20,0.9832449416231486,1.2684219243019108,-3.5211814754248727
2007-12-24,0.9832449416231486,1.316506057922257,-3.5211814754248727
2007-12-26,0.9832449416231486,1.3353459458867292,-3.5211814754248727
2007-12-27,0.9832449416231486,1.3377105579887398,-3.5211814754248727
2007-12-28,0.9832449416231486,1.3373146659008033,-3.5211814754248727
2007-12-31,0.9832449416231486,1.3502705190998068,-3.5211814754248727
2008-01-01,0.9832449416231486,1.3515353116194868,-3.5211814754248727
2008-01-02,0.9832449416231486,1.359245003929922,-3.5211814754248727
2008-01-03,0.9832449416231486,1.3590580131200747,-3.5211814754248727
2008-01-04,0.9832449416231486,1.380119558121706,-3.5211814754248727
2008-01-07,0.9832449416231486,1.381175449363297,-3.5211814754248727
2008-01-08,0.9832449416231486,1.3831001336323756,-3.5211814754248727
2008-01-09,0.9832449416231486,1.3796136840755362,-3.5211814754248727
2008-01-10,0.9832449416231486,1.354306878447811,-3.5211814754248727
2008-01-11,0.9832449416231486,1.363798299962473,-3.5211814754248727
2008-01-14,0.9832449416231486,1.3652719937602422,-3.5211814754248727
2008-01-15,0.9832449416231486,1.3361158195943599,-3.5211814754248727
2008-01-16,0.9613079607038186,1.3056508171638015,-5.673701067948011
2008-01-17,0.9576559695049962,1.3006906738091928,-6.032044936509284
2008-01-18,0.9230283812537667,1.2549600896524806,-9.429803380421554
2008-01-21,0.9230283812537667,1.1457480051270497,-9.429803380421554
2008-01-22,0.9230283812537667,1.077669172980784,-9.429803380421554
2008-01-23,0.9230283812537667,1.1445602214589836,-9.429803380421554
2008-01-24,0.9230283812537667,1.1071774182981193,-9.429803380421554
2008-01-25,0.9230283812537667,1.1841427711887653,-9.429803380421554
2008-01-28,0.9230283812537667,1.160111713314841,-9.429803380421554
2008-01-29,0.9230283812537667,1.1615854071126104,-9.429803380421554
2008-01-30,0.9230283812537667,1.1366855562111986,-9.429803380421554
2008-01-31,0.9158950561179766,1.1300536656105962,-10.129745736714346
2008-02-01,0.9479494305534726,1.1696031348295028,-6.984478425218443
2008-02-04,0.9730746588404321,1.2017728576126736,-4.519118841181891
2008-02-05,0.9730746588404321,1.2062601000277313,-4.519118841181891
2008-02-06,0.9730746588404321,1.1707689006250708,-4.519118841181891
2008-02-07,0.9730746588404321,1.1291297741997357,-4.519118841181891
2008-02-08,0.9730746588404321,1.126292261158174,-4.519118841181891
2008-02-11,0.9730746588404321,1.0683647422759688,-4.519118841181891
2008-02-12,0.9730746588404321,1.064240418842229,-4.519118841181891
2008-02-13,0.9730746588404321,1.084301170985642,-4.519118841181891
2008-02-14,0.9730746588404321,1.1442522934567818,-4.519118841181891
2008-02-15,0.9730746588404321,1.1664466311473627,-4.519118841181891
2008-02-18,0.9730746588404321,1.1607275693192434,-4.519118841181891
2008-02-19,0.9730746588404321,1.16158540711261,-4.519118841181891
2008-02-20,0.9730746588404321,1.13379305219052,-4.519118841181891
2008-02-21,0.9786869768030918,1.142008618547125,-3.9684220785544677
2008-02-22,0.9634085779232905,1.124180586079248,-5.467582471321963
2008-02-25,0.979401347939495,1.1439663833270783,-3.8983259302697193
2008-02-26,0.979401347939495,1.1592207950105993,-3.8983259302697193
2008-02-27,0.979401347939495,1.1588578760292814,-3.8983259302697193
2008-02-28,0.979401347939495,1.162531316395968,-3.8983259302697193
2008-02-29,0.979401347939495,1.1489815176608036,-3.8983259302697193
2008-03-03,0.979401347939495,1.089481278256717,-3.8983259302697193
2008-03-04,0.979401347939495,1.0699594806703483,-3.8983259302697193
2008-03-05,0.979401347939495,1.082530397015536,-3.8983259302697193
2008-03-07,0.979401347939495,1.0495798452906129,-3.8983259302697193
2008-03-10,0.9851186580508119,1.0559147631231347,-3.3373270363747043
2008-03-11,0.9985603032085048,1.070322399651666,-2.0183941957948592
2008-03-12,0.9988135802812137,1.0716642010229604,-1.9935419217582573
2008-03-13,0.9988135802812137,1.0170251856536263,-1.9935419217582573
2008-03-14,0.9988135802812137,1.0439047118032332,-1.9935419217582573
2008-03-17,0.9988135802812137,0.9905195337194583,-1.9935419217582573
2008-03-18,0.9988135802812137,0.9970964333409441,-1.9935419217582573
2008-03-19,0.9988135802812137,1.0061039986819342,-1.9935419217582573
2008-03-24,0.9988135802812137,1.014000681802217,-1.9935419217582573
2008-03-25,0.9988135802812137,1.0728740025635242,-1.9935419217582573
2008-03-26,0.9988135802812137,1.0621727795082985,-1.9935419217582573
2008-03-27,0.9988135802812137,1.0624807075104998,-1.9935419217582573
2008-03-28,0.9988135802812137,1.0870616751755893,-1.9935419217582573
2008-03-31,0.9988135802812137,1.0414191625088682,-1.9935419217582573
2008-04-01,0.9986373096471035,1.0425299373253198,-2.0108381028008493
2008-04-02,1.0017241907395986,1.0457524946249535,-1.7079444614278905
2008-04-03,1.0043886779783706,1.0495798452906129,-1.446497318515394
2008-04-04,1.0043886779783706,1.0221723198180825,-1.446497318515394
2008-04-07,1.0043886779783706,1.0472922420402164,-1.446497318515394
2008-04-08,1.0043886779783706,1.035953037703834,-1.446497318515394
2008-04-09,1.0043886779783706,1.0441796666988157,-1.446497318515394
2008-04-10,1.0043886779783706,1.041089216634169,-1.446497318515394
2008-04-11,1.0043886779783706,1.0509435571301489,-1.446497318515394
2008-04-15,1.0043886779783706,1.073346903503075,-1.446497318515394
2008-04-16,1.0043886779783706,1.0750296059831896,-1.446497318515394
2008-04-17,1.0043886779783706,1.0906690619247823,-1.446497318515394
2008-04-21,1.0043886779783706,1.1079582472398708,-1.446497318515394
2008-04-22,1.0043886779783706,1.1106637604507017,-1.446497318515394
2008-04-23,1.0043886779783706,1.1048347166643493,-1.446497318515394
2008-04-24,1.0043886779783706,1.0997866092240054,-1.446497318515394
2008-04-25,1.0043886779783706,1.1243895947615927,-1.446497318515394
2008-04-28,1.0043886779783706,1.119539325960961,-1.446497318515394
2008-04-29,1.0043886779783706,1.1428225279997515,-1.446497318515394
2008-04-30,1.0043886779783706,1.136311574591503,-1.446497318515394
2008-05-02,1.0043886779783706,1.1500153910298963,-1.446497318515394
2008-05-05,1.0043886779783706,1.1421076452712366,-1.446497318515394
2008-05-06,1.0043886779783706,1.1316373413665979,-1.446497318515394
2008-05-07,1.0043886779783706,1.1296246930117841,-1.446497318515394
2008-05-08,1.0043886779783706,1.1177906772676092,-1.446497318515394
2008-05-09,1.0043886779783706,1.095992231664965,-1.446497318515394
2008-05-12,1.0043886779783706,1.1026021043930698,-1.446497318515394
2008-05-13,1.0043886779783706,1.0905370620940515,-1.446497318515394
2008-05-14,1.0043886779783706,1.1024041583491013,-1.446497318515394
2008-05-15,1.0043886779783706,1.125170423703345,-1.446497318515394
2008-05-16,1.0043886779783706,1.1345079349190346,-1.446497318515394
2008-05-20,1.0043886779783706,1.1229048383254465,-1.446497318515394
2008-05-21,1.0043886779783706,1.1256983156220126,-1.446497318515394
2008-05-22,1.0043886779783706,1.1054177069663895,-1.446497318515394
2008-05-23,1.0043886779783706,1.0880624680338074,-1.446497318515394
2008-05-26,1.0043886779783706,1.0723350480064795,-1.446497318515394
2008-05-27,1.0043886779783706,1.068980598280371,-1.446497318515394
2008-05-28,1.0043886779783706,1.0818595500320163,-1.446497318515394
2008-05-29,1.0043886779783706,1.063591482326951,-1.446497318515394
2008-05-30,1.0043886779783706,1.0712462910625258,-1.446497318515394
2008-06-02,1.0043886779783706,1.0425409999636965,-1.446497318515394
2008-06-03,0.9984252029483078,1.0373278121817469,-2.0316506214670182
2008-06-04,0.9708388224836617,1.0086665568279132,-4.738505528042847
2008-06-05,0.989208139661194,1.028760282077945,-2.936055351725786
2008-06-06,0.989208139661194,1.01794896966023,-2.936055351725786
2008-06-09,0.989208139661194,0.9900466327799069,-2.936055351725786
2008-06-10,0.989208139661194,0.9787953925292597,-2.936055351725786
2008-06-11,0.989208139661194,0.9950287940070135,-2.936055351725786
2008-06-12,0.989208139661194,0.9984932256913549,-2.936055351725786
2008-06-13,0.989208139661194,0.9935990285499836,-2.936055351725786
2008-06-16,0.989208139661194,1.0057850080413557,-2.936055351725786
2008-06-17,0.989208139661194,1.0234921033168787,-2.936055351725786
2008-06-18,0.989208139661194,1.007962629333519,-2.936055351725786
2008-06-19,0.989208139661194,0.9907724707425427,-2.936055351725786
2008-06-20,0.989208139661194,0.9563040820705986,-2.936055351725786
2008-06-23,0.9689515213614902,0.9384540317302238,-4.923692936346846
2008-06-24,0.9518500161157925,0.921890791782027,-6.601741763501778
2008-06-25,0.964876878423079,0.9354295278788146,-5.32350860787062
2008-06-26,0.964876878423079,0.949331290361176,-5.32350860787062
2008-06-27,0.964876878423079,0.909913713568744,-5.32350860787062
2008-06-30,0.964876878423079,0.8887752134176262,-5.32350860787062
2008-07-01,0.964876878423079,0.8571443914893718,-5.32350860787062
2008-07-02,0.964876878423079,0.9003893189474631,-5.32350860787062
2008-07-03,0.964876878423079,0.8635233450668893,-5.32350860787062
2008-07-04,0.964876878423079,0.8833750885279571,-5.32350860787062
2008-07-07,0.964876878423079,0.8864545833584829,-5.32350860787062
2008-07-08,0.964876878423079,0.8773370897613877,-5.32350860787062
2008-07-09,0.964876878423079,0.9144120186221787,-5.32350860787062
2008-07-10,0.964876878423079,0.9155338560770072,-5.32350860787062
2008-07-11,0.964876878423079,0.8906338977713395,-5.32350860787062
2008-07-14,0.962064468925849,0.8885882226077789,-5.599470307762133
2008-07-15,0.9195304749907549,0.8493026993482059,-9.773027992396655
2008-07-16,0.9080369405392241,0.8395362692358331,-10.900806613586045
2008-07-17,0.9080369405392241,0.8682415603346625,-10.900806613586045
2008-07-18,0.9080369405392241,0.9001473371584995,-10.900806613586045
2008-07-21,0.9080369405392241,0.9149399105408463,-10.900806613586045
2008-07-22,0.9080369405392241,0.9326690236888673,-10.900806613586045
2008-07-23,0.9080369405392241,0.9847344182738453,-10.900806613586045
2008-07-24,0.9080369405392241,0.9752209788866855,-10.900806613586045
2008-07-25,0.9080369405392241,0.9484514346953118,-10.900806613586045
2008-07-28,0.9080369405392241,0.9529057040037507,-10.900806613586045
2008-07-29,0.9080369405392241,0.9216158368864444,-10.900806613586045
2008-07-30,0.9336363381748949,0.9488253089107505,-8.38892017077032
2008-07-31,0.937835410976281,0.9530926948135982,-7.976895083605751
2008-08-01,0.9543427721116453,0.9708217005573629,-6.357145383526596
2008-08-04,0.9543427721116453,0.9668184217202331,-6.357145383526596
2008-08-05,0.9543427721116453,0.9904645427403415,-6.357145383526596
2008-08-06,0.9543427721116453,0.9936979478698398,-6.357145383526596
2008-08-07,0.9543427721116453,0.99508378498613,-6.357145383526596
2008-08-08,0.9543427721116453,0.9963265596333125,-6.357145383526596
2008-08-11,0.9543427721116453,1.016321258159232,-6.357145383526596
2008-08-12,0.9543427721116453,1.001330738732917,-6.357145383526596
2008-08-13,0.9543427721116453,0.9962275329092003,-6.357145383526596
2008-08-14,0.9543427721116453,0.9745941676481618,-6.357145383526596
2008-08-18,0.9452787905519302,0.9663124402698073,-7.24652929489078
2008-08-19,0.9399424683103954,0.9608573781031499,-7.770144564428582
2008-08-20,0.9492233848233118,0.9713056641352907,-6.859474372204422
2008-08-21,0.9492233848233118,0.94229244503426,-6.859474372204422
2008-08-22,0.9492233848233118,0.9518828932730343,-6.859474372204422
2008-08-25,0.9492233848233118,0.9536205867322656,-6.859474372204422
2008-08-26,0.9492233848233118,0.9540934876718165,-6.859474372204422
2008-08-27,0.9492233848233118,0.9441071473451056,-6.859474372204422
2008-08-28,0.9492233848233118,0.92692794398825,-6.859474372204422
2008-08-29,0.9492233848233118,0.9590426757923041,-6.859474372204422
2008-09-01,0.9492233848233118,0.9565460638595623,-6.859474372204422
2008-09-02,0.9492233848233118,0.990717479763426,-6.859474372204422
2008-09-04,0.9492233848233118,0.9783445094622064,-6.859474372204422
2008-09-05,0.9492233848233118,0.9573489106738123,-6.859474372204422
2008-09-08,0.9752809542230273,0.9859442198144086,-4.302630799577911
2008-09-09,0.9723218839719835,0.9829527964738742,-4.592983273988449
2008-09-10,0.9564558301401143,0.9678962234300655,-6.1498060589794346
2008-09-11,0.9564558301401143,0.9437111478529127,-6.1498060589794346
2008-09-12,0.9564558301401143,0.9301064655428877,-6.1498060589794346
2008-09-15,0.9564558301401143,0.8958910138940284,-6.1498060589794346
2008-09-16,0.9564558301401143,0.8963309417269606,-6.1498060589794346
2008-09-17,0.9564558301401143,0.8816703681753446,-6.1498060589794346
2008-09-18,0.9564558301401143,0.8882472677968304,-6.1498060589794346
2008-09-19,0.9564558301401143,0.933801816377816,-6.1498060589794346
2008-09-22,0.9564558301401143,0.9289185744705656,-6.1498060589794346
2008-09-23,0.9564558301401143,0.9077690653831989,-6.1498060589794346
2008-09-24,0.9637291948201782,0.9153248473946616,-5.436122620270334
2008-09-25,0.9519872282462541,0.9041726338681266,-6.588278115051849
2008-09-26,0.9220162972192432,0.8766111980966237,-9.529111973595928
2008-09-29,0.9220162972192432,0.8468720873308293,-9.529111973595928
2008-09-30,0.9220162972192432,0.8625224985065428,-9.529111973595928
2008-10-01,0.9220162972192432,0.8690224429785424,-9.529111973595928
2008-10-03,0.9220162972192432,0.8398882329830297,-9.529111973595928
2008-10-06,0.9220162972192432,0.7923870359625957,-9.529111973595928
2008-10-07,0.9220162972192432,0.7933218826075769,-9.529111973595928
2008-10-08,0.9220162972192432,0.7728761936103481,-9.529111973595928
2008-10-10,0.9220162972192432,0.7214706370726403,-9.529111973595928
2008-10-13,0.9824512428049316,0.767828032467876,-3.5990614837567936
2008-10-14,0.9903177064509768,0.7739760131926786,-2.82718147053842
2008-10-15,0.9385963494135348,0.7343275172496596,-7.902229617974177
2008-10-16,0.9385963494135348,0.7191280428431271,-7.902229617974177
2008-10-17,0.9385963494135348,0.6762460880684817,-7.902229617974177
2008-10-20,0.9385963494135348,0.68690332908084,-7.902229617974177
2008-10-21,0.9385963494135348,0.7115612518954157,-7.902229617974177
2008-10-22,0.9385963494135348,0.6742223770752911,-7.902229617974177
2008-10-23,0.9385963494135348,0.6473867792664239,-7.902229617974177
2008-10-24,0.9385963494135348,0.5683867601484663,-7.902229617974177
2008-10-27,0.9385963494135348,0.5552329072033665,-7.902229617974177
2008-10-29,0.9417647455435734,0.5932536916453873,-7.591337486925587
2008-10-31,1.0076032674627353,0.6347278988355007,-1.1310725628273066
2008-11-03,1.0618539160942415,0.669537188616265,0.0
2008-11-04,1.0618539160942415,0.6911486434090618,0.0
2008-11-05,1.0618539160942415,0.6587809208797947,0.0
2008-11-06,1.0618539160942415,0.6362786014848846,0.0
2008-11-07,1.0618539160942415,0.6539527236537889,0.0
2008-11-10,1.0618539160942415,0.6925014000144772,0.0
2008-11-11,1.0618539160942415,0.6463969416423263,0.0
2008-11-12,1.0618539160942415,0.6265562071175075,0.0
2008-11-14,1.0618539160942415,0.618175614121425,0.0
2008-11-17,1.0618539160942415,0.6157999930831652,0.0
2008-11-18,1.0618539160942415,0.5901961609852315,0.0
2008-11-19,1.0418922301052742,0.5796049198882388,-1.879890038207066
2008-11-20,1.0095282905297887,0.5616008518446353,-4.927761226979255
2008-11-21,1.063994105980213,0.5924618000652582,0.0
2008-11-24,1.063994105980213,0.5957172767693824,0.0
2008-11-25,1.063994105980213,0.583784234301095,0.0
2008-11-26,1.063994105980213,0.6053956890938917,0.0
2008-11-28,1.063994105980213,0.6060226077366715,0.0
2008-12-01,1.063994105980213,0.5901411700061149,0.0
2008-12-02,1.063994105980213,0.584620107924092,0.0
2008-12-03,1.063994105980213,0.5843231351560115,0.0
2008-12-04,1.063994105980213,0.6132593991075559,0.0
2008-12-05,1.063994105980213,0.5970700333747979,0.0
2008-12-08,1.0900914353440458,0.6123795434416914,0.0
2008-12-10,1.146573364061136,0.64410933839193,0.0
2008-12-11,1.1422551502227472,0.6423276091877032,-0.3766190610859699
2008-12-12,1.1422551502227472,0.6425916088491649,-0.3766190610859699
2008-12-15,1.1422551502227472,0.6557564170283857,-0.3766190610859699
2008-12-16,1.1422551502227472,0.6690752429108352,-0.3766190610859699
2008-12-17,1.1422551502227472,0.6498504180925471,-0.3766190610859699
2008-12-18,1.1422551502227472,0.6732545573236915,-0.3766190610859699
2008-12-19,1.1422551502227472,0.6769389529244991,-0.3766190610859699
2008-12-22,1.1422551502227472,0.6685363420559187,-0.3766190610859699
2008-12-23,1.1422551502227472,0.6529958591363102,-0.3766190610859699
2008-12-24,1.1216545218679403,0.6416017712250673,-2.1733316832804883
2008-12-26,1.0987357167179534,0.6284919003228351,-4.172227337790469
2008-12-29,1.1226130353022683,0.6427785459568843,-2.089733593147558
2008-12-30,1.1226130353022683,0.655382489110819,-2.089733593147558
2008-12-31,1.1226130353022683,0.6509062019298821,-2.089733593147558
2009-01-02,1.1226130353022683,0.6701750624931658,-2.089733593147558
2009-01-05,1.1226130353022683,0.6866063563127598,-2.089733593147558
2009-01-06,1.1226130353022683,0.684703689916179,-2.089733593147558
2009-01-07,1.1226130353022683,0.6423826001668198,-2.089733593147558
2009-01-09,1.1226130353022683,0.6319563320071767,-2.089733593147558
2009-01-12,1.1226130353022683,0.609981958233062,-2.089733593147558
2009-01-13,1.1093338181134804,0.6037899417632637,-3.247899097860951
2009-01-14,1.1458475690316507,0.6236637030968294,-0.06330122888207335
2009-01-15,1.1048538463665092,0.6019752394524183,-3.638626101242859
2009-01-16,1.1048538463665092,0.6221569287881852,-3.638626101242859
2009-01-19,1.1048538463665092,0.6260612883054589,-3.638626101242859
2009-01-20,1.1048538463665092,0.615151110270016,-3.638626101242859
2009-01-21,1.1048538463665092,0.5952553310639526,-3.638626101242859
2009-01-22,1.1048538463665092,0.5969380872461952,-3.638626101242859
2009-01-23,1.1048538463665092,0.5891843591907643,-3.638626101242859
2009-01-27,1.1048538463665092,0.6095970213792463,-3.638626101242859
2009-01-28,1.1048538463665092,0.6267871799702227,-3.638626101242859
2009-01-29,1.1048538463665092,0.6211670911640876,-3.638626101242859
2009-01-30,1.1048538463665092,0.6323522777972413,-3.638626101242859
2009-02-02,1.1048538463665092,0.6085631480101531,-3.638626101242859
2009-02-03,1.1078919065660517,0.6123575255691938,-3.3736574307007605
2009-02-04,1.1155129752265058,0.6165698667907968,-2.7089752656223376
2009-02-05,1.105244290533587,0.6115106967120759,-3.6045729669807014
2009-02-06,1.105244290533587,0.6253794323856907,-3.6045729669807014
2009-02-09,1.105244290533587,0.6422726182085866,-3.6045729669807014
2009-02-10,1.105244290533587,0.6454841128698432,-3.6045729669807014
2009-02-11,1.105244290533587,0.6435484196645157,-3.6045729669807014
2009-02-12,1.105244290533587,0.636366619272748,-3.6045729669807014
2009-02-13,1.105244290533587,0.6485306345937503,-3.6045729669807014
2009-02-16,1.105244290533587,0.6265672160537564,-3.6045729669807014
2009-02-17,1.105244290533587,0.6094100305693987,-3.6045729669807014
2009-02-18,1.1125633174892247,0.6106528052165812,-2.9662337917434667
2009-02-19,1.1178533967734818,0.6135563718756365,-2.504852126158652
2009-02-20,1.095535404861625,0.6019202484733016,-4.451347013568818
2009-02-24,1.095535404861625,0.6013593297458875,-4.451347013568818
2009-02-25,1.095535404861625,0.6076503192376699,-4.451347013568818
2009-02-26,1.095535404861625,0.6127424624230094,-4.451347013568818
2009-02-27,1.095535404861625,0.6079032562607547,-4.451347013568818
2009-03-02,1.095535404861625,0.5883155124611487,-4.451347013568818
2009-03-03,1.095535404861625,0.5768333530599146,-4.451347013568818
2009-03-04,1.095535404861625,0.5818485410957678,-4.451347013568818
2009-03-05,1.095535404861625,0.5667810128178382,-4.451347013568818
2009-03-06,1.1128918456225205,0.5763384342478658,-2.9375807509880003
2009-03-09,1.092928897434911,0.5660001301739579,-4.678677205287373
2009-03-12,1.1106521298026768,0.5757445424138328,-3.132920699572772
2009-03-13,1.1106521298026768,0.5981368798505099,-3.132920699572772
2009-03-16,1.1106521298026768,0.6108947870055451,-3.132920699572772
2009-03-17,1.1106521298026768,0.6065394907190903,-3.132920699572772
2009-03-18,1.1106521298026768,0.6147331466074535,-3.132920699572772
2009-03-19,1.1106521298026768,0.6174716866270311,-3.132920699572772
2009-03-20,1.1106521298026768,0.6174497224566613,-3.132920699572772
2009-03-23,1.1106521298026768,0.6466718965379091,-3.132920699572772
2009-03-24,1.1106521298026768,0.6464079505785754,-3.132920699572772
2009-03-25,1.1106521298026768,0.6564493355865308,-3.132920699572772
2009-03-26,1.1106521298026768,0.6779837815277132,-3.132920699572772
2009-03-27,1.1106521298026768,0.6837908074415677,-3.132920699572772
2009-03-30,1.1106521298026768,0.6550855163427385,-3.132920699572772
2009-03-31,1.1241616932574845,0.6644999827079142,-1.9546652230145845
2009-04-01,1.1388233513790584,0.6731665932379564,-0.6759281983166887
2009-04-02,1.1937632830621603,0.7063151447089758,0.0
2009-04-06,1.1937632830621603,0.7163345118444334,0.0
2009-04-08,1.1937632830621603,0.7353283638100064,0.0
2009-04-09,1.1937632830621603,0.7351304177660382,0.0
2009-04-13,1.1937632830621603,0.7440499653191651,0.0
2009-04-15,1.1937632830621603,0.7663872580745976,0.0
2009-04-16,1.1937632830621603,0.7411684165326077,0.0
2009-04-17,1.1937632830621603,0.7444458574071018,0.0
2009-04-20,1.1937632830621603,0.7428401637786015,0.0
2009-04-21,1.1937632830621603,0.7402445788238756,0.0
2009-04-22,1.1937632830621603,0.7325458417475612,0.0
2009-04-23,1.1937632830621603,0.7530904500646461,0.0
2009-04-24,1.1937632830621603,0.7656394022394643,0.0
2009-04-27,1.1937632830621603,0.7632747901374534,0.0
2009-04-28,1.1937632830621603,0.7395956960107263,0.0
2009-04-29,1.2287897815748412,0.764143636867069,0.0
2009-05-04,1.292476266205231,0.8037481507672204,0.0
2009-05-05,1.2939781074772403,0.8054858442264515,0.0
2009-05-06,1.2939781074772403,0.7973802061259517,0.0
2009-05-07,1.2939781074772403,0.8103250503887064,0.0
2009-05-08,1.2939781074772403,0.796423341608473,0.0
2009-05-11,1.2939781074772403,0.7818837589513389,0.0
2009-05-12,1.2939781074772403,0.8097091943843038,0.0
2009-05-13,1.2939781074772403,0.7996238273334808,0.0
2009-05-14,1.2939781074772403,0.7904293248847712,0.0
2009-05-15,1.2939781074772403,0.8076304924119966,0.0
2009-05-18,1.2939781074772403,0.950936983989677,0.0
2009-05-19,1.2939781074772403,0.9499032180248399,0.0
2009-05-20,1.2939781074772403,0.9393118695235911,0.0
2009-05-21,1.2939781074772403,0.9262460343663544,0.0
2009-05-22,1.2939781074772403,0.9323170599416708,0.0
2009-05-25,1.2939781074772403,0.9321080512593256,0.0
2009-05-26,1.2939781074772403,0.9055254978777992,0.0
2009-05-27,1.3425758142862088,0.9405766620432715,0.0
2009-05-28,1.3617441239502075,0.9540055235860821,0.0
2009-05-29,1.3955005947203436,0.9786085091236695,0.0
2009-06-01,1.3955005947203436,0.9964145237190486,0.0
2009-06-02,1.3955005947203436,0.9953917129883323,0.0
2009-06-03,1.3955005947203436,0.9965905592947751,0.0
2009-06-04,1.3955005947203436,1.0058179811479753,0.0
2009-06-05,1.3955005947203436,1.0089524669576175,0.0
2009-06-08,1.3955005947203436,0.9744181320724359,0.0
2009-06-09,1.3955005947203436,1.0010448286032139,0.0
2009-06-10,1.3955005947203436,1.0239870221289284,0.0
2009-06-11,1.3955005947203436,1.0201266983566504,0.0
2009-06-12,1.3955005947203436,1.0081825932499862,0.0
2009-06-15,1.3955005947203436,0.9863182014341045,0.0
2009-06-16,1.4064766274911522,0.9937529388489572,0.0
2009-06-17,1.3561519519163703,0.9581957932330594,-3.5780669647209273
2009-06-18,1.3221851414361951,0.9351545729832328,-5.993095399339465
2009-06-19,1.3221851414361951,0.9488363715491281,-5.993095399339465
2009-06-22,1.3221851414361951,0.931602177213156,-5.993095399339465
2009-06-23,1.3221851414361951,0.9341867532316329,-5.993095399339465
2009-06-24,1.3221851414361951,0.9442941381549539,-5.993095399339465
2009-06-25,1.3221851414361951,0.9330539605426837,-5.993095399339465
2009-06-26,1.3221851414361951,0.9624521164975303,-5.993095399339465
2009-06-29,1.3221851414361951,0.9658506019686343,-5.993095399339465
2009-06-30,1.3221851414361951,0.9438871834286404,-5.993095399339465
2009-07-01,1.3358335617783894,0.954841343506951,-5.0226974506341175
2009-07-02,1.3382800908299801,0.9565900996045592,-4.848750084302489
2009-07-03,1.3601447691974213,0.9731753574252539,-3.2941790420205397
2009-07-06,1.3601447691974213,0.9163037297846396,-3.2941790420205397
2009-07-07,1.3601447691974213,0.9243213500972762,-3.2941790420205397
2009-07-08,1.3601447691974213,0.8972107973928264,-3.2941790420205397
2009-07-09,1.3601447691974213,0.8976617341620075,-3.2941790420205397
2009-07-10,1.3601447691974213,0.8807135036578669,-3.2941790420205397
2009-07-13,1.3601447691974213,0.8741476129726299,-3.2941790420205397
2009-07-14,1.3601447691974213,0.9043596246779754,-3.2941790420205397
2009-07-15,1.3601447691974213,0.9312172403593404,-3.2941790420205397
2009-07-16,1.3601447691974213,0.9307552946539103,-3.2941790420205397
2009-07-17,1.3601447691974213,0.9623311793051762,-3.2941790420205397
2009-07-20,1.3601447691974213,0.9903325429096115,-3.2941790420205397
2009-07-21,1.3601447691974213,0.9830407605596106,-3.2941790420205397
2009-07-22,1.3601447691974213,0.9675992506619863,-3.2941790420205397
2009-07-23,1.3601447691974213,0.9950617671136331,-3.2941790420205397
2009-07-24,1.3601447691974213,1.0049161076096131,-3.2941790420205397
2009-07-27,1.3601447691974213,1.0057409722963613,-3.2941790420205397
2009-07-28,1.3601447691974213,1.0039373326238927,-3.2941790420205397
2009-07-29,1.3601447691974213,0.9928071369698556,-3.2941790420205397
2009-07-30,1.3601447691974213,1.00555408889077,-3.2941790420205397
2009-07-31,1.3601447691974213,1.0198517434610679,-3.2941790420205397
2009-08-03,1.3601447691974213,1.0363379745576504,-3.2941790420205397
2009-08-04,1.3601447691974213,1.0295411110196984,-3.2941790420205397
2009-08-05,1.3601447691974213,1.0325435969986099,-3.2941790420205397
2009-08-06,1.3601447691974213,1.0086445389554166,-3.2941790420205397
2009-08-07,1.3260539464533834,0.9857462737704418,-5.718024705552727
2009-08-10,1.3131082461317063,0.9761228524250488,-6.638459504726701
2009-08-11,1.3217670836980917,0.9835356793716596,-6.02281915940287
2009-08-12,1.3217670836980917,0.9804891576477526,-6.02281915940287
2009-08-13,1.3217670836980917,1.012933835326506,-6.02281915940287
2009-08-14,1.3217670836980917,1.0074456926489739,-6.02281915940287
2009-08-17,1.3217670836980917,0.9651796475808592,-6.02281915940287
2009-08-18,1.3217670836980917,0.980797085649954,-6.02281915940287
2009-08-19,1.3217670836980917,0.9665434668246516,-6.02281915940287
2009-08-20,1.3217670836980917,0.9795983467477674,-6.02281915940287
2009-08-21,1.3217670836980917,0.996172541930085,-6.02281915940287
2009-08-24,1.3217670836980917,1.0212484284072234,-6.02281915940287
2009-08-25,1.3217670836980917,1.0248888956672915,-6.02281915940287
2009-08-26,1.3217670836980917,1.029618119871313,-6.02281915940287
2009-08-27,1.3217670836980917,1.0312348761381904,-6.02281915940287
2009-08-28,1.3217670836980917,1.0409462615693188,-6.02281915940287
2009-08-31,1.3217670836980917,1.0254937964375734,-6.02281915940287
2009-09-01,1.3217670836980917,1.0174101225074434,-6.02281915940287
2009-09-02,1.3217670836980917,1.0136707359275194,-6.02281915940287
2009-09-03,1.3217670836980917,1.0104152055212672,-6.02281915940287
2009-09-04,1.3217670836980917,1.0295190931472014,-6.02281915940287
2009-09-07,1.3217670836980917,1.0520653945849792,-6.02281915940287
2009-09-08,1.3217670836980917,1.0569816095988485,-6.02281915940287
2009-09-09,1.3217670836980917,1.0589612848470435,-6.02281915940287
2009-09-10,1.3217670836980917,1.060094077535993,-6.02281915940287
2009-09-11,1.3217670836980917,1.062326689807273,-6.02281915940287
2009-09-14,1.3217670836980917,1.0577185101998612,-6.02281915940287
2009-09-15,1.3217670836980917,1.0760854972247826,-6.02281915940287
2009-09-16,1.3217670836980917,1.0906690619247843,-6.02281915940287
2009-09-17,1.3217670836980917,1.092241782446666,-6.02281915940287
2009-09-18,1.3217670836980917,1.0945514035695603,-6.02281915940287
2009-09-22,1.3217670836980917,1.1042628964049446,-6.02281915940287
2009-09-23,1.3217670836980917,1.0932097096025217,-6.02281915940287
2009-09-24,1.3217670836980917,1.0968610246924544,-6.02281915940287
2009-09-25,1.3217670836980917,1.090790106521394,-6.02281915940287
2009-09-29,1.3217670836980917,1.1013263566392701,-6.02281915940287
2009-09-30,1.3217670836980917,1.1182855960796596,-6.02281915940287
2009-10-01,1.3217670836980917,1.1181645514830496,-6.02281915940287
2009-10-05,1.3217670836980917,1.1005235098250201,-6.02281915940287
2009-10-06,1.3217670836980917,1.1058465721609467,-6.02281915940287
2009-10-07,1.3217670836980917,1.0966850965209838,-6.02281915940287
2009-10-08,1.3217670836980917,1.1003145011426747,-6.02281915940287
2009-10-09,1.3217670836980917,1.0877656026699847,-6.02281915940287
2009-10-12,1.3217670836980917,1.1117526247989131,-6.02281915940287
2009-10-14,1.3217670836980917,1.1258193602186244,-6.02281915940287
2009-10-15,1.3217670836980917,1.1237626761188149,-6.02281915940287
2009-10-16,1.3217670836980917,1.1310874315754342,-6.02281915940287
2009-10-20,1.3217670836980917,1.1249944955318762,-6.02281915940287
2009-10-21,1.3217670836980917,1.1138093088987226,-6.02281915940287
2009-10-22,1.3217670836980917,1.0973120151637632,-6.02281915940287
2009-10-23,1.3217670836980917,1.0991706458153483,-6.02281915940287
2009-10-26,1.3217670836980917,1.0934186108806103,-6.02281915940287
2009-10-27,1.3217670836980917,1.066099156898071,-6.02281915940287
2009-10-28,1.3148817878124104,1.0615788339721386,-6.512361306858471
2009-10-29,1.2942845843321025,1.0449495404064484,-7.976815324629738
2009-10-30,1.282405745835343,1.0364040281751443,-8.821396618379973
2009-11-03,1.282405745835343,1.0038932968788974,-8.821396618379973
2009-11-04,1.282405745835343,1.03620597472692,-8.821396618379973
2009-11-05,1.282405745835343,1.0482489991534403,-8.821396618379973
2009-11-06,1.282405745835343,1.0549799164781548,-8.821396618379973
2009-11-09,1.282405745835343,1.077471226936816,-8.821396618379973
2009-11-10,1.282405745835343,1.0737978939743855,-8.821396618379973
2009-11-11,1.282405745835343,1.1006884827623693,-8.821396618379973
2009-11-12,1.282405745835343,1.0894042694051034,-8.821396618379973
2009-11-13,1.282405745835343,1.0995886631800385,-8.821396618379973
2009-11-16,1.282405745835343,1.1125884447197816,-8.821396618379973
2009-11-17,1.282405745835343,1.1135123361306418,-8.821396618379973
2009-11-18,1.282405745835343,1.111851651523025,-8.821396618379973
2009-11-19,1.282405745835343,1.0973999792494982,-8.821396618379973
2009-11-20,1.282405745835343,1.1113567327109761,-8.821396618379973
2009-11-23,1.282405745835343,1.1225968029189903,-8.821396618379973
2009-11-24,1.282405745835343,1.1197372720049306,-8.821396618379973
2009-11-25,1.282405745835343,1.1236086584155855,-8.821396618379973
2009-11-26,1.282405745835343,1.1010403391053099,-8.821396618379973
2009-11-27,1.2649045138221888,1.0870066841964736,-10.065728139506813
2009-11-30,1.2881843868598357,1.1070124453607701,-8.410537247414062
2009-12-01,1.3097536367892926,1.1266551801394928,-6.876971064524007
2009-12-02,1.3097536367892926,1.1269301350350756,-6.876971064524007
2009-12-03,1.3097536367892926,1.1287888730909166,-6.876971064524007
2009-12-04,1.3097536367892926,1.1237736313529352,-6.876971064524007
2009-12-07,1.3097536367892926,1.1144912185206184,-6.876971064524007
2009-12-08,1.3097536367892926,1.132363286733491,-6.876971064524007
2009-12-09,1.3097536367892926,1.1244555409748314,-6.876971064524007
2009-12-10,1.3097536367892926,1.1294377022019377,-6.876971064524007
2009-12-11,1.3097536367892926,1.1256213067703993,-6.876971064524007
2009-12-14,1.3097536367892926,1.123069811262797,-6.876971064524007
2009-12-15,1.3097536367892926,1.1070893468081282,-6.876971064524007
2009-12-16,1.3097536367892926,1.1090690220563233,-6.876971064524007
2009-12-17,1.3097536367892926,1.1090030758430858,-6.876971064524007
2009-12-18,1.3097536367892926,1.0971140691197943,-6.876971064524007
2009-12-21,1.3097536367892926,1.089393314170982,-6.876971064524007
2009-12-22,1.3097536367892926,1.0967071143934806,-6.876971064524007
2009-12-23,1.3097536367892926,1.1316263861324778,-6.876971064524007
2009-12-24,1.3097536367892926,1.1390611235473305,-6.876971064524007
2009-12-29,1.3097536367892926,1.1411618433921356,-6.876971064524007
2009-12-30,1.3097536367892926,1.1370925109375123,-6.876971064524007
2009-12-31,1.3097536367892926,1.144043284774437,-6.876971064524007
2010-01-04,1.3097536367892926,1.1508952466957616,-6.876971064524007
2010-01-05,1.3097536367892926,1.16094753323571,-6.876971064524007
2010-01-06,1.3097536367892926,1.1618053710290768,-6.876971064524007
2010-01-07,1.3097536367892926,1.1576921102337139,-6.876971064524007
2010-01-08,1.3097536367892926,1.1536557508857093,-6.876971064524007
2010-01-11,1.3097536367892926,1.1546785616164255,-6.876971064524007
2010-01-12,1.3097536367892926,1.1460999688742466,-6.876971064524007
2010-01-13,1.3097536367892926,1.1512801835495774,-6.876971064524007
2010-01-14,1.3097536367892926,1.1569881827393198,-6.876971064524007
2010-01-15,1.3097536367892926,1.1552945250250843,-6.876971064524007
2010-01-18,1.3097536367892926,1.160276686252191,-6.876971064524007
2010-01-19,1.3097536367892926,1.1494544186003552,-6.876971064524007
2010-01-20,1.3097536367892926,1.1485856255728677,-6.876971064524007
2010-01-21,1.3097536367892926,1.1205291635850598,-6.876971064524007
2010-01-22,1.2934929987981525,1.107738283323406,-8.033096781319282
2010-01-25,1.2862755088092914,1.1015572757898566,-8.546257814200109
2010-01-27,1.2452290141625546,1.0675069044826029,-11.464649335569
2010-01-28,1.2452290141625546,1.0706193724197473,-11.464649335569
2010-01-29,1.2452290141625546,1.0738747954217434,-11.464649335569
2010-02-01,1.2452290141625546,1.0777572444707753,-11.464649335569
2010-02-02,1.2452290141625546,1.0624477344038816,-11.464649335569
2010-02-03,1.2452290141625546,1.08482906290431,-11.464649335569
2010-02-04,1.2452290141625546,1.0658021841299903,-11.464649335569
2010-02-05,1.2452290141625546,1.0379327129520297,-11.464649335569
2010-02-08,1.2452290141625546,1.0471162064644903,-11.464649335569
2010-02-09,1.2452290141625546,1.0542100427705228,-11.464649335569
2010-02-10,1.2452290141625546,1.0464123863743524,-11.464649335569
2010-02-11,1.2452290141625546,1.0617328516753668,-11.464649335569
2010-02-15,1.2452290141625546,1.0562557716362115,-11.464649335569
2010-02-16,1.2452290141625546,1.0680897873803865,-11.464649335569
2010-02-17,1.2452290141625546,1.0809026855145383,-11.464649335569
2010-02-18,1.2452290141625546,1.0751286327073024,-11.464649335569
2010-02-19,1.2452290141625546,1.0657031574058777,-11.464649335569
2010-02-22,1.2452290141625546,1.068232742445238,-11.464649335569
2010-02-23,1.2452290141625546,1.0712352284241495,-11.464649335569
2010-02-24,1.2452290141625546,1.0687167060231662,-11.464649335569
2010-02-25,1.2452290141625546,1.068969643046251,-11.464649335569
2010-02-26,1.2452290141625546,1.0827283430595045,-11.464649335569
2010-03-02,1.2452290141625546,1.103558968910549,-11.464649335569
2010-03-03,1.2452290141625546,1.1191984248521416,-11.464649335569
2010-03-04,1.2452290141625546,1.1174716866270313,-11.464649335569
2010-03-05,1.2452290141625546,1.1193304246828726,-11.464649335569
2010-03-08,1.2452290141625546,1.1270951079724243,-11.464649335569
2010-03-09,1.2452290141625546,1.1221459198519366,-11.464649335569
2010-03-10,1.2452290141625546,1.125390387619812,-11.464649335569
2010-03-11,1.2452290141625546,1.1291627473063548,-11.464649335569
2010-03-12,1.2452290141625546,1.129954638886484,-11.464649335569
2010-03-15,1.2452290141625546,1.1281729096822573,-11.464649335569
2010-03-16,1.2452290141625546,1.1433944556634155,-11.464649335569
2010-03-17,1.2452290141625546,1.150829193078268,-11.464649335569
2010-03-18,1.2452290141625546,1.1539086879087939,-11.464649335569
2010-03-19,1.2452290141625546,1.1576260566162202,-11.464649335569
2010-03-22,1.2452290141625546,1.1449562209511763,-11.464649335569
2010-03-23,1.2452290141625546,1.1493774097487406,-11.464649335569
2010-03-25,1.2452290141625546,1.1570981646975529,-11.464649335569
2010-03-26,1.2452290141625546,1.1618494067740723,-11.464649335569
2010-03-29,1.2452290141625546,1.1664356759132422,-11.464649335569
2010-03-30,1.2452290141625546,1.157549155168862,-11.464649335569
2010-03-31,1.2452290141625546,1.154612615403188,-11.464649335569
2010-04-01,1.2452290141625546,1.1637191000640343,-11.464649335569
2010-04-05,1.2452290141625546,1.1808542676758942,-11.464649335569
2010-04-06,1.2452290141625546,1.1803263757572267,-11.464649335569
2010-04-07,1.2452290141625546,1.1822290421538075,-11.464649335569
2010-04-08,1.2452290141625546,1.1667876396604393,-11.464649335569
2010-04-09,1.2452290141625546,1.1793915291122459,-11.464649335569
2010-04-12,1.2452290141625546,1.1745413677158703,-11.464649335569
2010-04-13,1.2452290141625546,1.1708569721150628,-11.464649335569
2010-04-15,1.2452290141625546,1.1600017313566084,-11.464649335569
2010-04-16,1.2452290141625546,1.157582128275481,-11.464649335569
2010-04-19,1.2452290141625546,1.1446152124381004,-11.464649335569
2010-04-20,1.2452290141625546,1.1504333009903318,-11.464649335569
2010-04-21,1.2452290141625546,1.153688723992328,-11.464649335569
2010-04-22,1.2452290141625546,1.1590668847116272,-11.464649335569
2010-04-23,1.2452290141625546,1.166710630808825,-11.464649335569
2010-04-26,1.2452290141625546,1.1707469901568297,-11.464649335569
2010-04-27,1.2452290141625546,1.167645477453806,-11.464649335569
2010-04-28,1.2452290141625546,1.1472108510949544,-11.464649335569
2010-04-29,1.2452290141625546,1.1557233902196398,-11.464649335569
2010-04-30,1.2452290141625546,1.160969551108208,-11.464649335569
2010-05-03,1.2452290141625546,1.1488165447234546,-11.464649335569
2010-05-04,1.2452290141625546,1.1324842239258448,-11.464649335569
2010-05-05,1.2452290141625546,1.127293054016393,-11.464649335569
2010-05-06,1.2452290141625546,1.1198033256224238,-11.464649335569
2010-05-07,1.2452290141625546,1.1037898880611363,-11.464649335569
2010-05-10,1.2452290141625546,1.1424046180393181,-11.464649335569
2010-05-11,1.2452290141625546,1.1297676480766368,-11.464649335569
2010-05-12,1.2452290141625546,1.1342769083641921,-11.464649335569
2010-05-13,1.2452290141625546,1.1391711055055636,-11.464649335569
2010-05-14,1.2452290141625546,1.1203862085202076,-11.464649335569
2010-05-17,1.2452290141625546,1.1129953994460946,-11.464649335569
2010-05-18,1.2452290141625546,1.1143812365623849,-11.464649335569
2010-05-19,1.2452290141625546,1.0821454601617206,-11.464649335569
2010-05-20,1.2498758311232447,1.0882934945886513,-11.13426226266192
2010-05-21,1.2457201392458657,1.0846750452010812,-11.429730512624381
2010-05-24,1.24770806299399,1.0874906477744013,-11.288389824178635
2010-05-25,1.24770806299399,1.0573115554735466,-11.288389824178635
2010-05-26,1.24770806299399,1.0816505413496722,-11.288389824178635
2010-05-27,1.24770806299399,1.1005014919525218,-11.288389824178635
2010-05-28,1.24770806299399,1.1144581380097436,-11.288389824178635
2010-05-31,1.24770806299399,1.1188024253599496,-11.288389824178635
2010-06-01,1.24770806299399,1.0932647005816374,-11.288389824178635
2010-06-02,1.24770806299399,1.1041858875533292,-11.288389824178635
2010-06-03,1.24770806299399,1.124125595100132,-11.288389824178635
2010-06-04,1.24770806299399,1.1296246930117853,-11.288389824178635
2010-06-07,1.24770806299399,1.1072983554904736,-11.288389824178635
2010-06-08,1.24770806299399,1.0969820692890635,-11.288389824178635
2010-06-09,1.24770806299399,1.0998855285438627,-11.288389824178635
2010-06-10,1.24770806299399,1.117108767645714,-11.288389824178635
2010-06-11,1.24770806299399,1.1260722972417088,-11.288389824178635
2010-06-14,1.24770806299399,1.143306491577681,-11.288389824178635
2010-06-15,1.24770806299399,1.1487285806377197,-11.288389824178635
2010-06-16,1.24770806299399,1.1511481837188469,-11.288389824178635
2010-06-17,1.24770806299399,1.160276686252191,-11.288389824178635
2010-06-18,1.24770806299399,1.157582128275481,-11.288389824178635
2010-06-21,1.24770806299399,1.1775327910564048,-11.288389824178635
2010-06-22,1.24770806299399,1.1694491171262746,-11.288389824178635
2010-06-23,1.24770806299399,1.1709009004558024,-11.288389824178635
2010-06-24,1.24770806299399,1.1703400354305162,-11.288389824178635
2010-06-25,1.24770806299399,1.159000831094134,-11.288389824178635
2010-06-28,1.24770806299399,1.1731775484720781,-11.288389824178635
2010-06-29,1.24770806299399,1.156163318052572,-11.288389824178635
2010-06-30,1.24770806299399,1.1685583062262894,-11.288389824178635
2010-07-01,1.24770806299399,1.155118489449358,-11.288389824178635
2010-07-02,1.24770806299399,1.151973048405595,-11.288389824178635
2010-07-05,1.24770806299399,1.1517090487441333,-11.288389824178635
2010-07-06,1.24770806299399,1.1634001094234567,-11.288389824178635
2010-07-07,1.24770806299399,1.1528529040714597,-11.288389824178635
2010-07-08,1.24770806299399,1.1651158924144462,-11.288389824178635
2010-07-09,1.24770806299399,1.177345907650814,-11.288389824178635
2010-07-12,1.24770806299399,1.1840657623371516,-11.288389824178635
2010-07-13,1.24770806299399,1.1879481039819275,-11.288389824178635
2010-07-14,1.24770806299399,1.1847586271931687,-11.288389824178635
2010-07-15,1.24770806299399,1.1831309156921705,-11.288389824178635
2010-07-16,1.24770806299399,1.186463347545781,-11.288389824178635
2010-07-19,1.24770806299399,1.1848246808106622,-11.288389824178635
2010-07-20,1.24770806299399,1.1807663035901599,-11.288389824178635
2010-07-21,1.24770806299399,1.187662193852224,-11.288389824178635
2010-07-22,1.24770806299399,1.1970326781745322,-11.288389824178635
2010-07-23,1.24770806299399,1.1986053986964138,-11.288389824178635
2010-07-26,1.24770806299399,1.191896499244197,-11.288389824178635
2010-07-27,1.24770806299399,1.1945360662417905,-11.288389824178635
2010-07-28,1.24770806299399,1.1872661943600316,-11.288389824178635
2010-07-29,1.24770806299399,1.1897628062927734,-11.288389824178635
2010-07-30,1.24770806299399,1.180678339504425,-11.288389824178635
2010-08-02,1.24770806299399,1.194766985392378,-11.288389824178635
2010-08-03,1.24770806299399,1.1965046788516092,-11.288389824178635
2010-08-04,1.24770806299399,1.2027297221301543,-11.288389824178635
2010-08-05,1.24770806299399,1.1981654708634821,-11.288389824178635
2010-08-06,1.24770806299399,1.1964387326383719,-11.288389824178635
2010-08-09,1.24770806299399,1.2067550188397818,-11.288389824178635
2010-08-10,1.24770806299399,1.2011570016082724,-11.288389824178635
2010-08-11,1.24770806299399,1.1923364270771297,-11.288389824178635
2010-08-12,1.24770806299399,1.1914235983046466,-11.288389824178635
2010-08-13,1.24770806299399,1.1992652904458128,-11.288389824178635
2010-08-16,1.24770806299399,1.1918304456267041,-11.288389824178635
2010-08-17,1.24770806299399,1.1909176168542208,-11.288389824178635
2010-08-18,1.24770806299399,1.205215271424519,-11.288389824178635
2010-08-19,1.24770806299399,1.2186441329673297,-11.288389824178635
2010-08-20,1.24770806299399,1.2165434131225246,-11.288389824178635
2010-08-23,1.24770806299399,1.2193699709299655,-11.288389824178635
2010-08-24,1.24770806299399,1.2109233780185176,-11.288389824178635
2010-08-25,1.24770806299399,1.2015199205895908,-11.288389824178635
2010-08-26,1.24770806299399,1.2049403165289367,-11.288389824178635
2010-08-27,1.24770806299399,1.1897188779520347,-11.288389824178635
2010-08-30,1.24770806299399,1.1912036343881809,-11.288389824178635
2010-08-31,1.24770806299399,1.1883330408357442,-11.288389824178635
2010-09-01,1.24770806299399,1.2036095777960192,-11.288389824178635
2010-09-02,1.24770806299399,1.2067550188397824,-11.288389824178635
2010-09-03,1.24770806299399,1.205270262403636,-11.288389824178635
2010-09-06,1.24770806299399,1.2267278068974603,-11.288389824178635
2010-09-07,1.24770806299399,1.2326777878761666,-11.288389824178635
2010-09-08,1.24770806299399,1.2335246704354124,-11.288389824178635
2010-09-09,1.24770806299399,1.240607444103068,-11.288389824178635
2010-09-13,1.24770806299399,1.266992158844882,-11.288389824178635
2010-09-14,1.24770806299399,1.2748118331135503,-11.288389824178635
2010-09-15,1.24770806299399,1.2891975591738398,-11.288389824178635
2010-09-16,1.24770806299399,1.2821037228678072,-11.288389824178635
2010-09-17,1.24770806299399,1.2944766931690266,-11.288389824178635
2010-09-20,1.24770806299399,1.3154832471915416,-11.288389824178635
2010-09-21,1.24770806299399,1.321774129279068,-11.288389824178635
2010-09-22,1.24770806299399,1.3178038235485567,-11.288389824178635
2010-09-23,1.24770806299399,1.3108859154139947,-11.288389824178635
2010-09-24,1.24770806299399,1.3238087955063793,-11.288389824178635
2010-09-27,1.24770806299399,1.3276251909379178,-11.288389824178635
2010-09-28,1.24770806299399,1.3262724343325023,-11.288389824178635
2010-09-29,1.24770806299399,1.3178697697617938,-11.288389824178635
2010-09-30,1.24770806299399,1.3263714610566144,-11.288389824178635
2010-10-01,1.24770806299399,1.3513263029371425,-11.288389824178635
2010-10-04,1.24770806299399,1.3548567882389775,-11.288389824178635
2010-10-05,1.24770806299399,1.35185419485581,-11.288389824178635
2010-10-06,1.24770806299399,1.360795813983563,-11.288389824178635
2010-10-07,1.24770806299399,1.3462451149859238,-11.288389824178635
2010-10-08,1.24770806299399,1.3425388089168744,-11.288389824178635
2010-10-11,1.24770806299399,1.3496656183295255,-11.288389824178635
2010-10-12,1.24770806299399,1.3397781973226708,-11.288389824178635
2010-10-13,1.24770806299399,1.3712330373773265,-11.288389824178635
2010-10-14,1.24770806299399,1.3587941208628695,-11.288389824178635
2010-10-15,1.24770806299399,1.3335642166825026,-11.288389824178635
2010-10-18,1.24770806299399,1.3364898012140556,-11.288389824178635
2010-10-19,1.24770806299399,1.3257884707545737,-11.288389824178635
2010-10-20,1.24770806299399,1.3158461661728587,-11.288389824178635
2010-10-21,1.24770806299399,1.3421098363180628,-11.288389824178635
2010-10-22,1.24770806299399,1.3343120725176363,-11.288389824178635
2010-10-25,1.24770806299399,1.3430556381971648,-11.288389824178635
2010-10-26,1.24770806299399,1.3378205399469734,-11.288389824178635
2010-10-27,1.24770806299399,1.3225660208591965,-11.288389824178635
2010-10-28,1.24770806299399,1.3170779855859203,-11.288389824178635
2010-10-29,1.24770806299399,1.323676903079904,-11.288389824178635
2010-11-01,1.24770806299399,1.3456402142156418,-11.288389824178635
2010-11-02,1.24770806299399,1.3459592048562201,-11.288389824178635
2010-11-03,1.24770806299399,1.3550877073895642,-11.288389824178635
2010-11-04,1.24770806299399,1.3817692874952028,-11.288389824178635
2010-11-08,1.24770806299399,1.3798776837369988,-11.288389824178635
2010-11-09,1.24770806299399,1.3861135748454085,-11.288389824178635
2010-11-10,1.24770806299399,1.380427593528164,-11.288389824178635
2010-11-11,1.24770806299399,1.3625114895702957,-11.288389824178635
2010-11-12,1.24770806299399,1.3355438919306974,-11.288389824178635
2010-11-15,1.24770806299399,1.3465311325198828,-11.288389824178635
2010-11-16,1.24770806299399,1.317297949502386,-11.288389824178635
2010-11-18,1.23061737377552,1.319519499135289,-12.503531895110608
2010-11-19,1.2083592572518933,1.2956534141987144,-14.08607625372752
2010-11-22,1.2317066666136876,1.321983137961412,-12.426083552431022
2010-11-23,1.2317066666136876,1.305430853247336,-12.426083552431022
2010-11-24,1.2317066666136876,1.2902533430111733,-12.426083552431022
2010-11-25,1.2317066666136876,1.275735724524409,-12.426083552431022
2010-11-26,1.2317066666136876,1.2652214922790306,-12.426083552431022
2010-11-29,1.2317066666136876,1.2823896329975093,-12.426083552431022
2010-11-30,1.2317066666136876,1.289582496027654,-12.426083552431022
2010-12-01,1.2317066666136876,1.311182888182074,-12.426083552431022
2010-12-02,1.2317066666136876,1.3223571195811068,-12.426083552431022
2010-12-03,1.2317066666136876,1.3181997156364922,-12.426083552431022
2010-12-06,1.2317066666136876,1.3180787784441383,-12.426083552431022
2010-12-07,1.2317066666136876,1.3146253019939178,-12.426083552431022
2010-12-08,1.2317066666136876,1.2986010166027655,-12.426083552431022
2010-12-09,1.2317066666136876,1.2684219243019108,-12.426083552431022
2010-12-10,1.2510746922178746,1.2884056675937094,-11.049023654981083
2010-12-13,1.2618182557097022,1.299469809630253,-10.28516002000609
2010-12-14,1.268341855112417,1.3074875373471455,-9.821334366937718
2010-12-15,1.268341855112417,1.2960933420316465,-9.821334366937718
2010-12-16,1.268341855112417,1.3085103480778617,-9.821334366937718
2010-12-20,1.268341855112417,1.3081363664581669,-9.821334366937718
2010-12-21,1.268341855112417,1.3199264538616025,-9.821334366937718
2010-12-22,1.268341855112417,1.3163520402190279,-9.821334366937718
2010-12-23,1.268341855112417,1.315384220467428,-9.821334366937718
2010-12-24,1.268341855112417,1.3223351017086087,-9.821334366937718
2010-12-27,1.268341855112417,1.319365588836316,-9.821334366937718
2010-12-28,1.268341855112417,1.318903643130886,-9.821334366937718
2010-12-29,1.268341855112417,1.3330583426363323,-9.821334366937718
2010-12-30,1.268341855112417,1.3421868451696766,-9.821334366937718
2010-12-31,1.268341855112417,1.3493686455614444,-9.821334366937718
2011-01-03,1.268341855112417,1.3544498335126631,-9.821334366937718
2011-01-04,1.268341855112417,1.3519752394524192,-9.821334366937718
2011-01-05,1.268341855112417,1.3373365763690448,-9.821334366937718
2011-01-06,1.268341855112417,1.330396757766241,-9.821334366937718
2011-01-07,1.268341855112417,1.2987989626467333,-9.821334366937718
2011-01-10,1.2373170927961203,1.2676190774876601,-12.02718419834502
2011-01-11,1.2354384174222164,1.2656943932185816,-12.160757365305862
2011-01-12,1.2576380914159038,1.289703433220008,-10.582368250281126
2011-01-13,1.2576380914159038,1.2652104296406537,-10.582368250281126
2011-01-14,1.2576380914159038,1.2437969208918251,-10.582368250281126
2011-01-17,1.2576380914159038,1.2438409566368207,-10.582368250281126
2011-01-18,1.2576380914159038,1.2590844130862207,-10.582368250281126
2011-01-19,1.2576380914159038,1.2518256038428384,-10.582368250281126
2011-01-20,1.2576380914159038,1.2563459267687709,-10.582368250281126
2011-01-21,1.2576380914159038,1.253024450149281,-10.582368250281126
2011-01-24,1.2576380914159038,1.2633077632440726,-10.582368250281126
2011-01-25,1.2576380914159038,1.2510227570285881,-10.582368250281126
2011-01-27,1.2576380914159038,1.2327437340894019,-10.582368250281126
2011-01-28,1.2576380914159038,1.2124740806678997,-10.582368250281126
2011-01-31,1.2576380914159038,1.2110993061899864,-10.582368250281126
2011-02-01,1.2576380914159038,1.1915885712419947,-10.582368250281126
2011-02-02,1.2576380914159038,1.1948439942439908,-10.582368250281126
2011-02-03,1.2576380914159038,1.2156855753291562,-10.582368250281126
2011-02-04,1.2576380914159038,1.186870302272094,-10.582368250281126
2011-02-07,1.2484712392552602,1.1869252932512104,-11.234128256915243
2011-02-08,1.229163387372775,1.16856926146041,-12.606909823639612
2011-02-09,1.2142834079890974,1.1555913903889086,-13.664871192697003
2011-02-10,1.2142834079890974,1.1494873917069737,-13.664871192697003
2011-02-11,1.2142834079890974,1.1680083964351238,-13.664871192697003
2011-02-14,1.2142834079890974,1.2001231282391782,-13.664871192697003
2011-02-15,1.2142834079890974,1.2056222261508314,-13.664871192697003
2011-02-16,1.2142834079890974,1.20577624385406,-13.664871192697003
2011-02-17,1.2142834079890974,1.2200189074452417,-13.664871192697003
2011-02-18,1.2142834079890974,1.2007720647544557,-13.664871192697003
2011-02-21,1.2142834079890974,1.213892890890809,-13.664871192697003
2011-02-22,1.2142834079890974,1.2030266948982338,-13.664871192697003
2011-02-23,1.2142834079890974,1.1960208226779363,-13.664871192697003
2011-02-24,1.2142834079890974,1.1576041461479787,-13.664871192697003
2011-02-25,1.209075559322409,1.166589586212215,-14.035147425155847
2011-02-28,1.2158464545872574,1.1731225574929616,-13.553739122130848
2011-03-01,1.2577291943173998,1.21470669293918,-10.575890865608295
2011-03-03,1.2577291943173998,1.217764277301464,-10.575890865608295
2011-03-04,1.2577291943173998,1.2183251423267503,-10.575890865608295
2011-03-07,1.2577291943173998,1.20169584876106,-10.575890865608295
2011-03-08,1.2577291943173998,1.2143767470644808,-10.575890865608295
2011-03-09,1.2577291943173998,1.2166204219741379,-10.575890865608295
2011-03-10,1.2577291943173998,1.2085697211506266,-10.575890865608295
2011-03-11,1.2577291943173998,1.1978025518821633,-10.575890865608295
2011-03-14,1.2577291943173998,1.216730403932371,-10.575890865608295
2011-03-15,1.2577291943173998,1.1987263358887674,-10.575890865608295
2011-03-16,1.2577291943173998,1.2122541167514342,-10.575890865608295
2011-03-17,1.2577291943173998,1.1980664441393691,-10.575890865608295
2011-03-18,1.2577291943173998,1.182020140875719,-10.575890865608295
2011-03-21,1.2577291943173998,1.1800514208616448,-10.575890865608295
2011-03-22,1.2577291943173998,1.1908516706409829,-10.575890865608295
2011-03-23,1.2577291943173998,1.2054572532134822,-10.575890865608295
2011-03-24,1.2577291943173998,1.214728710811678,-10.575890865608295
2011-03-25,1.2577291943173998,1.2437309746785878,-10.575890865608295
2011-03-28,1.2577291943173998,1.25098978392197,-10.575890865608295
2011-03-29,1.2577291943173998,1.2617900337013077,-10.575890865608295
2011-03-30,1.2577291943173998,1.2730741396543175,-10.575890865608295
2011-03-31,1.2577291943173998,1.283214497684257,-10.575890865608295
2011-04-01,1.2577291943173998,1.2815207325657654,-10.575890865608295
2011-04-04,1.2577291943173998,1.2996458452059791,-10.575890865608295
2011-04-05,1.2577291943173998,1.2999977015489201,-10.575890865608295
2011-04-06,1.2577291943173998,1.2959724048392924,-10.575890865608295
2011-04-07,1.2577291943173998,1.2946416661063747,-10.575890865608295
2011-04-08,1.2577291943173998,1.2850291999951025,-10.575890865608295
2011-04-11,1.2577291943173998,1.272645274459762,-10.575890865608295
2011-04-13,1.2577291943173998,1.300316692189498,-10.575890865608295
2011-04-15,1.2577291943173998,1.281190786691066,-10.575890865608295
2011-04-18,1.2577291943173998,1.260195295306928,-10.575890865608295
2011-04-19,1.2577291943173998,1.262757853452907,-10.575890865608295
2011-04-20,1.2577291943173998,1.287151830308149,-10.575890865608295
2011-04-21,1.2577291943173998,1.294421702189908,-10.575890865608295
2011-04-25,1.2577291943173998,1.292178027280251,-10.575890865608295
2011-04-26,1.2577291943173998,1.2908362259089563,-10.575890865608295
2011-04-27,1.2577291943173998,1.283247470790875,-10.575890865608295
2011-04-28,1.2577291943173998,1.2725902834806448,-10.575890865608295
2011-04-29,1.2577291943173998,1.2646825377219852,-10.575890865608295
2011-05-02,1.2577291943173998,1.2540802339866157,-10.575890865608295
2011-05-03,1.2577291943173998,1.2241541861131018,-10.575890865608295
2011-05-04,1.2495702322955504,1.2179731785795525,-11.155990233231861
2011-05-05,1.2321259628422574,1.2009700107984234,-12.396271736125353
2011-05-06,1.2515652576148673,1.2211187270275716,-11.014144625539423
2011-05-09,1.2515652576148673,1.2210417181759572,-11.014144625539423
2011-05-10,1.2515652576148673,1.2188750521179146,-11.014144625539423
2011-05-11,1.2515652576148673,1.224110150368106,-11.014144625539423
2011-05-12,1.2515652576148673,1.20675501883978,-11.014144625539423
2011-05-13,1.2515652576148673,1.2196449258255462,-11.014144625539423
2011-05-16,1.2515652576148673,1.2095815766472209,-11.014144625539423
2011-05-17,1.2515652576148673,1.1963727864251326,-11.014144625539423
2011-05-18,1.2515652576148673,1.192336427077128,-11.014144625539423
2011-05-19,1.2515652576148673,1.193986156450624,-11.014144625539423
2011-05-20,1.2515652576148673,1.2067990545847758,-11.014144625539423
2011-05-23,1.2515652576148673,1.1848465912789028,-11.014144625539423
2011-05-24,1.2515652576148673,1.1866723562281252,-11.014144625539423
2011-05-25,1.2515652576148673,1.1765760339431812,-11.014144625539423
2011-05-26,1.2515652576148673,1.1905217247662823,-11.014144625539423
2011-05-27,1.2515652576148673,1.2045444244409977,-11.014144625539423
2011-05-30,1.2515652576148673,1.2038845326915995,-11.014144625539423
2011-06-01,1.2515652576148673,1.2300382208785703,-11.014144625539423
2011-06-02,1.2515652576148673,1.2208767452386073,-11.014144625539423
2011-06-03,1.2515652576148673,1.2134859361644943,-11.014144625539423
2011-06-06,1.2515652576148673,1.2168513411247235,-11.014144625539423
2011-06-07,1.2515652576148673,1.2221524929924084,-11.014144625539423
2011-06-08,1.2515652576148673,1.2157075932016534,-11.014144625539423
2011-06-09,1.2515652576148673,1.2144317380435963,-11.014144625539423
2011-06-10,1.2515652576148673,1.2066780099881653,-11.014144625539423
2011-06-13,1.2515652576148673,1.206018118238767,-11.014144625539423
2011-06-14,1.2515652576148673,1.2099115225219197,-11.014144625539423
2011-06-15,1.2515652576148673,1.198253434949215,-11.014144625539423
2011-06-16,1.2515652576148673,1.1870902661885592,-11.014144625539423
2011-06-17,1.2515652576148673,1.1804143398429612,-11.014144625539423
2011-06-20,1.2515652576148673,1.1565482549063866,-11.014144625539423
2011-06-21,1.2491405970715372,1.160496650168656,-11.186537148524689
2011-06-22,1.24972060379027,1.1610354973214445,-11.145298872154086
2011-06-23,1.2583440611400756,1.1702080355997844,-10.53217404794795
2011-06-24,1.2583440611400756,1.2034775779652858,-10.53217404794795
2011-06-27,1.2583440611400756,1.215652602222537,-10.53217404794795
2011-06-28,1.2583440611400756,1.2197658630178998,-10.53217404794795
2011-06-29,1.2583440611400756,1.2318969589344115,-10.53217404794795
2011-06-30,1.2583440611400756,1.2422242003699426,-10.53217404794795
2011-07-01,1.2583440611400756,1.2377809936998805,-10.53217404794795
2011-07-04,1.2583440611400756,1.2429061099918386,-10.53217404794795
2011-07-05,1.2583440611400756,1.238858795409713,-10.53217404794795
2011-07-06,1.2583440611400756,1.2373960568460645,-10.53217404794795
2011-07-07,1.2583440611400756,1.2601623222003084,-10.53217404794795
2011-07-08,1.2583440611400756,1.2451387222631185,-10.53217404794795
2011-07-11,1.2583440611400756,1.2353393727462552,-10.53217404794795
2011-07-12,1.2583440611400756,1.2155535754984248,-10.53217404794795
2011-07-13,1.2583440611400756,1.2285975001874196,-10.53217404794795
2011-07-15,1.2583440611400756,1.2276406356699407,-10.53217404794795
2011-07-18,1.2583440611400756,1.2245500782010381,-10.53217404794795
2011-07-19,1.2583440611400756,1.234778400316713,-10.53217404794795
2011-07-20,1.2583440611400756,1.2245500782010383,-10.53217404794795
2011-07-21,1.2583440611400756,1.218952060969529,-10.53217404794795
2011-07-22,1.2583440611400756,1.2392657501360267,-10.53217404794795
2011-07-25,1.2583440611400756,1.2494609917408266,-10.53217404794795
2011-07-26,1.2583440611400756,1.2262658611920274,-10.53217404794795
2011-07-27,1.2583440611400756,1.220095808892599,-10.53217404794795
2011-07-28,1.2583440611400756,1.207106982586977,-10.53217404794795
2011-07-29,1.2583440611400756,1.2058421900672966,-10.53217404794795
2011-08-01,1.2583440611400756,1.2134968913986153,-10.53217404794795
2011-08-02,1.2583440611400756,1.2002440654315312,-10.53217404794795
2011-08-03,1.2583440611400756,1.1888609327544093,-10.53217404794795
2011-08-04,1.2583440611400756,1.1728035668523822,-10.53217404794795
2011-08-05,1.2583440611400756,1.1462869596840932,-10.53217404794795
2011-08-08,1.2656621892399544,1.1258853064318601,-10.011857680307145
2011-08-09,1.2543742425096662,1.1158439751260327,-10.814426774570974
2011-08-10,1.274916878794006,1.1352337728816704,-9.353852465491741
2011-08-11,1.274916878794006,1.1302405490161869,-9.353852465491741
2011-08-12,1.274916878794006,1.1158659929985304,-9.353852465491741
2011-08-16,1.274916878794006,1.1076942475784088,-9.353852465491741
2011-08-17,1.274916878794006,1.112269561483458,-9.353852465491741
2011-08-18,1.274916878794006,1.0875345761151396,-9.353852465491741
2011-08-19,1.274916878794006,1.0658681303432262,-9.353852465491741
2011-08-22,1.274916878794006,1.0775591910225497,-9.353852465491741
2011-08-23,1.274916878794006,1.0885794047183537,-9.353852465491741
2011-08-24,1.274916878794006,1.0753815697303861,-9.353852465491741
2011-08-25,1.274916878794006,1.0645373916103087,-9.353852465491741
2011-08-26,1.274916878794006,1.0443446396361646,-9.353852465491741
2011-08-29,1.274916878794006,1.0821345049275986,-9.353852465491741
2011-08-30,1.274916878794006,1.1000395462470898,-9.353852465491741
2011-09-02,1.274916878794006,1.1086181389892686,-9.353852465491741
2011-09-05,1.274916878794006,1.1036030046555434,-9.353852465491741
2011-09-06,1.274916878794006,1.113963219197693,-9.353852465491741
2011-09-07,1.274916878794006,1.1272380630372747,-9.353852465491741
2011-09-08,1.274916878794006,1.1335290525290571,-9.353852465491741
2011-09-09,1.274916878794006,1.112896480126237,-9.353852465491741
2011-09-12,1.274916878794006,1.0881174590129232,-9.353852465491741
2011-09-13,1.2642040192874444,1.0868307560250012,-10.115533057772252
2011-09-14,1.2825236765139347,1.1025800865205708,-8.81301178806807
2011-09-15,1.297398971575087,1.1164708937688115,-7.755383472716204
2011-09-16,1.297398971575087,1.1183515422928945,-7.755383472716204
2011-09-19,1.297398971575087,1.1068474724234185,-7.755383472716204
2011-09-20,1.297398971575087,1.1306585663808766,-7.755383472716204
2011-09-21,1.297398971575087,1.1291297741997346,-7.755383472716204
2011-09-22,1.297398971575087,1.0830253158275835,-7.755383472716204
2011-09-23,1.297398971575087,1.0707293543779783,-7.755383472716204
2011-09-26,1.297398971575087,1.063613500199448,-7.755383472716204
2011-09-27,1.297398971575087,1.0934956197322223,-7.755383472716204
2011-09-28,1.297398971575087,1.087919512968955,-7.755383472716204
2011-09-29,1.297398971575087,1.1032180678017276,-7.755383472716204
2011-09-30,1.297398971575087,1.0873366300711709,-7.755383472716204
2011-10-03,1.297398971575087,1.0667150129024716,-7.755383472716204
2011-10-04,1.297398971575087,1.0497007824829656,-7.755383472716204
2011-10-05,1.297398971575087,1.0451145133437958,-7.755383472716204
2011-10-07,1.297398971575087,1.0751945789205384,-7.755383472716204
2011-10-10,1.297398971575087,1.0953323399155657,-7.755383472716204
2011-10-11,1.297398971575087,1.0941775293541185,-7.755383472716204
2011-10-12,1.297398971575087,1.121683974146505,-7.755383472716204
2011-10-13,1.297398971575087,1.1169437947083625,-7.755383472716204
2011-10-14,1.297398971575087,1.1289207655173892,-7.755383472716204
2011-10-17,1.297398971575087,1.1258303154527425,-7.755383472716204
2011-10-18,1.297398971575087,1.108068229198103,-7.755383472716204
2011-10-19,1.297398971575087,1.1304275398260333,-7.755383472716204
2011-10-20,1.297398971575087,1.120034244773009,-7.755383472716204
2011-10-21,1.297398971575087,1.1108068229198087,-7.755383472716204
2011-10-24,1.297398971575087,1.1214530549959179,-7.755383472716204
2011-10-25,1.297398971575087,1.1419646902063838,-7.755383472716204
2011-10-28,1.297398971575087,1.1791606099616567,-7.755383472716204
2011-10-31,1.297398971575087,1.1716598189293106,-7.755383472716204
2011-11-01,1.297398971575087,1.1565593175447624,-7.755383472716204
2011-11-02,1.297398971575087,1.1566692995029955,-7.755383472716204
2011-11-03,1.297398971575087,1.1582749931314957,-7.755383472716204
2011-11-04,1.297398971575087,1.162333370351998,-7.755383472716204
2011-11-08,1.297398971575087,1.1634661630409473,-7.755383472716204
2011-11-09,1.297398971575087,1.1484425631037574,-7.755383472716204
2011-11-11,1.297398971575087,1.1369605111067793,-7.755383472716204
2011-11-14,1.297398971575087,1.1324512508192237,-7.755383472716204
2011-11-15,1.297398971575087,1.1148871106085523,-7.755383472716204
2011-11-16,1.297398971575087,1.1065175265487186,-7.755383472716204
2011-11-17,1.297398971575087,1.085466936781208,-7.755383472716204
2011-11-18,1.297398971575087,1.0790989384378111,-7.755383472716204
2011-11-21,1.297398971575087,1.0510646017267573,-7.755383472716204
2011-11-22,1.3008367533787488,1.0585433748866055,-7.5109583797948964
2011-11-23,1.2722107219486867,1.0352492176136943,-9.546259277835755
2011-11-25,1.2719115294148966,1.0360410017895674,-9.567531763132841
2011-11-28,1.2719115294148966,1.0671109049904075,-9.567531763132841
2011-11-29,1.2719115294148966,1.0569486364922263,-9.567531763132841
2011-11-30,1.2719115294148966,1.0628765995984346,-9.567531763132841
2011-12-01,1.2719115294148966,1.0859288824866382,-9.567531763132841
2011-12-02,1.2719115294148966,1.1108507512605477,-9.567531763132841
2011-12-05,1.2719115294148966,1.1084311481794202,-9.567531763132841
2011-12-07,1.2719115294148966,1.1135893449822531,-9.567531763132841
2011-12-08,1.2719115294148966,1.0874245941569052,-9.567531763132841
2011-12-09,1.269582081926151,1.0704984352273905,-9.73315467098741
2011-12-12,1.2429471035331658,1.048040097875348,-11.626892389224231
2011-12-13,1.2510955208274979,1.0559587988681283,-11.047542748066874
2011-12-14,1.2510955208274979,1.0477431251072673,-11.047542748066874
2011-12-15,1.2510955208274979,1.044025756399841,-11.047542748066874
2011-12-16,1.2510955208274979,1.0231841753146755,-11.047542748066874
2011-12-19,1.2510955208274979,1.0147155645307298,-11.047542748066874
2011-12-20,1.2510955208274979,0.999560072167065,-11.047542748066874
2011-12-21,1.2510955208274979,1.0323236330821406,-11.047542748066874
2011-12-22,1.2510955208274979,1.0412762074440143,-11.047542748066874
2011-12-23,1.2510955208274979,1.0369099022213104,-11.047542748066874
2011-12-27,1.2510955208274979,1.0449385851723239,-11.047542748066874
2011-12-28,1.2510955208274979,1.0351061551445857,-11.047542748066874
2011-12-29,1.2510955208274979,1.0220073468807305,-11.047542748066874
2011-12-30,1.2510955208274979,1.0171790959525966,-11.047542748066874
2012-01-03,1.2510955208274979,1.0481940081743202,-11.047542748066874
2012-01-04,1.2510955208274979,1.0447515943624766,-11.047542748066874
2012-01-05,1.2510955208274979,1.0448176479799702,-11.047542748066874
2012-01-06,1.2510955208274979,1.0457304767524533,-11.047542748066874
2012-01-09,1.2510955208274979,1.0432448200538325,-11.047542748066874
2012-01-10,1.2510955208274979,1.0667259681365913,-11.047542748066874
2012-01-11,1.2510955208274979,1.06923364270771,-11.047542748066874
2012-01-12,1.2510955208274979,1.0627006714269638,-11.047542748066874
2012-01-13,1.2510955208274979,1.0703444175241617,-11.047542748066874
2012-01-16,1.2510955208274979,1.0720821109833927,-11.047542748066874
2012-01-17,1.2510955208274979,1.0926267193004775,-11.047542748066874
2012-01-18,1.2510955208274979,1.090097134261117,-11.047542748066874
2012-01-19,1.2510955208274979,1.1038668969127474,-11.047542748066874
2012-01-20,1.2510955208274979,1.110509850151727,-11.047542748066874
2012-01-23,1.2510955208274979,1.1099929134671804,-11.047542748066874
2012-01-24,1.2510955208274979,1.1278320085734344,-11.047542748066874
2012-01-25,1.2510955208274979,1.1346398273455072,-11.047542748066874
2012-01-27,1.2510955208274979,1.1448462389929401,-11.047542748066874
2012-01-30,1.2510955208274979,1.1190223892764122,-11.047542748066874
2012-01-31,1.267908142889468,1.1436473926864974,-9.852171155439681
2012-02-01,1.2767970209866226,1.15166512040339,-9.220175008229592
2012-02-02,1.2838602897500004,1.159187821903978,-8.71797905094751
2012-02-03,1.2838602897500004,1.17149484599196,-8.71797905094751
2012-02-06,1.2838602897500004,1.1793695112397449,-8.71797905094751
2012-02-07,1.2838602897500004,1.1735404674533927,-8.71797905094751
2012-02-08,1.2838602897500004,1.180799276696775,-8.71797905094751
2012-02-09,1.2838602897500004,1.19052172476628,-8.71797905094751
2012-02-10,1.2838602897500004,1.1837578343349466,-8.71797905094751
2012-02-13,1.2838602897500004,1.1856495454974065,-8.71797905094751
2012-02-14,1.2838602897500004,1.1913355268146508,-8.71797905094751
2012-02-15,1.2838602897500004,1.2168294306564795,-8.71797905094751
2012-02-16,1.2838602897500004,1.2146297914918183,-8.71797905094751
2012-02-17,1.2838602897500004,1.2239451774307537,-8.71797905094751
2012-02-21,1.2838602897500004,1.2333706527321784,-8.71797905094751
2012-02-22,1.2838602897500004,1.2109783689976292,-8.71797905094751
2012-02-23,1.2838602897500004,1.2061281001969975,-8.71797905094751
2012-02-24,1.2838602897500004,1.1942500487078267,-8.71797905094751
2012-02-27,1.2838602897500004,1.1616734786025984,-8.71797905094751
2012-02-28,1.2982907536921964,1.1824160329636513,-7.691978073744165
2012-02-29,1.300633544852689,1.184549725915075,-7.525406435460235
2012-03-01,1.2883557801892942,1.1745523229499872,-8.398351241183432
2012-03-02,1.2883557801892942,1.1788636371935746,-8.398351241183432
2012-03-05,1.2883557801892942,1.1614864877927507,-8.398351241183432
2012-03-06,1.2883557801892942,1.1487395358718364,-8.398351241183432
2012-03-07,1.2883557801892942,1.1483106706772812,-8.398351241183432
2012-03-09,1.2883557801892942,1.173188503706195,-8.398351241183432
2012-03-12,1.2883557801892942,1.1789075655343142,-8.398351241183432
2012-03-13,1.2883557801892942,1.194294084452822,-8.398351241183432
2012-03-14,1.2883557801892942,1.2018608216984055,-8.398351241183432
2012-03-15,1.2883557801892942,1.183515852545982,-8.398351241183432
2012-03-16,1.2883557801892942,1.1697460898943512,-8.398351241183432
2012-03-19,1.2883557801892942,1.1563612640965364,-8.398351241183432
2012-03-20,1.2883557801892942,1.1602766862521872,-8.398351241183432
2012-03-21,1.2883557801892942,1.1800954566066362,-8.398351241183432
2012-03-22,1.2883557801892942,1.1500703820090101,-8.398351241183432
2012-03-23,1.292595342141657,1.1610135868531997,-8.096919858002527
2012-03-26,1.269587578062893,1.1403479339395048,-9.732763897572871
2012-03-27,1.2827421761172249,1.1533037871385083,-8.797476542119487
2012-03-28,1.2827421761172249,1.1426575550623992,-8.797476542119487
2012-03-29,1.2827421761172249,1.139160150271439,-8.797476542119487
2012-03-30,1.2827421761172249,1.164829874880482,-8.797476542119487
2012-04-02,1.2827421761172249,1.1697460898943512,-8.797476542119487
2012-04-03,1.2827421761172249,1.1786766463837273,-8.797476542119487
2012-04-04,1.2827421761172249,1.170845909476682,-8.797476542119487
2012-04-09,1.2827421761172249,1.15137910286943,-8.797476542119487
2012-04-10,1.2827421761172249,1.1534028138626207,-8.797476542119487
2012-04-11,1.2827421761172249,1.149718418261813,-8.797476542119487
2012-04-12,1.2827421761172249,1.1607166140851193,-8.797476542119487
2012-04-13,1.2827421761172249,1.1454511397632214,-8.797476542119487
2012-04-16,1.2827421761172249,1.1495754631969612,-8.797476542119487
2012-04-17,1.2827421761172249,1.1635431718925602,-8.797476542119487
2012-04-18,1.2827421761172249,1.1658087572704587,-8.797476542119487
2012-04-19,1.2827421761172249,1.17293556668311,-8.797476542119487
2012-04-20,1.2827421761172249,1.163796108915645,-8.797476542119487
2012-04-23,1.2827421761172249,1.1439443654545773,-8.797476542119487
2012-04-24,1.2827421761172249,1.148794526850953,-8.797476542119487
2012-04-25,1.2827421761172249,1.1442522934567787,-8.797476542119487
2012-04-26,1.2827421761172249,1.1413927625427192,-8.797476542119487
2012-04-27,1.2827421761172249,1.141744726289916,-8.797476542119487
2012-04-30,1.2827421761172249,1.1544036067208392,-8.797476542119487
2012-05-02,1.2827421761172249,1.152423931472644,-8.797476542119487
2012-05-03,1.2827421761172249,1.1412607627119884,-8.797476542119487
2012-05-04,1.2827421761172249,1.1189234699565558,-8.797476542119487
2012-05-07,1.2827421761172249,1.1249284419143784,-8.797476542119487
2012-05-08,1.2827421761172249,1.0998086270965006,-8.797476542119487
2012-05-09,1.2832410309783675,1.0942764486739727,-8.762008134654199
2012-05-10,1.2808938024316283,1.0922748629575358,-8.928895269559955
2012-05-11,1.2701203365170428,1.0841801263890287,-9.694884956413341
2012-05-14,1.2701203365170428,1.0795388662707424,-9.694884956413341
2012-05-15,1.2701203365170428,1.0872376033470565,-9.694884956413341
2012-05-16,1.2701203365170428,1.0686396971715482,-9.694884956413341
2012-05-17,1.2701203365170428,1.0712683089350208,-9.694884956413341
2012-05-18,1.2701203365170428,1.075942542159926,-9.694884956413341
2012-05-22,1.2701203365170428,1.069134615983597,-9.694884956413341
2012-05-23,1.2701203365170428,1.0636684911785625,-9.694884956413341
2012-05-24,1.2701203365170428,1.0825303970155327,-9.694884956413341
2012-05-25,1.2701203365170428,1.0823104330990665,-9.694884956413341
2012-05-28,1.2701203365170428,1.0966630786484812,-9.694884956413341
2012-05-29,1.2701203365170428,1.0976419610384578,-9.694884956413341
2012-05-30,1.2701203365170428,1.0889863594446647,-9.694884956413341
2012-05-31,1.2701203365170428,1.0831573156583123,-9.694884956413341
2012-06-01,1.2701203365170428,1.0649773194432384,-9.694884956413341
2012-06-04,1.2701203365170428,1.066418040134389,-9.694884956413341
2012-06-05,1.2701203365170428,1.0697504719879996,-9.694884956413341
2012-06-06,1.2701203365170428,1.0991817084537205,-9.694884956413341
2012-06-07,1.2701203365170428,1.1107407693023128,-9.694884956413341
2012-06-08,1.2701203365170428,1.1148541375019316,-9.694884956413341
2012-06-11,1.2701203365170428,1.1117196516922894,-9.694884956413341
2012-06-12,1.2701203365170428,1.1253133787681935,-9.694884956413341
2012-06-13,1.2701203365170428,1.1265342429471341,-9.694884956413341
2012-06-14,1.2701203365170428,1.111862606757141,-9.694884956413341
2012-06-15,1.2701203365170428,1.130405521953533,-9.694884956413341
2012-06-18,1.2701203365170428,1.1139522639635693,-9.694884956413341
2012-06-19,1.2701203365170428,1.1226628565364791,-9.694884956413341
2012-06-20,1.2701203365170428,1.1263361894989097,-9.694884956413341
2012-06-21,1.2701203365170428,1.1361136285475313,-9.694884956413341
2012-06-22,1.2701203365170428,1.131945269368796,-9.694884956413341
2012-06-25,1.2701203365170428,1.1250384238726108,-9.694884956413341
2012-06-26,1.2701203365170428,1.1263911804780262,-9.694884956413341
2012-06-27,1.2701203365170428,1.1310324405963128,-9.694884956413341
2012-06-28,1.2701203365170428,1.132627178990692,-9.694884956413341
2012-06-29,1.2701203365170428,1.1611674971521717,-9.694884956413341
2012-07-02,1.2701203365170428,1.1611015509389344,-9.694884956413341
2012-07-03,1.2701203365170428,1.163158235038744,-9.694884956413341
2012-07-04,1.2701203365170428,1.1663696222957445,-9.694884956413341
2012-07-05,1.2701203365170428,1.171813729228281,-9.694884956413341
2012-07-06,1.2701203365170428,1.1695371886162615,-9.694884956413341
2012-07-09,1.2701203365170428,1.1603426324654238,-9.694884956413341
2012-07-10,1.2701203365170428,1.1757841423630482,-9.694884956413341
2012-07-11,1.2701203365170428,1.1671944869824924,-9.694884956413341
2012-07-12,1.2701203365170428,1.1515660936792766,-9.694884956413341
2012-07-13,1.2701203365170428,1.1498063823475477,-9.694884956413341
2012-07-16,1.2701203365170428,1.143207464853564,-9.694884956413341
2012-07-17,1.2701203365170428,1.1422396451019643,-9.694884956413341
2012-07-18,1.2701203365170428,1.1473977345005413,-9.694884956413341
2012-07-19,1.2701203365170428,1.1532048678186517,-9.694884956413341
2012-07-20,1.2701203365170428,1.1449342030786742,-9.694884956413341
2012-07-23,1.2701203365170428,1.1257643692395027,-9.694884956413341
2012-07-24,1.2701203365170428,1.1280189993832805,-9.694884956413341
2012-07-25,1.2701203365170428,1.1239276490561594,-9.694884956413341
2012-07-26,1.2701203365170428,1.1092780307386643,-9.694884956413341
2012-07-27,1.2701203365170428,1.1217830008706144,-9.694884956413341
2012-07-30,1.2701203365170428,1.14376832987885,-9.694884956413341
2012-07-31,1.2701203365170428,1.150191319201363,-9.694884956413341
2012-08-01,1.2701203365170428,1.1527209042407236,-9.694884956413341
2012-08-02,1.2701203365170428,1.1499163643057804,-9.694884956413341
2012-08-03,1.2701203365170428,1.147265842074066,-9.694884956413341
2012-08-06,1.2701203365170428,1.1619703439664215,-9.694884956413341
2012-08-07,1.2701203365170428,1.1738814759664669,-9.694884956413341
2012-08-08,1.2701203365170428,1.1741673860961703,-9.694884956413341
2012-08-09,1.2701203365170428,1.1708569721150575,-9.694884956413341
2012-08-10,1.2701203365170428,1.1702959996855151,-9.694884956413341
2012-08-13,1.2701203365170428,1.1763450073883337,-9.694884956413341
2012-08-14,1.2701203365170428,1.183482879439362,-9.694884956413341
2012-08-16,1.2701203365170428,1.1796555287737025,-9.694884956413341
2012-08-17,1.2701203365170428,1.1803923219704593,-9.694884956413341
2012-08-21,1.2701203365170428,1.1924243911628587,-9.694884956413341
2012-08-22,1.2701203365170428,1.190631706724511,-9.694884956413341
2012-08-23,1.2701203365170428,1.1911816165156763,-9.694884956413341
2012-08-24,1.2701203365170428,1.184879671789773,-9.694884956413341
2012-08-27,1.2701203365170428,1.1768619440728803,-9.694884956413341
2012-08-29,1.2701203365170428,1.1631251545278685,-9.694884956413341
2012-08-30,1.2701203365170428,1.1691191712515703,-9.694884956413341
2012-08-31,1.2701203365170428,1.1566802547371133,-9.694884956413341
2012-09-03,1.2701203365170428,1.1556354261338992,-9.694884956413341
2012-09-04,1.2701203365170428,1.1600896954423383,-9.694884956413341
2012-09-05,1.2701203365170428,1.149465481238727,-9.694884956413341
2012-09-06,1.2701203365170428,1.1522589585352931,-9.694884956413341
2012-09-07,1.2701203365170428,1.1750692596345327,-9.694884956413341
2012-09-10,1.2701203365170428,1.1797655107319356,-9.694884956413341
2012-09-11,1.2701203365170428,1.1856055097524087,-9.694884956413341
2012-09-12,1.2701203365170428,1.1946240303275197,-9.694884956413341
2012-09-13,1.2701203365170428,1.1955808948449986,-9.694884956413341
2012-09-14,1.2701203365170428,1.2268817171964257,-9.694884956413341
2012-09-17,1.2701203365170428,1.233997571374956,-9.694884956413341
2012-09-18,1.2701203365170428,1.2318088874444155,-9.694884956413341
2012-09-20,1.2701203365170428,1.2217345830319695,-9.694884956413341
2012-09-21,1.2701203365170428,1.2518476217153307,-9.694884956413341
2012-09-24,1.2701203365170428,1.2471074422771882,-9.694884956413341
2012-09-25,1.2701203365170428,1.2480532441562902,-9.694884956413341
2012-09-26,1.2701203365170428,1.2457546856717727,-9.694884956413341
2012-09-27,1.2701203365170428,1.242686146075368,-9.694884956413341
2012-09-28,1.2701203365170428,1.254520161819543,-9.694884956413341
2012-10-01,1.2701203365170428,1.2579296025247677,-9.694884956413341
2012-10-03,1.2701203365170428,1.2606681962464732,-9.694884956413341
2012-10-04,1.2701203365170428,1.2730631844201905,-9.694884956413341
2012-10-05,1.2701203365170428,1.264121672696694,-9.694884956413341
2012-10-08,1.2701203365170428,1.24851518986172,-9.694884956413341
2012-10-09,1.2701203365170428,1.2548061793535024,-9.694884956413341
2012-10-10,1.2701203365170428,1.2432690289731516,-9.694884956413341
2012-10-11,1.2701203365170428,1.2555649904227566,-9.694884956413341
2012-10-12,1.2701203365170428,1.2485261450958405,-9.694884956413341
2012-10-15,1.2701203365170428,1.2509897839219637,-9.694884956413341
2012-10-16,1.2701203365170428,1.2423562002006683,-9.694884956413341
2012-10-17,1.2701203365170428,1.2450507581773782,-9.694884956413341
2012-10-18,1.2701203365170428,1.2579076920565255,-9.694884956413341
2012-10-19,1.2701203365170428,1.250329892172565,-9.694884956413341
2012-10-22,1.2701203365170428,1.2575666835434491,-9.694884956413341
2012-10-23,1.2701203365170428,1.2519026126944464,-9.694884956413341
2012-10-25,1.2701203365170428,1.2549600896524742,-9.694884956413341
2012-10-29,1.2701203365170428,1.2462275866113228,-9.694884956413341
2012-10-30,1.2701203365170428,1.2313359865048639,-9.694884956413341
2012-10-31,1.2701203365170428,1.2361312643263789,-9.694884956413341
2012-11-01,1.2701203365170428,1.2417072636853903,-9.694884956413341
2012-11-02,1.2701203365170428,1.2532884498107366,-9.694884956413341
2012-11-05,1.2701203365170428,1.2547182152677663,-9.694884956413341
2012-11-06,1.2701203365170428,1.2591614219378282,-9.694884956413341
2012-11-07,1.2701203365170428,1.2670141767173713,-9.694884956413341
2012-11-08,1.2701203365170428,1.2623179256199684,-9.694884956413341
2012-11-09,1.2701203365170428,1.2507698200054969,-9.694884956413341
2012-11-12,1.2701203365170428,1.2502089549802107,-9.694884956413341
2012-11-15,1.2701203365170428,1.2386168136207434,-9.694884956413341
2012-11-16,1.2701203365170428,1.2260898256162953,-9.694884956413341
2012-11-19,1.2701203365170428,1.2255069427185112,-9.694884956413341
2012-11-20,1.2701203365170428,1.2255399158251299,-9.694884956413341
2012-11-21,1.2701203365170428,1.2350533552122898,-9.694884956413341
2012-11-22,1.2701203365170428,1.2379019308922283,-9.694884956413341
2012-11-23,1.2701203365170428,1.2376489938691435,-9.694884956413341
2012-11-26,1.2701203365170428,1.239694615330576,-9.694884956413341
2012-11-27,1.2701203365170428,1.2598323763256032,-9.694884956413341
2012-11-29,1.2701203365170428,1.2812898134151713,-9.694884956413341
2012-11-30,1.2701203365170428,1.2933548557141894,-9.694884956413341
2012-12-03,1.2701203365170428,1.2913971983384922,-9.694884956413341
2012-12-04,1.2701203365170428,1.2954224950481197,-9.694884956413341
2012-12-05,1.2701203365170428,1.2978970891083637,-9.694884956413341
2012-12-06,1.2701203365170428,1.3045839706880826,-9.694884956413341
2012-12-07,1.2701203365170428,1.2994148186511287,-9.694884956413341
2012-12-10,1.2701203365170428,1.299744764525828,-9.694884956413341
2012-12-11,1.2701203365170428,1.2975231074886688,-9.694884956413341
2012-12-12,1.2701203365170428,1.295147540152537,-9.694884956413341
2012-12-13,1.2701203365170428,1.2871188572015235,-9.694884956413341
2012-12-14,1.2701203365170428,1.2932998647350729,-9.694884956413341
2012-12-17,1.2701203365170428,1.2885266047860555,-9.694884956413341
2012-12-18,1.2701203365170428,1.2970831796557365,-9.694884956413341
2012-12-19,1.2701203365170428,1.304298060558379,-9.694884956413341
2012-12-20,1.2701203365170428,1.3013944938993236,-9.694884956413341
2012-12-21,1.2701203365170428,1.2862830372806546,-9.694884956413341
2012-12-24,1.2701203365170428,1.2880537038465043,-9.694884956413341
2012-12-26,1.2701203365170428,1.2990189265631917,-9.694884956413341
2012-12-27,1.2701203365170428,1.2912102075286445,-9.694884956413341
2012-12-28,1.2701203365170428,1.2996238273334735,-9.694884956413341
2012-12-31,1.2701203365170428,1.2989089446049586,-9.694884956413341
2013-01-02,1.2701203365170428,1.318298742360596,-9.694884956413341
2013-01-03,1.2701203365170428,1.3218731560031705,-9.694884956413341
2013-01-04,1.2701203365170428,1.323335894566819,-9.694884956413341
2013-01-07,1.2701203365170428,1.317231895884884,-9.694884956413341
2013-01-08,1.2701203365170428,1.3201574804164373,-9.694884956413341
2013-01-09,1.2701203365170428,1.313514527177458,-9.694884956413341
2013-01-10,1.2701203365170428,1.3128876085346783,-9.694884956413341
2013-01-11,1.2701203365170428,1.30907121310314,-9.694884956413341
2013-01-14,1.2701203365170428,1.3250735880260505,-9.694884956413341
2013-01-15,1.2701203365170428,1.3322334779495764,-9.694884956413341
2013-01-16,1.2701203365170428,1.320190453523056,-9.694884956413341
2013-01-17,1.2701203365170428,1.328406127283917,-9.694884956413341
2013-01-18,1.2701203365170428,1.3339491535363097,-9.694884956413341
2013-01-21,1.2701203365170428,1.3378864861602022,-9.694884956413341
2013-01-22,1.2701203365170428,1.3304517487453498,-9.694884956413341
2013-01-23,1.2701203365170428,1.3317274964991508,-9.694884956413341
2013-01-24,1.2701203365170428,1.3240398220612135,-9.694884956413341
2013-01-25,1.2701203365170428,1.336203783680088,-9.694884956413341
2013-01-28,1.2701203365170428,1.3362367567867066,-9.694884956413341
2013-01-29,1.2701203365170428,1.3307596767475514,-9.694884956413341
2013-01-30,1.2701203365170428,1.3320464871397293,-9.694884956413341
2013-01-31,1.2701203365170428,1.3274272448939406,-9.694884956413341
2013-02-01,1.2701203365170428,1.3195415170077789,-9.694884956413341
2013-02-04,1.2701203365170428,1.3169789588617997,-9.694884956413341
2013-02-05,1.2701203365170428,1.3103030325162017,-9.694884956413341
2013-02-06,1.2701203365170428,1.3108090139666275,-9.694884956413341
2013-02-07,1.2701203365170428,1.3063216641473137,-9.694884956413341
2013-02-08,1.2701203365170428,1.298556980857762,-9.694884956413341
2013-02-11,1.2701203365170428,1.2973142062105796,-9.694884956413341
2013-02-12,1.2701203365170428,1.3027362952706183,-9.694884956413341
2013-02-13,1.2701203365170428,1.3050349611593917,-9.694884956413341
2013-02-14,1.2701203365170428,1.297116260166611,-9.694884956413341
2013-02-15,1.2701203365170428,1.295015540321806,-9.694884956413341
2013-02-18,1.2701203365170428,1.2973912150621938,-9.694884956413341
2013-02-19,1.2701203365170428,1.3065197175955379,-9.694884956413341
2013-02-20,1.2701203365170428,1.3072565107922944,-9.694884956413341
2013-02-21,1.2701203365170428,1.287283830138873,-9.694884956413341
2013-02-22,1.2701203365170428,1.2868548575400616,-9.694884956413341
2013-02-25,1.2701203365170428,1.2878337399300384,-9.694884956413341
2013-02-26,1.2701203365170428,1.2672891316129535,-9.694884956413341
2013-02-27,1.2701203365170428,1.275108805881622,-9.694884956413341
2013-02-28,1.2701203365170428,1.2522655316757638,-9.694884956413341
2013-03-01,1.2701203365170428,1.258127655972991,-9.694884956413341
2013-03-04,1.2701203365170428,1.2534643779822068,-9.694884956413341
2013-03-05,1.2701203365170428,1.272326283819177,-9.694884956413341
2013-03-06,1.2701203365170428,1.2798820658306396,-9.694884956413341
2013-03-07,1.2701203365170428,1.2897143884541218,-9.694884956413341
2013-03-08,1.2701203365170428,1.3078395010943353,-9.694884956413341
2013-03-11,1.2701203365170428,1.3071026004933226,-9.694884956413341
2013-03-12,1.2701203365170428,1.3008886198531546,-9.694884956413341
2013-03-13,1.2701203365170428,1.2870529109882867,-9.694884956413341
2013-03-14,1.2701203365170428,1.2997558271642053,-9.694884956413341
2013-03-15,1.2701203365170428,1.2917601173198106,-9.694884956413341
2013-03-18,1.2701203365170428,1.2835444435589496,-9.694884956413341
2013-03-19,1.2701203365170428,1.2639017087802271,-9.694884956413341
2013-03-20,1.2701203365170428,1.2525625044438449,-9.694884956413341
2013-03-21,1.2701203365170428,1.2447208123026787,-9.694884956413341
2013-03-22,1.2701203365170428,1.2430931008016806,-9.694884956413341
2013-03-25,1.2701203365170428,1.2392437322635232,-9.694884956413341
2013-03-26,1.2701203365170428,1.2409484526161356,-9.694884956413341
2013-03-28,1.2701203365170428,1.2499559105528697,-9.694884956413341
2013-04-01,1.2701203365170428,1.2547621436085057,-9.694884956413341
2013-04-02,1.2701203365170428,1.2643746097197777,-9.694884956413341
2013-04-03,1.2701203365170428,1.2478332802398227,-9.694884956413341
2013-04-04,1.2701203365170428,1.226243843319524,-9.694884956413341
2013-04-05,1.2701203365170428,1.2215146191155024,-9.694884956413341
2013-04-08,1.2701203365170428,1.2192490337376036,-9.694884956413341
2013-04-09,1.2701203365170428,1.2087237388538483,-9.694884956413341
2013-04-10,1.2701203365170428,1.222713465421945,-9.694884956413341
2013-04-11,1.2701203365170428,1.2304781487114969,-9.694884956413341
2013-04-12,1.2701203365170428,1.2160814674170866,-9.694884956413341
2013-04-15,1.2701203365170428,1.224847050969113,-9.694884956413341
2013-04-16,1.2701203365170428,1.2513637655416578,-9.694884956413341
2013-04-17,1.2701203365170428,1.2513087745625413,-9.694884956413341
2013-04-18,1.2701203365170428,1.272073346796092,-9.694884956413341
2013-04-22,1.2701203365170428,1.2833574527491018,-9.694884956413341
2013-04-23,1.2701203365170428,1.2839073625402673,-9.694884956413341
2013-04-25,1.2701203365170428,1.3013724760268264,-9.694884956413341
2013-04-26,1.2701203365170428,1.2915071802967257,-9.694884956413341
2013-04-29,1.2701203365170428,1.2986889806884934,-9.694884956413341
2013-04-30,1.2701203365170428,1.3044300603891104,-9.694884956413341
2013-05-02,1.2701203365170428,1.3196405437318917,-9.694884956413341
2013-05-03,1.2701203365170428,1.3074655194746405,-9.694884956413341
2013-05-06,1.2701203365170428,1.3134155004533468,-9.694884956413341
2013-05-07,1.2701203365170428,1.3293628843971408,-9.694884956413341
2013-05-08,1.2701203365170428,1.3350269552461436,-9.694884956413341
2013-05-09,1.2701203365170428,1.3308146677266686,-9.694884956413341
2013-05-10,1.2701203365170428,1.3406250798819088,-9.694884956413341
2013-05-13,1.2701203365170428,1.3154832471915334,-9.694884956413341
2013-05-14,1.2701203365170428,1.3187716433001484,-9.694884956413341
2013-05-15,1.2701203365170428,1.3520632035381477,-9.694884956413341
2013-05-16,1.2701203365170428,1.3571553467234871,-9.694884956413341
2013-05-17,1.2701203365170428,1.3609826973891466,-9.694884956413341
2013-05-20,1.2701203365170428,1.3542958158094276,-9.694884956413341
2013-05-21,1.2701203365170428,1.34488140314638,-9.694884956413341
2013-05-22,1.2701203365170428,1.3405700889027927,-9.694884956413341
2013-05-23,1.2701203365170428,1.3125356447874827,-9.694884956413341
2013-05-24,1.2631130703977287,1.3161650494091737,-10.19309914514206
2013-05-27,1.2841384130904465,1.3380734769700509,-8.69820457798367
2013-05-28,1.2887861381676973,1.3442544845036002,-8.367752938304363
2013-05-29,1.2887861381676973,1.3427256923224582,-8.367752938304363
2013-05-30,1.2887861381676973,1.347069979672664,-8.367752938304363
2013-05-31,1.2887861381676973,1.3166930487320971,-8.367752938304363
2013-06-03,1.2887861381676973,1.3064316461055476,-8.367752938304363
2013-06-04,1.2887861381676973,1.3020654482871,-8.367752938304363
2013-06-05,1.2887861381676973,1.3030332680386996,-8.367752938304363
2013-06-06,1.2887861381676973,1.3024943134816551,-8.367752938304363
2013-06-07,1.2887861381676973,1.2936077927372749,-8.367752938304363
2013-06-10,1.2887861381676973,1.2929479009878764,-8.367752938304363
2013-06-11,1.2887861381676973,1.2733270766773956,-8.367752938304363
2013-06-12,1.2887861381676973,1.2670361945898694,-8.367752938304363
2013-06-13,1.2887861381676973,1.253596377812938,-8.367752938304363
2013-06-14,1.2887861381676973,1.277638390920983,-8.367752938304363
2013-06-17,1.2887861381676973,1.2867998665609457,-8.367752938304363
2013-06-18,1.2887861381676973,1.2787822462483092,-8.367752938304363
2013-06-19,1.2887861381676973,1.28068491264489,-8.367752938304363
2013-06-20,1.2887861381676973,1.244093893659899,-8.367752938304363
2013-06-21,1.2938385665818113,1.2466784696783761,-8.008527031854252
2013-06-24,1.276169342048271,1.2296532840247494,-9.264802762867175
2013-06-25,1.279196364285047,1.233799625330987,-9.049582532569023
2013-06-26,1.279196364285047,1.2293123829159294,-9.049582532569023
2013-06-27,1.279196364285047,1.2499119822121307,-9.049582532569023
2013-06-28,1.279196364285047,1.2850732357400918,-9.049582532569023
2013-07-01,1.279196364285047,1.2975341701270464,-9.049582532569023
2013-07-02,1.279196364285047,1.2884495959344417,-9.049582532569023
2013-07-03,1.279196364285047,1.2693897440535034,-9.049582532569023
2013-07-04,1.279196364285047,1.2839184251786444,-9.049582532569023
2013-07-05,1.279196364285047,1.2907262439507172,-9.049582532569023
2013-07-08,1.279196364285047,1.278331255777,-9.049582532569023
2013-07-09,1.279196364285047,1.2887685865750198,-9.049582532569023
2013-07-10,1.279196364285047,1.2794641558702051,-9.049582532569023
2013-07-11,1.279196364285047,1.3055078620989429,-9.049582532569023
2013-07-12,1.279196364285047,1.3217631740449383,-9.049582532569023
2013-07-15,1.279196364285047,1.3265583444621976,-9.049582532569023
2013-07-16,1.279196364285047,1.3099401135348843,-9.049582532569023
2013-07-17,1.279196364285047,1.3139104192653954,-9.049582532569023
2013-07-18,1.279196364285047,1.328153082856577,-9.049582532569023
2013-07-19,1.279196364285047,1.3262064881192568,-9.049582532569023
2013-07-22,1.279196364285047,1.3267783083786637,-9.049582532569023
2013-07-23,1.279196364285047,1.3368966485361053,-9.049582532569023
2013-07-24,1.279196364285047,1.3176938415903152,-9.049582532569023
2013-07-25,1.279196364285047,1.2994368365236268,-9.049582532569023
2013-07-26,1.279196364285047,1.2947516480646009,-9.049582532569023
2013-07-29,1.279196364285047,1.28275255197882,-9.049582532569023
2013-07-30,1.279196364285047,1.2659032944966637,-9.049582532569023
2013-07-31,1.279196364285047,1.2630328083484832,-9.049582532569023
2013-08-01,1.279196364285047,1.2599203404113388,-9.049582532569023
2013-08-02,1.279196364285047,1.2489330998221535,-9.049582532569023
2013-08-05,1.279196364285047,1.2505828291956493,-9.049582532569023
2013-08-06,1.279196364285047,1.219095016034375,-9.049582532569023
2013-08-07,1.270955685067697,1.2140028728490355,-9.63549196442709
2013-08-08,1.281675320127676,1.2242421501988312,-8.873329632650528
2013-08-12,1.291159381472145,1.2345254632936227,-8.199016163155736
2013-08-13,1.291159381472145,1.2536403061536776,-8.199016163155736
2013-08-14,1.291159381472145,1.263098754561721,-8.199016163155736
2013-08-16,1.291159381472145,1.211528278788792,-8.199016163155736
2013-08-19,1.291159381472145,1.1910496166849445,-8.199016163155736
2013-08-20,1.291159381472145,1.1881241395576474,-8.199016163155736
2013-08-21,1.291159381472145,1.166369622295743,-8.199016163155736
2013-08-22,1.291159381472145,1.1896638869729104,-8.199016163155736
2013-08-23,1.291159381472145,1.2035875599235135,-8.199016163155736
2013-08-26,1.291159381472145,1.2046323885267276,-8.199016163155736
2013-08-27,1.291159381472145,1.1630482530805093,-8.199016163155736
2013-08-28,1.3025862210113346,1.1625092985234649,-7.3865718383913315
2013-08-29,1.3331605949574246,1.1897957793993852,-5.212744463767416
2013-08-30,1.3472933350944372,1.2035985151576345,-4.20791154576704
2013-09-02,1.3472933350944372,1.2209647093243374,-4.20791154576704
2013-09-03,1.3472933350944372,1.1749263045696803,-4.20791154576704
2013-09-04,1.3472933350944372,1.1983854347799412,-4.20791154576704
2013-09-05,1.3472933350944372,1.2302472295609104,-4.20791154576704
2013-09-06,1.3472933350944372,1.2494830096133192,-4.20791154576704
2013-09-10,1.3472933350944372,1.2970722244216164,-4.20791154576704
2013-09-11,1.3472933350944372,1.3006796111708097,-4.20791154576704
2013-09-12,1.3472933350944372,1.2869429290300538,-4.20791154576704
2013-09-13,1.3472933350944372,1.2869209111575561,-4.20791154576704
2013-09-16,1.3472933350944372,1.284710209354518,-4.20791154576704
2013-09-17,1.3472933350944372,1.2868329470718207,-4.20791154576704
2013-09-18,1.3472933350944372,1.2976661699577772,-4.20791154576704
2013-09-19,1.3472933350944372,1.3452002863827015,-4.20791154576704
2013-09-20,1.3472933350944372,1.3224450836668347,-4.20791154576704
2013-09-23,1.3472933350944372,1.2955324770063532,-4.20791154576704
2013-09-24,1.354563701629969,1.2961264225425142,-3.6909910087723707
2013-09-25,1.3502878882931042,1.292035072215393,-3.9949998528078234
2013-09-26,1.3508685802917744,1.2938827476328572,-3.9537128532715404
2013-09-27,1.3508685802917744,1.2830935604918963,-3.9537128532715404
2013-09-30,1.3508685802917744,1.261559007146458,-3.9537128532715404
2013-10-01,1.3508685802917744,1.271402392408317,-3.9537128532715404
2013-10-03,1.3508685802917744,1.2999208001015548,-3.9537128532715404
2013-10-04,1.3508685802917744,1.2993928007786313,-3.9537128532715404
2013-10-07,1.3508685802917744,1.2991398637555465,-3.9537128532715404
2013-10-08,1.3508685802917744,1.3040340608969176,-3.9537128532715404
2013-10-09,1.3508685802917744,1.3214222729361182,-3.9537128532715404
2013-10-10,1.3508685802917744,1.324391785808411,-3.9537128532715404
2013-10-11,1.3508685802917744,1.3409440705224869,-3.9537128532715404
2013-10-14,1.3508685802917744,1.3445734751441778,-3.9537128532715404
2013-10-15,1.3508685802917744,1.339371242596349,-3.9537128532715404
2013-10-17,1.3508685802917744,1.3298688658475661,-3.9537128532715404
2013-10-18,1.3508685802917744,1.361433687860455,-3.9537128532715404
2013-10-21,1.3508685802917744,1.3648651464381778,-3.9537128532715404
2013-10-22,1.3508685802917744,1.3643921380943709,-3.9537128532715404
2013-10-23,1.3508685802917744,1.359014084779328,-3.9537128532715404
2013-10-24,1.3508685802917744,1.3559345899488022,-3.9537128532715404
2013-10-25,1.3508685802917744,1.3516562488118335,-3.9537128532715404
2013-10-28,1.3508685802917744,1.3420218722323196,-3.9537128532715404
2013-10-29,1.3508685802917744,1.368373506463259,-3.9537128532715404
2013-10-30,1.3508685802917744,1.375148459532969,-3.9537128532715404
2013-10-31,1.3508685802917744,1.385585682926733,-3.9537128532715404
2013-11-01,1.3508685802917744,1.3873564568968388,-3.9537128532715404
2013-11-05,1.3508685802917744,1.3754673427692912,-3.9537128532715404
2013-11-06,1.3508685802917744,1.3671087139435785,-3.9537128532715404
2013-11-07,1.3508685802917744,1.360971742155025,-3.9537128532715404
2013-11-08,1.3508685802917744,1.3507434200393502,-3.9537128532715404
2013-11-11,1.3508685802917744,1.3371166124525713,-3.9537128532715404
2013-11-12,1.3508685802917744,1.3237538045272543,-3.9537128532715404
2013-11-13,1.3508685802917744,1.3174958955463467,-3.9537128532715404
2013-11-14,1.3508685802917744,1.3321344512254647,-3.9537128532715404
2013-11-18,1.3508685802917744,1.3613566790088405,-3.9537128532715404
2013-11-19,1.3508685802917744,1.3645131826909807,-3.9537128532715404
2013-11-20,1.3508685802917744,1.3468170426495787,-3.9537128532715404
2013-11-21,1.3508685802917744,1.3195744901143982,-3.9537128532715404
2013-11-22,1.3423682056943518,1.318782705938525,-4.5580865365075995
2013-11-25,1.3692135319882712,1.345156358041962,-2.6493931555300887
2013-11-26,1.3552500662966465,1.3327833877407427,-3.6421907192217495
2013-11-27,1.3552500662966465,1.3323434599078106,-3.6421907192217495
2013-11-28,1.3552500662966465,1.3399872060050084,-3.6421907192217495
2013-11-29,1.3552500662966465,1.3585191659672793,-3.6421907192217495
2013-12-02,1.3552500662966465,1.36770265947974,-3.6421907192217495
2013-12-03,1.3552500662966465,1.3641832368162818,-3.6421907192217495
2013-12-04,1.3552500662966465,1.3551867341136685,-3.6421907192217495
2013-12-05,1.3552500662966465,1.3728168205375773,-3.6421907192217495
2013-12-06,1.3552500662966465,1.3769520992054378,-3.6421907192217495
2013-12-09,1.3552500662966465,1.3998283465179147,-3.6421907192217495
2013-12-10,1.3552500662966465,1.392998509873344,-3.6421907192217495
2013-12-11,1.3552500662966465,1.3875103671958118,-3.6421907192217495
2013-12-12,1.3552500662966465,1.3719259022333357,-3.6421907192217495
2013-12-13,1.3552500662966465,1.3568254008487874,-3.6421907192217495
2013-12-16,1.3552500662966465,1.3538119596357552,-3.6421907192217495
2013-12-17,1.3552500662966465,1.3503694384196556,-3.6421907192217495
2013-12-18,1.3552500662966465,1.3675486417765113,-3.6421907192217495
2013-12-19,1.3552500662966465,1.356440463994972,-3.6421907192217495
2013-12-20,1.3552500662966465,1.3801086028875782,-3.6421907192217495
2013-12-23,1.3552500662966465,1.382363233031356,-3.6421907192217495
2013-12-24,1.3552500662966465,1.3788217924954,-3.6421907192217495
2013-12-26,1.3552500662966465,1.3811314136182944,-3.6421907192217495
2013-12-27,1.3552500662966465,1.388808132822111,-3.6421907192217495
2013-12-30,1.3552500662966465,1.3838150163608836,-3.6421907192217495
2013-12-31,1.3552500662966465,1.3866525294024454,-3.6421907192217495
2014-01-02,1.3552500662966465,1.3684284974423757,-3.6421907192217495
2014-01-03,1.3552500662966465,1.3662288582777145,-3.6421907192217495
2014-01-06,1.3552500662966465,1.3618956335658856,-3.6421907192217495
2014-01-07,1.3552500662966465,1.3554726442433724,-3.6421907192217495
2014-01-08,1.3552500662966465,1.3581892200925803,-3.6421907192217495
2014-01-09,1.3552500662966465,1.356814445614667,-3.6421907192217495
2014-01-10,1.3552500662966465,1.357496355236563,-3.6421907192217495
2014-01-13,1.3552500662966465,1.379778657012879,-3.6421907192217495
2014-01-14,1.3552500662966465,1.3729817934749269,-3.6421907192217495
2014-01-15,1.3552500662966465,1.3903698981098715,-3.6421907192217495
2014-01-16,1.3552500662966465,1.3899299702769392,-3.6421907192217495
2014-01-17,1.3552500662966465,1.3773370360592536,-3.6421907192217495
2014-01-20,1.3552500662966465,1.3866415741683245,-3.6421907192217495
2014-01-21,1.3552500662966465,1.388808132822111,-3.6421907192217495
2014-01-22,1.3552500662966465,1.3943403112446389,-3.6421907192217495
2014-01-23,1.3552500662966465,1.3958140050424084,-3.6421907192217495
2014-01-24,1.3552500662966465,1.3784588735140826,-3.6421907192217495
2014-01-27,1.3552500662966465,1.3496656183295181,-3.6421907192217495
2014-01-28,1.3526570930963806,1.347553943250592,-3.826550213690638
2014-01-29,1.35133231161365,1.3462341597517953,-3.920741717256093
2014-01-30,1.339702926089582,1.3359948824019996,-4.747586991237807
2014-01-31,1.339702926089582,1.3394702693204619,-4.747586991237807
2014-02-03,1.339702926089582,1.3201793908846804,-4.747586991237807
2014-02-04,1.339702926089582,1.3199814448407121,-4.747586991237807
2014-02-05,1.339702926089582,1.3247106690447337,-4.747586991237807
2014-02-06,1.339702926089582,1.3277681460027615,-4.747586991237807
2014-02-07,1.339702926089582,1.333685261279105,-4.747586991237807
2014-02-10,1.339702926089582,1.3315406130935603,-4.747586991237807
2014-02-11,1.339702926089582,1.333575279320872,-4.747586991237807
2014-02-12,1.339702926089582,1.338260467779898,-4.747586991237807
2014-02-13,1.339702926089582,1.3200254805857075,-4.747586991237807
2014-02-14,1.339702926089582,1.330418775638732,-4.747586991237807
2014-02-18,1.339702926089582,1.3477409340604394,-4.747586991237807
2014-02-19,1.339702926089582,1.3533829870369443,-4.747586991237807
2014-02-20,1.339702926089582,1.3398992419192732,-4.747586991237807
2014-02-21,1.339702926089582,1.353976932573105,-4.747586991237807
2014-02-24,1.339702926089582,1.3607188051319403,-4.747586991237807
2014-02-25,1.339702926089582,1.3637872373240891,-4.747586991237807
2014-02-26,1.339702926089582,1.3723108390871515,-4.747586991237807
2014-02-28,1.339702926089582,1.380702548423739,-4.747586991237807
2014-03-03,1.339702926089582,1.3684945510598692,-4.747586991237807
2014-03-04,1.339702926089582,1.3853217906695279,-4.747586991237807
2014-03-05,1.339702926089582,1.3920746184624841,-4.747586991237807
2014-03-06,1.339702926089582,1.4080220024062782,-4.747586991237807
2014-03-07,1.339702926089582,1.4356274739227766,-4.747586991237807
2014-03-10,1.339702926089582,1.4379591129181686,-4.747586991237807
2014-03-11,1.339702926089582,1.432383006154901,-4.747586991237807
2014-03-12,1.339702926089582,1.4334828257372316,-4.747586991237807
2014-03-13,1.339702926089582,1.4282477274870404,-4.747586991237807
2014-03-14,1.339702926089582,1.4306893484406655,-4.747586991237807
2014-03-18,1.339702926089582,1.433427834758115,-4.747586991237807
2014-03-19,1.339702926089582,1.4350555462591132,-4.747586991237807
2014-03-20,1.339702926089582,1.4260480883223792,-4.747586991237807
2014-03-21,1.339702926089582,1.428269745359538,-4.747586991237807
2014-03-24,1.339702926089582,1.4481324440547265,-4.747586991237807
2014-03-25,1.339702926089582,1.4495072185326396,-4.747586991237807
2014-03-26,1.339702926089582,1.4520697766786188,-4.747586991237807
2014-03-27,1.339702926089582,1.4609453421888783,-4.747586991237807
2014-03-28,1.339702926089582,1.4728563667846677,-4.747586991237807
2014-03-31,1.339702926089582,1.47468213173389,-4.747586991237807
2014-04-01,1.339702926089582,1.4783884378029395,-4.747586991237807
2014-04-02,1.339702926089582,1.4853173011716225,-4.747586991237807
2014-04-03,1.339702926089582,1.4816989591883085,-4.747586991237807
2014-04-04,1.339702926089582,1.472515465675848,-4.747586991237807
2014-04-07,1.339702926089582,1.4726693759748204,-4.747586991237807
2014-04-09,1.339702926089582,1.4949188120487737,-4.747586991237807
2014-04-10,1.339702926089582,1.4949627403895134,-4.747586991237807
2014-04-11,1.339702926089582,1.4905414441876932,-4.747586991237807
2014-04-15,1.339702926089582,1.4810390674389102,-4.747586991237807
2014-04-16,1.339702926089582,1.4683250886246146,-4.747586991237807
2014-04-17,1.339702926089582,1.4912233538095896,-4.747586991237807
2014-04-21,1.339702926089582,1.4996369736144186,-4.747586991237807
2014-04-22,1.339702926089582,1.499131099568249,-4.747586991237807
2014-04-23,1.339702926089582,1.504729116799758,-4.747586991237807
2014-04-25,1.339702926089582,1.491960254410602,-4.747586991237807
2014-04-28,1.339702926089582,1.4872310302065803,-4.747586991237807
2014-04-29,1.339702926089582,1.4771126900491387,-4.747586991237807
2014-04-30,1.339702926089582,1.472966348742901,-4.747586991237807
2014-05-02,1.339702926089582,1.472614384995704,-4.747586991237807
2014-05-05,1.339702926089582,1.4736152852581785,-4.747586991237807
2014-05-06,1.339702926089582,1.4771236452832595,-4.747586991237807
2014-05-07,1.339702926089582,1.4633209095250101,-4.747586991237807
2014-05-08,1.339702926089582,1.4649267105577666,-4.747586991237807
2014-05-09,1.339702926089582,1.5086884672961483,-4.747586991237807
2014-05-12,1.339702926089582,1.5428819010725097,-4.747586991237807
2014-05-13,1.339702926089582,1.5636684911785583,-4.747586991237807
2014-05-14,1.339702926089582,1.5636684911785583,-4.747586991237807
2014-05-15,1.339702926089582,1.5668359500948195,-4.747586991237807
2014-05-16,1.339702926089582,1.584400090305491,-4.747586991237807
2014-05-19,1.339702926089582,1.5977188624858123,-4.747586991237807
2014-05-20,1.339702926089582,1.600347474249285,-4.747586991237807
2014-05-21,1.339702926089582,1.5953762682562993,-4.747586991237807
2014-05-22,1.339702926089582,1.600545420293253,-4.747586991237807
2014-05-23,1.339702926089582,1.620496190478433,-4.747586991237807
2014-05-26,1.339702926089582,1.618725416508327,-4.747586991237807
2014-05-27,1.339702926089582,1.609695940699095,-4.747586991237807
2014-05-28,1.339702926089582,1.612258498845074,-4.747586991237807
2014-05-29,1.339702926089582,1.5915818906972585,-4.747586991237807
2014-05-30,1.339702926089582,1.5903281608159554,-4.747586991237807
2014-06-02,1.339702926089582,1.6194843349818375,-4.747586991237807
2014-06-03,1.339702926089582,1.6312194314061566,-4.747586991237807
2014-06-04,1.339702926089582,1.628227900661366,-4.747586991237807
2014-06-05,1.339702926089582,1.644032329540308,-4.747586991237807
2014-06-06,1.339702926089582,1.668074342648353,-4.747586991237807
2014-06-09,1.339702926089582,1.6837358164624434,-4.747586991237807
2014-06-10,1.339702926089582,1.6841317085503797,-4.747586991237807
2014-06-11,1.339702926089582,1.6776318177805083,-4.747586991237807
2014-06-12,1.339702926089582,1.6827019430933499,-4.747586991237807
2014-06-13,1.339702926089582,1.6589898758600041,-4.747586991237807
2014-06-16,1.339702926089582,1.6571091199316652,-4.747586991237807
2014-06-17,1.339702926089582,1.6786986642562203,-4.747586991237807
2014-06-18,1.339702926089582,1.66253131639596,-4.747586991237807
2014-06-19,1.339702926089582,1.658681947857803,-4.747586991237807
2014-06-20,1.339702926089582,1.6522480033011688,-4.747586991237807
2014-06-23,1.339702926089582,1.6482666349322808,-4.747586991237807
2014-06-24,1.339702926089582,1.6673705225582147,-4.747586991237807
2014-06-25,1.339702926089582,1.6649618747112083,-4.747586991237807
2014-06-26,1.339702926089582,1.6482336618256619,-4.747586991237807
2014-06-27,1.339702926089582,1.6516650129991284,-4.747586991237807
2014-06-30,1.339702926089582,1.674222377075283,-4.747586991237807
2014-07-01,1.339702926089582,1.6793585560056181,-4.747586991237807
2014-07-02,1.339702926089582,1.6992542278074254,-4.747586991237807
2014-07-03,1.339702926089582,1.6969775797911497,-4.747586991237807
2014-07-04,1.339702926089582,1.7050723163596566,-4.747586991237807
2014-07-07,1.339702926089582,1.7128919906283249,-4.747586991237807
2014-07-08,1.339702926089582,1.6768289709662576,-4.747586991237807
2014-07-09,1.329075714108942,1.6684263063955491,-5.503178074155168
2014-07-10,1.3260530963016408,1.6646319288365086,-5.718085151046514
2014-07-11,1.3057765608469567,1.6408428527515486,-7.1597397835058585
2014-07-14,1.3057765608469567,1.6396440064451059,-7.1597397835058585
2014-07-15,1.3057765608469567,1.6555913903889,-7.1597397835058585
2014-07-16,1.3057765608469567,1.6770928632234634,-7.1597397835058585
2014-07-17,1.3057765608469567,1.6806233485252984,-7.1597397835058585
2014-07-18,1.3057765608469567,1.6857814379238754,-7.1597397835058585
2014-07-21,1.3057765608469567,1.6902467698706913,-7.1597397835058585
2014-07-22,1.3057765608469567,1.7086467300022314,-7.1597397835058585
2014-07-23,1.3057765608469567,1.714783701790785,-7.1597397835058585
2014-07-24,1.3057765608469567,1.7224494657604805,-7.1597397835058585
2014-07-25,1.3057765608469567,1.7136179359952168,-7.1597397835058585
2014-07-28,1.3057765608469567,1.7044344424827562,-7.1597397835058585
2014-07-30,1.3057765608469567,1.713826837273306,-7.1597397835058585
2014-07-31,1.3057765608469567,1.6984073452481796,-7.1597397835058585
2014-08-01,1.3057765608469567,1.6722976928062043,-7.1597397835058585
2014-08-04,1.3057765608469567,1.6901257252740811,-7.1597397835058585
2014-08-05,1.3057765608469567,1.703961434138949,-7.1597397835058585
2014-08-06,1.3057765608469567,1.687574122362223,-7.1597397835058585
2014-08-07,1.3057765608469567,1.6825589880284977,-7.1597397835058585
2014-08-08,1.3057765608469567,1.664807857007979,-7.1597397835058585
2014-08-11,1.3057765608469567,1.6774338717365396,-7.1597397835058585
2014-08-12,1.3057765608469567,1.69967213776786,-7.1597397835058585
2014-08-13,1.3057765608469567,1.7024216867236865,-7.1597397835058585
2014-08-14,1.3057765608469567,1.7138928908907998,-7.1597397835058585
2014-08-18,1.3057765608469567,1.732050869233376,-7.1597397835058585
2014-08-19,1.3057765608469567,1.7371650302912132,-7.1597397835058585
2014-08-20,1.3057765608469567,1.7322817883839627,-7.1597397835058585
2014-08-21,1.3057765608469567,1.7357572827066814,-7.1597397835058585
2014-08-22,1.3057765608469567,1.7406185067414341,-7.1597397835058585
2014-08-25,1.3057765608469567,1.7391006697944131,-7.1597397835058585
2014-08-26,1.3057765608469567,1.7387597686855931,-7.1597397835058585
2014-08-27,1.3057765608469567,1.7456445963092804,-7.1597397835058585
2014-08-28,1.3057765608469567,1.749670000423164,-7.1597397835058585
2014-09-01,1.3057765608469567,1.7658043751768053,-7.1597397835058585
2014-09-02,1.3057765608469567,1.7779792920298003,-7.1597397835058585
2014-09-03,1.3057765608469567,1.7849192180368603,-7.1597397835058585
2014-09-04,1.3057765608469567,1.7808169124756181,-7.1597397835058585
2014-09-05,1.3057765608469567,1.7788152193549251,-7.1597397835058585
2014-09-08,1.3057765608469567,1.7979630353215987,-7.1597397835058585
2014-09-09,1.3057765608469567,1.793354855714187,-7.1597397835058585
2014-09-10,1.3057765608469567,1.7804099577493044,-7.1597397835058585
2014-09-11,1.3057765608469567,1.77856228233184,-7.1597397835058585
2014-09-12,1.3057765608469567,1.7829175249161668,-7.1597397835058585
2014-09-15,1.3057765608469567,1.768949816220568,-7.1597397835058585
2014-09-16,1.3057765608469567,1.7449517314532625,-7.1597397835058585
2014-09-17,1.3057765608469567,1.7543222157755705,-7.1597397835058585
2014-09-18,1.3057765608469567,1.7849521911434783,-7.1597397835058585
2014-09-19,1.3057765608469567,1.786425992345504,-7.1597397835058585
2014-09-22,1.3057765608469567,1.7918920097462823,-7.1597397835058585
2014-09-23,1.3057765608469567,1.7635716555012688,-7.1597397835058585
2014-09-24,1.3057765608469567,1.760239223647658,-7.1597397835058585
2014-09-25,1.3057765608469567,1.7403215339733529,-7.1597397835058585
2014-09-26,1.3057765608469567,1.752859477211922,-7.1597397835058585
2014-09-29,1.3057765608469567,1.7506707932813814,-7.1597397835058585
2014-09-30,1.3057765608469567,1.7519685589076803,-7.1597397835058585
2014-10-01,1.3057765608469567,1.7477342535157074,-7.1597397835058585
2014-10-07,1.3057765608469567,1.7272446361777394,-7.1597397835058585
2014-10-08,1.3057765608469567,1.7251110506305718,-7.1597397835058585
2014-10-09,1.3057765608469567,1.7510337122626998,-7.1597397835058585
2014-10-10,1.3057765608469567,1.7289054281896126,-7.1597397835058585
2014-10-13,1.3057765608469567,1.734250508398037,-7.1597397835058585
2014-10-14,1.3057765608469567,1.7297962390895982,-7.1597397835058585
2014-10-16,1.3057765608469567,1.7043244605245236,-7.1597397835058585
2014-10-17,1.3057765608469567,1.7112533238932066,-7.1597397835058585
2014-10-20,1.3057765608469567,1.7331836619223253,-7.1597397835058585
2014-10-21,1.3057765608469567,1.7438189387643137,-7.1597397835058585
2014-10-22,1.3057765608469567,1.7588094581906288,-7.1597397835058585
2014-10-27,1.3057765608469567,1.7578856741840247,-7.1597397835058585
2014-10-28,1.3057765608469567,1.7657823573043077,-7.1597397835058585
2014-10-29,1.3057765608469567,1.7796071109350549,-7.1597397835058585
2014-10-30,1.3057765608469567,1.796929269356762,-7.1597397835058585
2014-10-31,1.3057765608469567,1.8305837485760788,-7.1597397835058585
2014-11-03,1.3057765608469567,1.8310127211748903,-7.1597397835058585
2014-11-05,1.3057765608469567,1.8341250817077788,-7.1597397835058585
2014-11-07,1.3057765608469567,1.8338391715780753,-7.1597397835058585
2014-11-10,1.3057765608469567,1.8354339099724548,-7.1597397835058585
2014-11-11,1.3057765608469567,1.8394813319588366,-7.1597397835058585
2014-11-12,1.3057765608469567,1.8440234579487547,-7.1597397835058585
2014-11-13,1.3057765608469567,1.8384253333129894,-7.1597397835058585
2014-11-14,1.3057765608469567,1.8454753486825384,-7.1597397835058585
2014-11-17,1.3057765608469567,1.8544607887467746,-7.1597397835058585
2014-11-18,1.3057765608469567,1.8533940496753187,-7.1597397835058585
2014-11-19,1.3057765608469567,1.8438034940322885,-7.1597397835058585
2014-11-20,1.3057765608469567,1.848114915680132,-7.1597397835058585
2014-11-21,1.3057765608469567,1.8647110213306912,-7.1597397835058585
2014-11-24,1.3057765608469567,1.8763252879669123,-7.1597397835058585
2014-11-25,1.3057765608469567,1.861576535521049,-7.1597397835058585
2014-11-26,1.3057765608469567,1.8643591649877502,-7.1597397835058585
2014-11-27,1.3057765608469567,1.8684175422082527,-7.1597397835058585
2014-11-28,1.3057765608469567,1.889105105590189,-7.1597397835058585
2014-12-01,1.3057765608469567,1.881989358815915,-7.1597397835058585
2014-12-02,1.3057765608469567,1.8751264416604694,-7.1597397835058585
2014-12-03,1.3057765608469567,1.8779750173404084,-7.1597397835058585
2014-12-04,1.3057765608469567,1.8838590521058773,-7.1597397835058585
2014-12-05,1.3057765608469567,1.8781178650010042,-7.1597397835058585
2014-12-08,1.3057765608469567,1.8561105181202708,-7.1597397835058585
2014-12-09,1.3057765608469567,1.8346530810307027,-7.1597397835058585
2014-12-10,1.3057765608469567,1.8379415845435738,-7.1597397835058585
2014-12-11,1.3057765608469567,1.8241388487853245,-7.1597397835058585
2014-12-12,1.3057765608469567,1.8090051594856453,-7.1597397835058585
2014-12-15,1.3057765608469567,1.8080153218615478,-7.1597397835058585
2014-12-16,1.3057765608469567,1.774580913962953,-7.1597397835058585
2014-12-17,1.3057765608469567,1.7662662134779799,-7.1597397835058585
2014-12-18,1.3057765608469567,1.794751540660343,-7.1597397835058585
2014-12-19,1.3057765608469567,1.8092472486788653,-7.1597397835058585
2014-12-22,1.3057765608469567,1.8309796406640162,-7.1597397835058585
2014-12-23,1.3057765608469567,1.8184416974254471,-7.1597397835058585
2014-12-24,1.3057765608469567,1.7980070710665954,-7.1597397835058585
2014-12-26,1.3057765608469567,1.8038581327254457,-7.1597397835058585
2014-12-29,1.3057765608469567,1.8138884013928962,-7.1597397835058585
2014-12-30,1.3057765608469567,1.8143173739917078,-7.1597397835058585
2014-12-31,1.3057765608469567,1.8218951738756684,-7.1597397835058585
2015-01-02,1.3057765608469567,1.846696105457224,-7.1597397835058585
2015-01-05,1.3057765608469567,1.842945763643179,-7.1597397835058585
2015-01-06,1.3057765608469567,1.787723757971805,-7.1597397835058585
2015-01-07,1.3018089689217973,1.7821696690810354,-7.441834192158547
2015-01-08,1.3230983939664378,1.8113147806085406,-5.928163461446423
2015-01-09,1.329793065691989,1.8222910659636051,-5.4521746256068315
2015-01-12,1.329793065691989,1.830759676747551,-5.4521746256068315
2015-01-13,1.329793065691989,1.8255686142423553,-5.4521746256068315
2015-01-14,1.329793065691989,1.8207622737824631,-5.4521746256068315
2015-01-15,1.329793065691989,1.8684065869741329,-5.4521746256068315
2015-01-16,1.329793065691989,1.8727287490475848,-5.4521746256068315
2015-01-19,1.329793065691989,1.8808455034885896,-5.4521746256068315
2015-01-20,1.329793065691989,1.9127181460994238,-5.4521746256068315
2015-01-21,1.329793065691989,1.9201750087910303,-5.4521746256068315
2015-01-22,1.329793065691989,1.9271919436497045,-5.4521746256068315
2015-01-23,1.329793065691989,1.9435130944046812,-5.4521746256068315
2015-01-27,1.329793065691989,1.9599884776713985,-5.4521746256068315
2015-01-28,1.329793065691989,1.9608242975922674,-5.4521746256068315
2015-01-29,1.329793065691989,1.9691938816521009,-5.4521746256068315
2015-01-30,1.329793065691989,1.9376402296818451,-5.4521746256068315
2015-02-02,1.329793065691989,1.9351106446424848,-5.4521746256068315
2015-02-03,1.329793065691989,1.9261249897697363,-5.4521746256068315
2015-02-04,1.329793065691989,1.918899261037229,-5.4521746256068315
2015-02-05,1.329793065691989,1.9162596940396357,-5.4521746256068315
2015-02-06,1.329793065691989,1.9051184357472217,-5.4521746256068315
2015-02-09,1.329793065691989,1.8754892532375322,-5.4521746256068315
2015-02-10,1.329793065691989,1.884111881724707,-5.4521746256068315
2015-02-11,1.329793065691989,1.8977167788432439,-5.4521746256068315
2015-02-12,1.329793065691989,1.9162266135287607,-5.4521746256068315
2015-02-13,1.329793065691989,1.9368922664424553,-5.4521746256068315
2015-02-16,1.329793065691989,1.937739041597445,-5.4521746256068315
2015-02-18,1.329793065691989,1.9508818856062957,-5.4521746256068315
2015-02-19,1.329793065691989,1.9566449831794108,-5.4521746256068315
2015-02-20,1.329793065691989,1.9430731665717484,-5.4521746256068315
2015-02-23,1.329793065691989,1.9257731334267951,-5.4521746256068315
2015-02-24,1.329793065691989,1.9273457465444204,-5.4521746256068315
2015-02-25,1.329793065691989,1.9284786466376258,-5.4521746256068315
2015-02-26,1.329793065691989,1.9101335700809463,-5.4521746256068315
2015-02-27,1.329793065691989,1.9454927696528759,-5.4521746256068315
2015-03-02,1.329793065691989,1.9701618088079564,-5.4521746256068315
2015-03-03,1.329793065691989,1.9788503835083684,-5.4521746256068315
2015-03-04,1.329793065691989,1.9626611251798667,-5.4521746256068315
2015-03-05,1.329793065691989,1.9659824943951005,-5.4521746256068315
2015-03-09,1.329793065691989,1.9261690255147321,-5.4521746256068315
2015-03-10,1.3197139559849291,1.916336595486994,-6.168795827129303
2015-03-11,1.3178810895858455,1.9136751180211586,-6.2991119918815786
2015-03-12,1.3280833433492563,1.930403330906705,-5.5737352906981785
2015-03-13,1.3280833433492563,1.9021929586199244,-5.5737352906981785
2015-03-16,1.3280833433492563,1.898981571362924,-5.5737352906981785
2015-03-17,1.3280833433492563,1.9188111895472377,-5.5737352906981785
2015-03-18,1.3280833433492563,1.910584667956512,-5.5737352906981785
2015-03-19,1.3280833433492563,1.8993115172376231,-5.5737352906981785
2015-03-20,1.3280833433492563,1.8852888175629077,-5.5737352906981785
2015-03-23,1.3280833433492563,1.8808895392335852,-5.5737352906981785
2015-03-24,1.3280833433492563,1.879140783135977,-5.5737352906981785
2015-03-25,1.3280833433492563,1.8764681356275088,-5.5737352906981785
2015-03-26,1.3280833433492563,1.8349720716712816,-5.5737352906981785
2015-03-27,1.3181186673708054,1.834807098733932,-6.2822202938386695
2015-03-30,1.3419639841349602,1.8679995248435628,-4.586826549067402
2015-03-31,1.3404166233658374,1.8677136147138593,-4.696843362633862
2015-04-01,1.3404166233658374,1.8886651777572576,-4.696843362633862
2015-04-06,1.3404166233658374,1.9048656061283924,-4.696843362633862
2015-04-07,1.3404166233658374,1.9049534628098714,-4.696843362633862
2015-04-08,1.3404166233658374,1.916853639575796,-4.696843362633862
2015-04-09,1.3404166233658374,1.9309092049528742,-4.696843362633862
2015-04-10,1.3404166233658374,1.9313600880199273,-4.696843362633862
2015-04-13,1.3404166233658374,1.9431612380617398,-4.696843362633862
2015-04-16,1.3404166233658374,1.9151598744573046,-4.696843362633862
2015-04-17,1.3404166233658374,1.8930094651074636,-4.696843362633862
2015-04-20,1.3404166233658374,1.8582770767740577,-4.696843362633862
2015-04-21,1.3404166233658374,1.8428027011740709,-4.696843362633862
2015-04-22,1.3404166233658374,1.8542298695961885,-4.696843362633862
2015-04-23,1.3404166233658374,1.8473229166957474,-4.696843362633862
2015-04-24,1.3404166233658374,1.826855317230277,-4.696843362633862
2015-04-27,1.3404166233658374,1.8067395741077474,-4.696843362633862
2015-04-28,1.3404166233658374,1.8225329403483128,-4.696843362633862
2015-04-29,1.3404166233658374,1.8124476807017458,-4.696843362633862
2015-04-30,1.3404166233658374,1.7996347825675942,-4.696843362633862
2015-05-04,1.3404166233658374,1.8327283967616248,-4.696843362633862
2015-05-05,1.3404166233658374,1.8311555688354872,-4.696843362633862
2015-05-06,1.3404166233658374,1.7810478316262066,-4.696843362633862
2015-05-07,1.3358068654919544,1.772315221180799,-5.024595547332867
2015-05-08,1.3580557015281296,1.8018344217322553,-3.442711028152312
2015-05-11,1.3788718447009696,1.8312545955595996,-1.9626904742401252
2015-05-12,1.3788718447009696,1.7876357938860694,-1.9626904742401252
2015-05-13,1.3788718447009696,1.811501878822644,-1.9626904742401252
2015-05-14,1.3788718447009696,1.8090272847624003,-1.9626904742401252
2015-05-15,1.3788718447009696,1.8174187792904757,-1.9626904742401252
2015-05-18,1.3788718447009696,1.841900935039965,-1.9626904742401252
2015-05-19,1.3788718447009696,1.8401412237082362,-1.9626904742401252
2015-05-20,1.3788718447009696,1.85281105937328,-1.9626904742401252
2015-05-21,1.3788718447009696,1.8523161405612312,-1.9626904742401252
2015-05-22,1.3788718447009696,1.8606638141528231,-1.9626904742401252
2015-05-25,1.3788718447009696,1.8411529718005755,-1.9626904742401252
2015-05-26,1.3788718447009696,1.8343560008583675,-1.9626904742401252
2015-05-27,1.3788718447009696,1.8333111722551534,-1.9626904742401252
2015-05-28,1.3788718447009696,1.8298798210816867,-1.9626904742401252
2015-05-29,1.3788718447009696,1.8550987700279329,-1.9626904742401252
2015-06-01,1.3788718447009696,1.8550437790488163,-1.9626904742401252
2015-06-02,1.3788718447009696,1.8117218427391106,-1.9626904742401252
2015-06-03,1.3611875831420952,1.7894284783244176,-3.2200353325346653
2015-06-04,1.3604429640803484,1.7884495959344409,-3.2729774893535124
2015-06-05,1.3564137717579232,1.78494123590936,-3.559451664869129
2015-06-08,1.3564137717579232,1.7694227171601213,-3.559451664869129
2015-06-09,1.3564137717579232,1.764638501976983,-3.559451664869129
2015-06-10,1.3564137717579232,1.7870858840949049,-3.559451664869129
2015-06-11,1.3564137717579232,1.7520896035042932,-3.559451664869129
2015-06-12,1.3564137717579232,1.7559499272765713,-3.559451664869129
2015-06-15,1.3564137717579232,1.762768808687021,-3.559451664869129
2015-06-16,1.3564137717579232,1.7701155820161385,-3.559451664869129
2015-06-17,1.3564137717579232,1.7798489853197645,-3.559451664869129
2015-06-18,1.3564137717579232,1.7981170530248298,-3.559451664869129
2015-06-19,1.3564137717579232,1.8091922576997506,-3.559451664869129
2015-06-22,1.3564137717579232,1.837380504709777,-3.559451664869129
2015-06-23,1.3564137717579232,1.8436385210949406,-3.559451664869129
2015-06-24,1.3564137717579232,1.8390852250623895,-3.559451664869129
2015-06-25,1.3564137717579232,1.8472569704825108,-3.559451664869129
2015-06-26,1.3564137717579232,1.8435394943708283,-3.559451664869129
2015-06-29,1.3564137717579232,1.829747928655212,-3.559451664869129
2015-06-30,1.3564137717579232,1.84076803494676,-3.559451664869129
2015-07-01,1.3564137717579232,1.8593659411222685,-3.559451664869129
2015-07-02,1.3564137717579232,1.8575733640881769,-3.559451664869129
2015-07-03,1.3564137717579232,1.866371920746822,-3.559451664869129
2015-07-06,1.3564137717579232,1.874565576635185,-3.559451664869129
2015-07-07,1.3564137717579232,1.8720688572981872,-3.559451664869129
2015-07-08,1.3564137717579232,1.8395691886403174,-3.559451664869129
2015-07-09,1.3564137717579232,1.831980433522236,-3.559451664869129
2015-07-10,1.3564137717579232,1.839019278849152,-3.559451664869129
2015-07-13,1.3564137717579232,1.860817831856052,-3.559451664869129
2015-07-14,1.3564137717579232,1.8595968602728552,-3.559451664869129
2015-07-15,1.3564137717579232,1.8749283882122463,-3.559451664869129
2015-07-16,1.3564137717579232,1.8934603481745171,-3.559451664869129
2015-07-17,1.3564137717579232,1.8938562402624537,-3.559451664869129
2015-07-20,1.3564137717579232,1.8924486000821779,-3.559451664869129
2015-07-21,1.3564137717579232,1.8761712702636848,-3.559451664869129
2015-07-22,1.3564137717579232,1.8990584728102826,-3.559451664869129
2015-07-23,1.3564137717579232,1.8894460066990104,-3.559451664869129
2015-07-24,1.3564137717579232,1.8744334694001974,-3.559451664869129
2015-07-27,1.3564137717579232,1.8391183055732636,-3.559451664869129
2015-07-28,1.3564137717579232,1.8338391715780766,-3.559451664869129
2015-07-29,1.3564137717579232,1.84220875563791,-3.559451664869129
2015-07-30,1.3564137717579232,1.8524920687327013,-3.559451664869129
2015-07-31,1.3564137717579232,1.876919018694562,-3.559451664869129
2015-08-03,1.3564137717579232,1.8791626936042187,-3.559451664869129
2015-08-04,1.3564137717579232,1.873410766073737,-3.559451664869129
2015-08-05,1.3564137717579232,1.8846398810476301,-3.559451664869129
2015-08-06,1.3564137717579232,1.8891931770801813,-3.559451664869129
2015-08-07,1.3564137717579232,1.8839028730423613,-3.559451664869129
2015-08-10,1.3564137717579232,1.8753242803001824,-3.559451664869129
2015-08-11,1.3564137717579232,1.8614115625837,-3.559451664869129
2015-08-12,1.3564137717579232,1.836577765299782,-3.559451664869129
2015-08-13,1.3564137717579232,1.8379854054800577,-3.559451664869129
2015-08-14,1.3564137717579232,1.8737735776507984,-3.559451664869129
2015-08-17,1.3564137717579232,1.864700066096571,-3.559451664869129
2015-08-18,1.3564137717579232,1.86233545399456,-3.559451664869129
2015-08-19,1.3564137717579232,1.8686265508905986,-3.559451664869129
2015-08-20,1.3564137717579232,1.8417028815917402,-3.559451664869129
2015-08-21,1.3564137717579232,1.8256895514347087,-3.559451664869129
2015-08-24,1.3564137717579232,1.7176982236839626,-3.559451664869129
2015-08-25,1.3525319779795013,1.733469679456286,-3.8354458550709403
2015-08-26,1.337283003224928,1.7139258639974198,-4.919642666913737
2015-08-27,1.36290816017725,1.7484822167550989,-3.0977029025799685
2015-08-28,1.36290816017725,1.7601403043278032,-3.0977029025799685
2015-08-31,1.36290816017725,1.7533983243647118,-3.0977029025799685
2015-09-01,1.36290816017725,1.7126060804986227,-3.0977029025799685
2015-09-02,1.36290816017725,1.6974615433690787,-3.0977029025799685
2015-09-03,1.36290816017725,1.720777718514488,-3.0977029025799685
2015-09-04,1.36290816017725,1.6838347357823,-3.0977029025799685
2015-09-07,1.36290816017725,1.6626632088224356,-3.0977029025799685
2015-09-08,1.36290816017725,1.6911375807706777,-3.0977029025799685
2015-09-09,1.36290816017725,1.7198098987628883,-3.0977029025799685
2015-09-10,1.36290816017725,1.7131009993106714,-3.0977029025799685
2015-09-11,1.36290816017725,1.713364891567877,-3.0977029025799685
2015-09-14,1.36290816017725,1.7316109414004446,-3.0977029025799685
2015-09-15,1.36290816017725,1.7221195198857826,-3.0977029025799685
2015-09-16,1.36290816017725,1.7375279492725322,-3.0977029025799685
2015-09-18,1.36290816017725,1.7557299633601038,-3.0977029025799685
2015-09-21,1.36290816017725,1.7546741795227687,-3.0977029025799685
2015-09-22,1.36290816017725,1.7183581154333605,-3.0977029025799685
2015-09-23,1.3806747934522707,1.7258259333590877,-1.8345014438602036
2015-09-24,1.384642948507334,1.7307860767136964,-1.5523669968668274
2015-09-28,1.3704475110982233,1.7147727465566651,-2.5616576691499637
2015-09-29,1.3704475110982233,1.7252429430570477,-2.5616576691499637
2015-09-30,1.3704475110982233,1.7484711541167215,-2.5616576691499637
2015-10-01,1.3704475110982233,1.7489110819496536,-2.5616576691499637
2015-10-05,1.3704475110982233,1.7859529840016977,-2.5616576691499637
2015-10-06,1.3704475110982233,1.7933437930758107,-2.5616576691499637
2015-10-07,1.3704475110982233,1.7987329090292308,-2.5616576691499637
2015-10-08,1.3704475110982233,1.7881636858047358,-2.5616576691499637
2015-10-09,1.3704475110982233,1.8014385296443176,-2.5616576691499637
2015-10-12,1.3704475110982233,1.791298171614378,-2.5616576691499637
2015-10-13,1.3704475110982233,1.7886806224892824,-2.5616576691499637
2015-10-14,1.3704475110982233,1.783445416834835,-2.5616576691499637
2015-10-15,1.3704475110982233,1.799194854734661,-2.5616576691499637
2015-10-16,1.3704475110982233,1.8120958243588041,-2.5616576691499637
2015-10-19,1.3704475110982233,1.8202123639912968,-2.5616576691499637
2015-10-20,1.3704475110982233,1.817264976395758,-2.5616576691499637
2015-10-21,1.3704475110982233,1.8150762924652177,-2.5616576691499637
2015-10-23,1.3704475110982233,1.8246997138106107,-2.5616576691499637
2015-10-26,1.3704475110982233,1.817022887202538,-2.5616576691499637
2015-10-27,1.3704475110982233,1.810941013797357,-2.5616576691499637
2015-10-28,1.3704475110982233,1.7973691971896948,-2.5616576691499637
2015-10-29,1.3704475110982233,1.7842922993940813,-2.5616576691499637
2015-10-30,1.3704475110982233,1.7741849144707607,-2.5616576691499637
2015-11-02,1.3704475110982233,1.7708854557237688,-2.5616576691499637
2015-11-03,1.3704475110982233,1.773063184420188,-2.5616576691499637
2015-11-04,1.3704475110982233,1.7685539241326327,-2.5616576691499637
2015-11-05,1.3704475110982233,1.7499119822121287,-2.5616576691499637
2015-11-06,1.3704475110982233,1.749658937784788,-2.5616576691499637
2015-11-09,1.3704475110982233,1.7410584345743674,-2.5616576691499637
2015-11-10,1.3704475110982233,1.7120561707074577,-2.5616576691499637
2015-11-13,1.3704475110982233,1.7074149105891712,-2.5616576691499637
2015-11-16,1.3704475110982233,1.717170331765295,-2.5616576691499637
2015-11-17,1.3704475110982233,1.723978150537368,-2.5616576691499637
2015-11-18,1.3704475110982233,1.7007169663710753,-2.5616576691499637
2015-11-19,1.3704475110982233,1.7251220058646943,-2.5616576691499637
2015-11-20,1.3704475110982233,1.7281574649502245,-2.5616576691499637
2015-11-23,1.3704475110982233,1.7265517713217242,-2.5616576691499637
2015-11-24,1.3704475110982233,1.7226694296769482,-2.5616576691499637
2015-11-26,1.3704475110982233,1.7341514816739263,-2.5616576691499637
2015-11-27,1.3704475110982233,1.747107442277186,-2.5616576691499637
2015-11-30,1.3704475110982233,1.7454686681378109,-2.5616576691499637
2015-12-01,1.3704475110982233,1.749790937615519,-2.5616576691499637
2015-12-02,1.3704475110982233,1.744610830344444,-2.5616576691499637
2015-12-03,1.3704475110982233,1.7298292121962182,-2.5616576691499637
2015-12-04,1.3704475110982233,1.7117371800668795,-2.5616576691499637
2015-12-07,1.3704475110982233,1.7081077754451883,-2.5616576691499637
2015-12-08,1.3704475110982233,1.69409613840885,-2.5616576691499637
2015-12-09,1.3704475110982233,1.6744753140983692,-2.5616576691499637
2015-12-10,1.3704475110982233,1.6900487164224687,-2.5616576691499637
2015-12-11,1.3704475110982233,1.6740244310313164,-2.5616576691499637
2015-12-14,1.3704475110982233,1.68273491619997,-2.5616576691499637
2015-12-15,1.3704475110982233,1.6939201028331239,-2.5616576691499637
2015-12-16,1.3704475110982233,1.70491829865643,-2.5616576691499637
2015-12-17,1.3704475110982233,1.7254739696118915,-2.5616576691499637
2015-12-18,1.3704475110982233,1.707348964375934,-2.5616576691499637
2015-12-21,1.3704475110982233,1.7232963483197279,-2.5616576691499637
2015-12-22,1.3704475110982233,1.7126610714777397,-2.5616576691499637
2015-12-23,1.3704475110982233,1.730225211688411,-2.5616576691499637
2015-12-24,1.3704475110982233,1.729147302574322,-2.5616576691499637
2015-12-28,1.3704475110982233,1.7432470111006517,-2.5616576691499637
2015-12-29,1.3704475110982233,1.7440829384257768,-2.5616576691499637
2015-12-30,1.3704475110982233,1.7368900753956322,-2.5616576691499637
2015-12-31,1.3704475110982233,1.7479102890914362,-2.5616576691499637
2016-01-04,1.3704475110982233,1.7138048194008102,-2.5616576691499637
2016-01-05,1.3704475110982233,1.7123420808371617,-2.5616576691499637
2016-01-06,1.3704475110982233,1.7027406773642666,-2.5616576691499637
2016-01-07,1.3704475110982233,1.6647528660288646,-2.5616576691499637
2016-01-08,1.3672226244208627,1.6720227379106238,-2.7909459924911895
2016-01-11,1.360477658361269,1.6637740910431442,-3.2705107380230913
2016-01-12,1.3494853164747602,1.6519949588738296,-4.0520624305042325
2016-01-13,1.3494853164747602,1.663455100402566,-4.0520624305042325
2016-01-14,1.3494853164747602,1.657824002660182,-4.0520624305042325
2016-01-15,1.3494853164747602,1.6360475749300358,-4.0520624305042325
2016-01-18,1.3494853164747602,1.6169547499424788,-4.0520624305042325
2016-01-19,1.3494853164747602,1.635453736798131,-4.0520624305042325
2016-01-20,1.3494853164747602,1.607782211664139,-4.0520624305042325
2016-01-21,1.3494853164747602,1.60063338437899,-4.0520624305042325
2016-01-22,1.3494853164747602,1.6326712147356857,-4.0520624305042325
2016-01-25,1.3494853164747602,1.6356846559487177,-4.0520624305042325
2016-01-27,1.3494853164747602,1.6360366196959146,-4.0520624305042325
2016-01-28,1.3494853164747602,1.6331550709093572,-4.0520624305042325
2016-01-29,1.3494853164747602,1.6637080374256505,-4.0520624305042325
2016-02-01,1.3494853164747602,1.662036397583913,-4.0520624305042325
2016-02-02,1.3494853164747602,1.6399519344473092,-4.0520624305042325
2016-02-03,1.3494853164747602,1.6193303172786102,-4.0520624305042325
2016-02-04,1.3494853164747602,1.6286128375151832,-4.0520624305042325
2016-02-05,1.3494853164747602,1.6473317882873015,-4.0520624305042325
2016-02-08,1.3494853164747602,1.6249284419143755,-4.0520624305042325
2016-02-09,1.3494853164747602,1.6053406981147695,-4.0520624305042325
2016-02-10,1.3494853164747602,1.5871936750063143,-4.0520624305042325
2016-02-11,1.3494853164747602,1.5345452901192962,-4.0520624305042325
2016-02-12,1.3399317451833828,1.5355571456158914,-4.73131803309601
2016-02-15,1.3748650380447365,1.575590578412726,-2.2475730366599778
2016-02-16,1.3514744833687464,1.550360674232359,-3.9106333548192374
2016-02-17,1.3514744833687464,1.5636025449653224,-3.9106333548192374
2016-02-18,1.3514744833687464,1.581925496245248,-3.9106333548192374
2016-02-19,1.3514744833687464,1.5861048106581044,-3.9106333548192374
2016-02-22,1.3514744833687464,1.5913399089082956,-3.9106333548192374
2016-02-23,1.3514744833687464,1.56384441935003,-3.9106333548192374
2016-02-24,1.3514744833687464,1.5438607834624876,-3.9106333548192374
2016-02-25,1.3514744833687464,1.5332804975996157,-3.9106333548192374
2016-02-26,1.3514744833687464,1.5462913417777358,-3.9106333548192374
2016-02-29,1.3514744833687464,1.53689883958293,-3.9106333548192374
2016-03-01,1.3514744833687464,1.5886453509315857,-3.9106333548192374
2016-03-02,1.3514744833687464,1.6208811273322499,-3.9106333548192374
2016-03-03,1.3514744833687464,1.6443622754150085,-3.9106333548192374
2016-03-04,1.3514744833687464,1.646506923600553,-3.9106333548192374
2016-03-08,1.3514744833687464,1.6464958609621758,-3.9106333548192374
2016-03-09,1.3514744833687464,1.6567241830778505,-3.9106333548192374
2016-03-10,1.3514744833687464,1.6466828517720231,-3.9106333548192374
2016-03-11,1.3514744833687464,1.6519730484055872,-3.9106333548192374
2016-03-14,1.3514744833687464,1.6582529752589925,-3.9106333548192374
2016-03-15,1.3514744833687464,1.6410628166680161,-3.9106333548192374
2016-03-16,1.3514744833687464,1.6494544186003477,-3.9106333548192374
2016-03-17,1.3514744833687464,1.6524898776858776,-3.9106333548192374
2016-03-18,1.3514744833687464,1.6726826296600215,-3.9106333548192374
2016-03-21,1.3514744833687464,1.694657003434136,-3.9106333548192374
2016-03-22,1.3514744833687464,1.6969995976636492,-3.9106333548192374
2016-03-23,1.3514744833687464,1.697351561410846,-3.9106333548192374
2016-03-28,1.3514744833687464,1.6750472417620323,-3.9106333548192374
2016-03-29,1.3514744833687464,1.6710658733931443,-3.9106333548192374
2016-03-30,1.3514744833687464,1.7014649296104651,-3.9106333548192374
2016-03-31,1.3514744833687464,1.7021687497006028,-3.9106333548192374
2016-04-01,1.3514744833687464,1.6965926429373355,-3.9106333548192374
2016-04-04,1.3514744833687464,1.7066559921156605,-3.9106333548192374
2016-04-05,1.3514744833687464,1.6724296926369364,-3.9106333548192374
2016-04-06,1.3462824629094585,1.6748822688246827,-4.279784207226179
2016-04-07,1.3342771772860942,1.6599467403774841,-5.133355847785836
2016-04-08,1.334489975223477,1.6618714246465627,-5.118225988304104
2016-04-11,1.334489975223477,1.6874311672973727,-5.118225988304104
2016-04-12,1.334489975223477,1.6956908768032295,-5.118225988304104
2016-04-13,1.334489975223477,1.726815770983186,-5.118225988304104
2016-04-18,1.334489975223477,1.7409484526161345,-5.118225988304104
2016-04-20,1.334489975223477,1.7409594078502553,-5.118225988304104
2016-04-21,1.334489975223477,1.7403654623140943,-5.118225988304104
2016-04-22,1.334489975223477,1.7375609223791513,-5.118225988304104
2016-04-25,1.334489975223477,1.7278275190755252,-5.118225988304104
2016-04-26,1.334489975223477,1.7514956579681313,-5.118225988304104
2016-04-27,1.334489975223477,1.755290035527172,-5.118225988304104
2016-04-28,1.334489975223477,1.7261118434887919,-5.118225988304104
2016-04-29,1.334489975223477,1.726672708514078,-5.118225988304104
2016-05-02,1.334489975223477,1.7170163140620665,-5.118225988304104
2016-05-03,1.334489975223477,1.704060460863063,-5.118225988304104
2016-05-04,1.334489975223477,1.6951628774803058,-5.118225988304104
2016-05-05,1.334489975223477,1.7015308758237027,-5.118225988304104
2016-05-06,1.334489975223477,1.7010799927566496,-5.118225988304104
2016-05-09,1.334489975223477,1.7302471221566529,-5.118225988304104
2016-05-10,1.334489975223477,1.735031337339791,-5.118225988304104
2016-05-11,1.334489975223477,1.726463807235989,-5.118225988304104
2016-05-12,1.334489975223477,1.7378029041681153,-5.118225988304104
2016-05-13,1.334489975223477,1.7189959893102618,-5.118225988304104
2016-05-16,1.334489975223477,1.7290813563610847,-5.118225988304104
2016-05-17,1.334489975223477,1.7356802738550685,-5.118225988304104
2016-05-18,1.334489975223477,1.7311489956950152,-5.118225988304104
2016-05-19,1.334489975223477,1.712067125941579,-5.118225988304104
2016-05-20,1.334489975223477,1.7046544063992242,-5.118225988304104
2016-05-23,1.334489975223477,1.700551993433726,-5.118225988304104
2016-05-24,1.334489975223477,1.7044674155893766,-5.118225988304104
2016-05-25,1.334489975223477,1.7453916592861967,-5.118225988304104
2016-05-26,1.334489975223477,1.775031797030007,-5.118225988304104
2016-05-27,1.334489975223477,1.7941686577625595,-5.118225988304104
2016-05-30,1.334489975223477,1.7989748908181957,-5.118225988304104
2016-05-31,1.334489975223477,1.7949275762360701,-5.118225988304104
2016-06-01,1.334489975223477,1.7992938814587738,-5.118225988304104
2016-06-02,1.334489975223477,1.8078724742009529,-5.118225988304104
2016-06-03,1.334489975223477,1.8082793215230104,-5.118225988304104
2016-06-06,1.334489975223477,1.8039350341728047,-5.118225988304104
2016-06-07,1.334489975223477,1.818320760233094,-5.118225988304104
2016-06-08,1.334489975223477,1.8197724361583656,-5.118225988304104
2016-06-09,1.334489975223477,1.8044958991980908,-5.118225988304104
2016-06-10,1.334489975223477,1.7971161527623547,-5.118225988304104
2016-06-13,1.334489975223477,1.7840393623709974,-5.118225988304104
2016-06-14,1.334489975223477,1.7836544255171818,-5.118225988304104
2016-06-15,1.334489975223477,1.8051557909474893,-5.118225988304104
2016-06-16,1.334489975223477,1.7906712529716,-5.118225988304104
2016-06-17,1.334489975223477,1.79714923327323,-5.118225988304104
2016-06-20,1.334489975223477,1.8121727258061637,-5.118225988304104
2016-06-21,1.334489975223477,1.8080814828832987,-5.118225988304104
2016-06-22,1.334489975223477,1.804518024474845,-5.118225988304104
2016-06-23,1.334489975223477,1.8192006158989589,-5.118225988304104
2016-06-24,1.334489975223477,1.779200156208743,-5.118225988304104
2016-06-27,1.3423433113228314,1.7805419575800376,-4.559856517681404
2016-06-28,1.347840556261922,1.7878337399300384,-4.169004310709679
2016-06-29,1.3591206462778402,1.8045839706880826,-3.3669938261103316
2016-06-30,1.3591206462778402,1.8230059486921206,-3.3669938261103316
2016-07-01,1.3591206462778402,1.8319363977772405,-3.3669938261103316
2016-07-04,1.3591206462778402,1.841251998524688,-3.3669938261103316
2016-07-05,1.3591206462778402,1.8336082524274904,-3.3669938261103316
2016-07-07,1.3591206462778402,1.8340372250263017,-3.3669938261103316
2016-07-08,1.3591206462778402,1.8308037124925474,-3.3669938261103316
2016-07-11,1.3591206462778402,1.862632534166898,-3.3669938261103316
2016-07-12,1.3591206462778402,1.874323487441965,-3.3669938261103316
2016-07-13,1.3591206462778402,1.873982586333145,-3.3669938261103316
2016-07-14,1.3591206462778402,1.8839909445323537,-3.3669938261103316
2016-07-15,1.3591206462778402,1.878799882027158,-3.3669938261103316
2016-07-18,1.3591206462778402,1.8716070189970135,-3.3669938261103316
2016-07-19,1.3591206462778402,1.8759732168154613,-3.3669938261103316
2016-07-20,1.3591206462778402,1.8841778279379453,-3.3669938261103316
2016-07-21,1.3591206462778402,1.871914839594959,-3.3669938261103316
2016-07-22,1.3591206462778402,1.8787558462821627,-3.3669938261103316
2016-07-25,1.3591206462778402,1.8995314811540904,-3.3669938261103316
2016-07-26,1.3591206462778402,1.8896331049131148,-3.3669938261103316
2016-07-27,1.3591206462778402,1.8951650685271304,-3.3669938261103316
2016-07-28,1.3591206462778402,1.9062732463086696,-3.3669938261103316
2016-07-29,1.3591206462778402,1.900158292392614,-3.3669938261103316
2016-08-01,1.3591206462778402,1.8997293197938026,-3.3669938261103316
2016-08-02,1.3591206462778402,1.8967269412191472,-3.3669938261103316
2016-08-03,1.3591206462778402,1.8795585856921564,-3.3669938261103316
2016-08-04,1.3591206462778402,1.8809333601700697,-3.3669938261103316
2016-08-05,1.3591206462778402,1.909979767186231,-3.3669938261103316
2016-08-08,1.3591206462778402,1.9161825777837662,-3.3669938261103316
2016-08-09,1.3591206462778402,1.9089018580721422,-3.3669938261103316
2016-08-10,1.3591206462778402,1.8862565299102523,-3.3669938261103316
2016-08-11,1.3591206462778402,1.8899630507878138,-3.3669938261103316
2016-08-16,1.3591206462778402,1.9010491032925991,-3.3669938261103316
2016-08-17,1.3591206462778402,1.8969797708379759,-3.3669938261103316
2016-08-18,1.3591206462778402,1.9078020384898116,-3.3669938261103316
2016-08-19,1.3591206462778402,1.9064053535436567,-3.3669938261103316
2016-08-22,1.3591206462778402,1.8981017156970605,-3.3669938261103316
2016-08-23,1.3591206462778402,1.898860419362059,-3.3669938261103316
2016-08-24,1.3591206462778402,1.9027538236452122,-3.3669938261103316
2016-08-25,1.3591206462778402,1.8899740060219352,-3.3669938261103316
2016-08-26,1.3591206462778402,1.885651629139971,-3.3669938261103316
2016-08-29,1.3591206462778402,1.8933284557480436,-3.3669938261103316
2016-08-30,1.3591206462778402,1.9234413870271487,-3.3669938261103316
2016-08-31,1.3591206462778402,1.9326470058163634,-3.3669938261103316
2016-09-01,1.3591206462778402,1.9301064655428821,-3.3669938261103316
2016-09-02,1.3591206462778402,1.9378052026191963,-3.3669938261103316
2016-09-06,1.3591206462778402,1.967137304956549,-3.3669938261103316
2016-09-07,1.3591206462778402,1.9616272518107751,-3.3669938261103316
2016-09-08,1.3591206462778402,1.9692269621629772,-3.3669938261103316
2016-09-09,1.3591206462778402,1.9503541010918861,-3.3669938261103316
2016-09-12,1.3591206462778402,1.9171174244287474,-3.3669938261103316
2016-09-14,1.3591206462778402,1.9195370275098746,-3.3669938261103316
2016-09-15,1.3591206462778402,1.923045494939212,-3.3669938261103316
2016-09-16,1.3591206462778402,1.931250106061696,-3.3669938261103316
2016-09-19,1.3591206462778402,1.9375302477236134,-3.3669938261103316
2016-09-20,1.3591206462778402,1.9303814204384642,-3.3669938261103316
2016-09-21,1.3591206462778402,1.9306563753340467,-3.3669938261103316
2016-09-22,1.3591206462778402,1.9505190740292353,-3.3669938261103316
2016-09-23,1.3591206462778402,1.9426222835046967,-3.3669938261103316
2016-09-26,1.3591206462778402,1.9187561985681223,-3.3669938261103316
2016-09-27,1.3591206462778402,1.9150939282440687,-3.3669938261103316
2016-09-28,1.3591206462778402,1.923617530007131,-3.3669938261103316
2016-09-29,1.3591206462778402,1.8897649973395896,-3.3669938261103316
2016-09-30,1.3591206462778402,1.8941423652006701,-3.3669938261103316
2016-10-03,1.3591206462778402,1.9220666125492347,-3.3669938261103316
2016-10-04,1.3591206462778402,1.9288966640023175,-3.3669938261103316
2016-10-05,1.3591206462778402,1.9233535303456688,-3.3669938261103316
2016-10-06,1.3591206462778402,1.9157866856958292,-3.3669938261103316
2016-10-07,1.3591206462778402,1.9131580739323566,-3.3669938261103316
2016-10-10,1.3591206462778402,1.9156217127584794,-3.3669938261103316
2016-10-13,1.3591206462778402,1.8858275573114405,-3.3669938261103316
2016-10-14,1.3591206462778402,1.8880383665187346,-3.3669938261103316
2016-10-17,1.3591206462778402,1.874180639781369,-3.3669938261103316
2016-10-18,1.3591206462778402,1.9088249566247835,-3.3669938261103316
2016-10-19,1.3591206462778402,1.9046894631484106,-3.3669938261103316
2016-10-20,1.3591206462778402,1.913554180828805,-3.3669938261103316
2016-10-21,1.3591206462778402,1.9121572810741378,-3.3669938261103316
2016-10-24,1.3591206462778402,1.915654793269354,-3.3669938261103316
2016-10-25,1.3591206462778402,1.9117723442203218,-3.3669938261103316
2016-10-26,1.3591206462778402,1.8950441313347755,-3.3669938261103316
2016-10-27,1.3591206462778402,1.8950441313347755,-3.3669938261103316
2016-10-28,1.3591206462778402,1.90004831043438,-3.3669938261103316
2016-11-01,1.3591206462778402,1.897463734415903,-3.3669938261103316
2016-11-02,1.3591206462778402,1.8727727847925808,-3.3669938261103316
2016-11-03,1.3591206462778402,1.8663828759809422,-3.3669938261103316
2016-11-04,1.3591206462778402,1.8551206804961742,-3.3669938261103316
2016-11-07,1.3591206462778402,1.8690443534467776,-3.3669938261103316
2016-11-08,1.3591206462778402,1.8792726755624523,-3.3669938261103316
2016-11-09,1.3591206462778402,1.8547357436423584,-3.3669938261103316
2016-11-10,1.3591206462778402,1.8753573608110576,-3.3669938261103316
2016-11-11,1.3591206462778402,1.824886597216203,-3.3669938261103316
2016-11-15,1.3288233919360077,1.7835664614314464,-5.521118093065002
2016-11-16,1.3293396020397719,1.7842593262874635,-5.48441573387366
2016-11-17,1.3228234351681785,1.7772974898121618,-5.9477129365592685
2016-11-18,1.3228234351681785,1.776010679419984,-5.9477129365592685
2016-11-21,1.3228234351681785,1.744115911532396,-5.9477129365592685
2016-11-22,1.3228234351681785,1.7602172057751628,-5.9477129365592685
2016-11-23,1.3228234351681785,1.7670360871856126,-5.9477129365592685
2016-11-24,1.3228234351681785,1.7521225766109119,-5.9477129365592685
2016-11-25,1.3228234351681785,1.7848531644193686,-5.9477129365592685
2016-11-28,1.3228234351681785,1.787624731247693,-5.9477129365592685
2016-11-29,1.3228234351681785,1.7909791809738012,-5.9477129365592685
2016-11-30,1.3228234351681785,1.8090932309756376,-5.9477129365592685
2016-12-01,1.3228234351681785,1.802142457138713,-5.9477129365592685
2016-12-02,1.3228234351681785,1.77880415671655,-5.9477129365592685
2016-12-05,1.3228234351681785,1.7880316859740064,-5.9477129365592685
2016-12-06,1.3228234351681785,1.7911991448902673,-5.9477129365592685
2016-12-07,1.3228234351681785,1.7821586064426584,-5.9477129365592685
2016-12-08,1.3228234351681785,1.8140093385852507,-5.9477129365592685
2016-12-09,1.3228234351681785,1.8172868868640009,-5.9477129365592685
2016-12-12,1.3228234351681785,1.7972811256997046,-5.9477129365592685
2016-12-13,1.3228234351681785,1.8084992854394768,-5.9477129365592685
2016-12-14,1.3228234351681785,1.7998437912499397,-5.9477129365592685
2016-12-15,1.3228234351681785,1.7934978107790407,-5.9477129365592685
2016-12-16,1.3228234351681785,1.7903853428418963,-5.9477129365592685
2016-12-19,1.3228234351681785,1.7826645878930842,-5.9477129365592685
2016-12-20,1.3228234351681785,1.7778363369649504,-5.9477129365592685
2016-12-21,1.3228234351681785,1.7731950768466638,-5.9477129365592685
2016-12-22,1.3228234351681785,1.755114107355702,-5.9477129365592685
2016-12-23,1.3228234351681785,1.7565768459193505,-5.9477129365592685
2016-12-26,1.3228234351681785,1.7395296423932258,-5.9477129365592685
2016-12-27,1.3228234351681785,1.7669371678657562,-5.9477129365592685
2016-12-28,1.3228234351681785,1.7673770956986883,-5.9477129365592685
2016-12-29,1.3228234351681785,1.7824996149557344,-5.9477129365592685
2016-12-30,1.3228234351681785,1.800580584446696,-5.9477129365592685
2017-01-02,1.3228234351681785,1.799194854734662,-5.9477129365592685
2017-01-03,1.3228234351681785,1.801999394669605,-5.9477129365592685
2017-01-04,1.3228234351681785,1.801614457815789,-5.9477129365592685
2017-01-05,1.3228234351681785,1.8199374090957148,-5.9477129365592685
2017-01-06,1.3228234351681785,1.8133384916017312,-5.9477129365592685
2017-01-09,1.3228234351681785,1.8116337712491186,-5.9477129365592685
2017-01-10,1.3228234351681785,1.8231928320977109,-5.9477129365592685
2017-01-11,1.3228234351681785,1.8434406824552274,-5.9477129365592685
2017-01-12,1.3228234351681785,1.8492806814757003,-5.9477129365592685
2017-01-13,1.3228234351681785,1.8477737997628,-5.9477129365592685
2017-01-16,1.3228234351681785,1.8505123934845058,-5.9477129365592685
2017-01-17,1.3228234351681785,1.8472569704825097,-5.9477129365592685
2017-01-18,1.3228234351681785,1.851436284895366,-5.9477129365592685
2017-01-19,1.3228234351681785,1.855417545859998,-5.9477129365592685
2017-01-20,1.3228234351681785,1.8365556400230278,-5.9477129365592685
2017-01-23,1.3228234351681785,1.8458272050254798,-5.9477129365592685
2017-01-24,1.3228234351681785,1.8643701202218717,-5.9477129365592685
2017-01-25,1.3228234351681785,1.8922945823789485,-5.9477129365592685
2017-01-27,1.3228234351681785,1.900763193162894,-5.9477129365592685
2017-01-30,1.3228234351681785,1.898893499872932,-5.9477129365592685
2017-01-31,1.3228234351681785,1.883177035079725,-5.9477129365592685
2017-02-01,1.3228234351681785,1.9172935674087281,-5.9477129365592685
2017-02-02,1.3228234351681785,1.9212198373942437,-5.9477129365592685
2017-02-03,1.3228234351681785,1.9226936385962694,-5.9477129365592685
2017-02-06,1.3228234351681785,1.9359133840524785,-5.9477129365592685
2017-02-07,1.3228234351681785,1.928709565788213,-5.9477129365592685
2017-02-08,1.3228234351681785,1.9288745387255624,-5.9477129365592685
2017-02-09,1.3228234351681785,1.9309313302296278,-5.9477129365592685
2017-02-10,1.3228234351681785,1.9342636546789824,-5.9477129365592685
2017-02-13,1.3228234351681785,1.936793239718343,-5.9477129365592685
2017-02-14,1.3228234351681785,1.9339886997834,-5.9477129365592685
2017-02-15,1.3228234351681785,1.9191192249536948,-5.9477129365592685
2017-02-16,1.3228234351681785,1.930843258739637,-5.9477129365592685
2017-02-17,1.3228234351681785,1.940455724850909,-5.9477129365592685
2017-02-20,1.3228234351681785,1.9531036500477112,-5.9477129365592685
2017-02-21,1.3228234351681785,1.9594054873693583,-5.9477129365592685
2017-02-22,1.3228234351681785,1.9635959718248475,-5.9477129365592685
2017-02-23,1.3228234351681785,1.9663674312489157,-5.9477129365592685
2017-02-27,1.3228234351681785,1.9569530185858681,-5.9477129365592685
2017-02-28,1.3228234351681785,1.95319150672919,-5.9477129365592685
2017-03-01,1.3228234351681785,1.9677531609609498,-5.9477129365592685
2017-03-02,1.3228234351681785,1.9576238655693872,-5.9477129365592685
2017-03-03,1.3228234351681785,1.9571399019914593,-5.9477129365592685
2017-03-06,1.3228234351681785,1.9716356100099819,-5.9477129365592685
2017-03-07,1.3228234351681785,1.96799525015417,-5.9477129365592685
2017-03-08,1.3228234351681785,1.9630239367569282,-5.9477129365592685
2017-03-09,1.3228234351681785,1.9636178822930892,-5.9477129365592685
2017-03-10,1.3228234351681785,1.9652785669007058,-5.9477129365592685
2017-03-14,1.3228234351681785,1.9988121089276687,-5.9477129365592685
2017-03-15,1.3228234351681785,1.9983281453497408,-5.9477129365592685
2017-03-16,1.3228234351681785,2.0134837451176617,-5.9477129365592685
2017-03-17,1.3228234351681785,2.014880430063817,-5.9477129365592685
2017-03-20,1.3228234351681785,2.007577585075439,-5.9477129365592685
2017-03-21,1.3228234351681785,2.0064008640457502,-5.9477129365592685
2017-03-22,1.3228234351681785,1.9863731924132122,-5.9477129365592685
2017-03-23,1.3228234351681785,1.9986580912244405,-5.9477129365592685
2017-03-24,1.3228234351681785,2.003431351173458,-5.9477129365592685
2017-03-27,1.3228234351681785,1.9896176601810875,-5.9477129365592685
2017-03-28,1.3228234351681785,2.0018475680131993,-5.9477129365592685
2017-03-29,1.3228234351681785,2.011306016421243,-5.9477129365592685
2017-03-30,1.3228234351681785,2.017893978681106,-5.9477129365592685
2017-03-31,1.3228234351681785,2.017893978681106,-5.9477129365592685
2017-04-03,1.3228234351681785,2.031993579803179,-5.9477129365592685
2017-04-05,1.3228234351681785,2.037998766569514,-5.9477129365592685
2017-04-06,1.3228234351681785,2.0372948390751198,-5.9477129365592685
2017-04-07,1.3228234351681785,2.023294049868646,-5.9477129365592685
2017-04-10,1.3228234351681785,2.0195877437995966,-5.9477129365592685
2017-04-11,1.3228234351681785,2.0318066963975876,-5.9477129365592685
2017-04-12,1.3228234351681785,2.0244269499618515,-5.9477129365592685
2017-04-13,1.3228234351681785,2.012845763836505,-5.9477129365592685
2017-04-17,1.3228234351681785,2.0103161787971446,-5.9477129365592685
2017-04-18,1.3228234351681785,2.002804539934934,-5.9477129365592685
2017-04-19,1.3228234351681785,2.00244151354936,-5.9477129365592685
2017-04-20,1.3228234351681785,2.0096784123245004,-5.9477129365592685
2017-04-21,1.3228234351681785,2.0059390257445764,-5.9477129365592685
2017-04-24,1.3228234351681785,2.0276164267506105,-5.9477129365592685
2017-04-25,1.3228234351681785,2.0471160990602253,-5.9477129365592685
2017-04-26,1.3228234351681785,2.0570694662803173,-5.9477129365592685
2017-04-27,1.3228234351681785,2.0549359881374056,-5.9477129365592685
2017-04-28,1.3228234351681785,2.046555234034939,-5.9477129365592685
2017-05-02,1.3228234351681785,2.048699882220484,-5.9477129365592685
2017-05-03,1.3228234351681785,2.0482930348984265,-5.9477129365592685
2017-05-04,1.3228234351681785,2.0588403476546797,-5.9477129365592685
2017-05-05,1.3228234351681785,2.0424309106011997,-5.9477129365592685
2017-05-08,1.3228234351681785,2.048754873199601,-5.9477129365592685
2017-05-09,1.3228234351681785,2.0493707292040035,-5.9477129365592685
2017-05-10,1.3228234351681785,2.0692665084100668,-5.9477129365592685
2017-05-11,1.3228234351681785,2.0725880924338127,-5.9477129365592685
2017-05-12,1.3228234351681785,2.067858868229791,-5.9477129365592685
2017-05-15,1.3228234351681785,2.0776472625125333,-5.9477129365592685
2017-05-16,1.3228234351681785,2.0923517644048886,-5.9477129365592685
2017-05-17,1.3228234351681785,2.0953212772771814,-5.9477129365592685
2017-05-18,1.3228234351681785,2.074138795083196,-5.9477129365592685
2017-05-19,1.3228234351681785,2.073797893974376,-5.9477129365592685
2017-05-22,1.3228234351681785,2.076074434586396,-5.9477129365592685
2017-05-23,1.3228234351681785,2.064614400461916,-5.9477129365592685
2017-05-24,1.3228234351681785,2.0589831953152755,-5.9477129365592685
2017-05-25,1.3228234351681785,2.0918018546137236,-5.9477129365592685
2017-05-26,1.3228234351681785,2.1105756889607026,-5.9477129365592685
2017-05-29,1.3228234351681785,2.1127315071888804,-5.9477129365592685
2017-05-30,1.3228234351681785,2.1170536692623325,-5.9477129365592685
2017-05-31,1.3228234351681785,2.1163278312996967,-5.9477129365592685
2017-06-01,1.3228234351681785,2.1151949312064913,-5.9477129365592685
2017-06-02,1.3228234351681785,2.1234216676057294,-5.9477129365592685
2017-06-05,1.3228234351681785,2.128172802277993,-5.9477129365592685
2017-06-06,1.3228234351681785,2.1198253434949135,-5.9477129365592685
2017-06-07,1.3228234351681785,2.125709378260382,-5.9477129365592685
2017-06-08,1.3228234351681785,2.1220468931278162,-5.9477129365592685
2017-06-09,1.3228234351681785,2.126666135373605,-5.9477129365592685
2017-06-12,1.3228234351681785,2.1152610922282413,-5.9477129365592685
2017-06-13,1.3228234351681785,2.113171435021813,-5.9477129365592685
2017-06-14,1.3228234351681785,2.115646029082057,-5.9477129365592685
2017-06-15,1.3228234351681785,2.1068253471466583,-5.9477129365592685
2017-06-16,1.3228234351681785,2.1090249863113195,-5.9477129365592685
2017-06-19,1.3228234351681785,2.1243124785057153,-5.9477129365592685
2017-06-20,1.3228234351681785,2.12342166760573,-5.9477129365592685
2017-06-21,1.3228234351681785,2.119044299744649,-5.9477129365592685
2017-06-22,1.3228234351681785,2.1182525155687757,-5.9477129365592685
2017-06-23,1.3228234351681785,2.106143544929018,-5.9477129365592685
2017-06-27,1.3228234351681785,2.092164880999298,-5.9477129365592685
2017-06-28,1.3228234351681785,2.0877325221591003,-5.9477129365592685
2017-06-29,1.3228234351681785,2.090558972562285,-5.9477129365592685
2017-06-30,1.3228234351681785,2.0942545382057256,-5.9477129365592685
2017-07-03,1.3228234351681785,2.114953056821783,-5.9477129365592685
2017-07-04,1.3228234351681785,2.114579075202088,-5.9477129365592685
2017-07-05,1.3228234351681785,2.1199241554105126,-5.9477129365592685
2017-07-06,1.3228234351681785,2.1280518650856384,-5.9477129365592685
2017-07-07,1.3228234351681785,2.12612718081656,-5.9477129365592685
2017-07-10,1.3228234351681785,2.1492783830246194,-5.9477129365592685
2017-07-11,1.3228234351681785,2.152577841771611,-5.9477129365592685
2017-07-12,1.3228234351681785,2.1591877144997156,-5.9477129365592685
2017-07-13,1.3228234351681785,2.175817115469662,-5.9477129365592685
2017-07-14,1.3228234351681785,2.174640179631461,-5.9477129365592685
2017-07-17,1.3228234351681785,2.1811512404439655,-5.9477129365592685
2017-07-18,1.3228234351681785,2.161618487623476,-5.9477129365592685
2017-07-19,1.3228234351681785,2.1775547015246373,-5.9477129365592685
2017-07-20,1.3228234351681785,2.1717696934832804,-5.9477129365592685
2017-07-21,1.3228234351681785,2.180997222740737,-5.9477129365592685
2017-07-24,1.3228234351681785,2.192248462991384,-5.9477129365592685
2017-07-25,1.3228234351681785,2.1918414008608145,-5.9477129365592685
2017-07-26,1.3228234351681785,2.204181505459671,-5.9477129365592685
2017-07-27,1.3228234351681785,2.2041593801829173,-5.9477129365592685
2017-07-28,1.3228234351681785,2.2028286414499996,-5.9477129365592685
2017-07-31,1.3228234351681785,2.216598296697374,-5.9477129365592685
2017-08-01,1.3228234351681785,2.2248581136074868,-5.9477129365592685
2017-08-02,1.3228234351681785,2.21756622385323,-5.9477129365592685
2017-08-03,1.3228234351681785,2.202641758044408,-5.9477129365592685
2017-08-04,1.3228234351681785,2.2142448546379963,-5.9477129365592685
2017-08-07,1.3228234351681785,2.212265179389801,-5.9477129365592685
2017-08-08,1.3228234351681785,2.19492089569134,-5.9477129365592685
2017-08-09,1.3228234351681785,2.179413439580478,-5.9477129365592685
2017-08-10,1.3228234351681785,2.160100650676455,-5.9477129365592685
2017-08-11,1.3228234351681785,2.1360255570575353,-5.9477129365592685
2017-08-14,1.3228234351681785,2.154359678380094,-5.9477129365592685
2017-08-16,1.3228234351681785,2.177048827478467,-5.9477129365592685
2017-08-17,1.3228234351681785,2.1785557091913677,-5.9477129365592685
2017-08-18,1.3228234351681785,2.163873117767254,-5.9477129365592685
2017-08-21,1.3228234351681785,2.1456049426579322,-5.9477129365592685
2017-08-22,1.3228234351681785,2.148068581484055,-5.9477129365592685
2017-08-23,1.3228234351681785,2.1671944869824866,-5.9477129365592685
2017-08-24,1.3228234351681785,2.168195279840705,-5.9477129365592685
2017-08-28,1.3228234351681785,2.1804582681836915,-5.9477129365592685
2017-08-29,1.3228234351681785,2.1547774809362714,-5.9477129365592685
2017-08-30,1.3228234351681785,2.174211421841161,-5.9477129365592685
2017-08-31,1.3228234351681785,2.1815802130427757,-5.9477129365592685
2017-09-01,1.3228234351681785,2.1940081743231117,-5.9477129365592685
2017-09-04,1.3228234351681785,2.180469223417812,-5.9477129365592685
2017-09-05,1.3228234351681785,2.189124932415861,-5.9477129365592685
2017-09-06,1.3228234351681785,2.1812062314230807,-5.9477129365592685
2017-09-07,1.3228234351681785,2.184219780040369,-5.9477129365592685
2017-09-08,1.3228234351681785,2.1852974743459455,-5.9477129365592685
2017-09-11,1.3228234351681785,2.200969903394157,-5.9477129365592685
2017-09-12,1.3228234351681785,2.22010676412671,-5.9477129365592685
2017-09-13,1.3228234351681785,2.217082260275301,-5.9477129365592685
2017-09-14,1.3228234351681785,2.218687953903801,-5.9477129365592685
2017-09-15,1.3228234351681785,2.2184241690508513,-5.9477129365592685
2017-09-18,1.3228234351681785,2.233315554348798,-5.9477129365592685
2017-09-19,1.3228234351681785,2.2320947975741134,-5.9477129365592685
2017-09-20,1.3228234351681785,2.2306871573938376,-5.9477129365592685
2017-09-21,1.3228234351681785,2.2264528520018647,-5.9477129365592685
2017-09-22,1.3228234351681785,2.19180853515845,-5.9477129365592685
2017-09-25,1.3228234351681785,2.17161567578005,-5.9477129365592685
2017-09-26,1.3228234351681785,2.1713738013953425,-5.9477129365592685
2017-09-27,1.3228234351681785,2.141513699735066,-5.9477129365592685
2017-09-28,1.3228234351681785,2.148816544723444,-5.9477129365592685
2017-09-29,1.3228234351681785,2.1531387067968963,-5.9477129365592685
2017-10-03,1.3228234351681785,2.1687342343977494,-5.9477129365592685
2017-10-04,1.3228234351681785,2.1809203212933777,-5.9477129365592685
2017-10-05,1.3228234351681785,2.1751572237202628,-5.9477129365592685
2017-10-06,1.3228234351681785,2.1951739401186803,-5.9477129365592685
2017-10-09,1.3228234351681785,2.197164570600996,-5.9477129365592685
2017-10-10,1.3228234351681785,2.2033675960070433,-5.9477129365592685
2017-10-11,1.3228234351681785,2.1962956701692526,-5.9477129365592685
2017-10-12,1.3228234351681785,2.2208437721319796,-5.9477129365592685
2017-10-13,1.3228234351681785,2.2364721654351953,-5.9477129365592685
2017-10-16,1.3228234351681785,2.2504177488540407,-5.9477129365592685
2017-10-17,1.3228234351681785,2.251209747838426,-5.9477129365592685
2017-10-18,1.3228234351681785,2.246018470524718,-5.9477129365592685
2017-10-19,1.3228234351681785,2.2318748336576486,-5.9477129365592685
2017-10-23,1.3228234351681785,2.240299408696599,-5.9477129365592685
2017-10-24,1.3228234351681785,2.2453257130729574,-5.9477129365592685
2017-10-25,1.3228234351681785,2.2646054214661056,-5.9477129365592685
2017-10-26,1.3228234351681785,2.275262716180592,-5.9477129365592685
2017-10-27,1.3228234351681785,2.2706984649139197,-5.9477129365592685
2017-10-30,1.3228234351681785,2.279629128807551,-5.9477129365592685
2017-10-31,1.3228234351681785,2.2733930228906294,-5.9477129365592685
2017-11-01,1.3228234351681785,2.296533269864568,-5.9477129365592685
2017-11-02,1.3228234351681785,2.2928598294978815,-5.9477129365592685
2017-11-03,1.3228234351681785,2.299172836862162,-5.9477129365592685
2017-11-06,1.3228234351681785,2.299018819158933,-5.9477129365592685
2017-11-07,1.3228234351681785,2.276659615935259,-5.9477129365592685
2017-11-08,1.3228234351681785,2.266321311861351,-5.9477129365592685
2017-11-09,1.3228234351681785,2.2675970596151522,-5.9477129365592685
2017-11-10,1.3228234351681785,2.270412554784216,-5.9477129365592685
2017-11-13,1.3228234351681785,2.249120090631998,-5.9477129365592685
2017-11-14,1.3228234351681785,2.240684345550415,-5.9477129365592685
2017-11-15,1.3228234351681785,2.2256058620383645,-5.9477129365592685
2017-11-16,1.3228234351681785,2.246876415722341,-5.9477129365592685
2017-11-17,1.3228234351681785,2.2620208454476285,-5.9477129365592685
2017-11-20,1.3228234351681785,2.265353384705495,-5.9477129365592685
2017-11-21,1.3228234351681785,2.271545454877421,-5.9477129365592685
2017-11-22,1.3228234351681785,2.2749327703058926,-5.9477129365592685
2017-11-23,1.3228234351681785,2.2763515805288015,-5.9477129365592685
2017-11-24,1.3228234351681785,2.2853591458697915,-5.9477129365592685
2017-11-27,1.3228234351681785,2.287525704523578,-5.9477129365592685
2017-11-28,1.3228234351681785,2.2810808047328233,-5.9477129365592685
2017-11-29,1.3228234351681785,2.279112084718749,-5.9477129365592685
2017-11-30,1.3228234351681785,2.2494719469749387,-5.9477129365592685
2017-12-01,1.3228234351681785,2.226430726725112,-5.9477129365592685
2017-12-04,1.3228234351681785,2.2277395549897885,-5.9477129365592685
2017-12-05,1.3228234351681785,2.2256498977833603,-5.9477129365592685
2017-12-06,1.3228234351681785,2.2093394874539922,-5.9477129365592685
2017-12-07,1.3228234351681785,2.236307192497846,-5.9477129365592685
2017-12-08,1.3228234351681785,2.258072664993872,-5.9477129365592685
2017-12-11,1.3228234351681785,2.2705225367424497,-5.9477129365592685
2017-12-12,1.3228234351681785,2.252463585123986,-5.9477129365592685
2017-12-13,1.3228234351681785,2.2420812453050822,-5.9477129365592685
2017-12-14,1.3228234351681785,2.2550919820789463,-5.9477129365592685
2017-12-15,1.3228234351681785,2.272942139823577,-5.9477129365592685
2017-12-18,1.3228234351681785,2.285150137187447,-5.9477129365592685
2017-12-19,1.3228234351681785,2.301526493730053,-5.9477129365592685
2017-12-20,1.3228234351681785,2.2973471793171965,-5.9477129365592685
2017-12-21,1.3228234351681785,2.2964892341195737,-5.9477129365592685
2017-12-22,1.3228234351681785,2.3080813754790412,-5.9477129365592685
2017-12-26,1.3228234351681785,2.316549986262987,-5.9477129365592685
2017-12-27,1.3228234351681785,2.3075864566669924,-5.9477129365592685
2017-12-28,1.3228234351681785,2.3047600062638076,-5.9477129365592685
2017-12-29,1.3228234351681785,2.3163740580915166,-5.9477129365592685
2018-01-02,1.3228234351681785,2.2969072514842646,-5.9477129365592685
2018-01-03,1.3228234351681785,2.2971272154007307,-5.9477129365592685
2018-01-04,1.3228234351681785,2.310676906731639,-5.9477129365592685
2018-01-05,1.3228234351681785,2.322565913454931,-5.9477129365592685
2018-01-08,1.3228234351681785,2.3368085770461122,-5.9477129365592685
2018-01-09,1.3228234351681785,2.339756179450163,-5.9477129365592685
2018-01-10,1.3228234351681785,2.338700395612828,-5.9477129365592685
2018-01-11,1.3228234351681785,2.3428797100256844,-5.9477129365592685
2018-01-12,1.3228234351681785,2.349489582753789,-5.9477129365592685
2018-01-15,1.3228234351681785,2.362753363954994,-5.9477129365592685
2018-01-16,1.3228234351681785,2.353712932911641,-5.9477129365592685
2018-01-17,1.3228234351681785,2.3730916680289016,-5.9477129365592685
2018-01-18,1.3228234351681785,2.3793496844140654,-5.9477129365592685
2018-01-19,1.3228234351681785,2.3964409236851854,-5.9477129365592685
2018-01-22,1.3228234351681785,2.4121683437125134,-5.9477129365592685
2018-01-23,1.3228234351681785,2.4380141038972827,-5.9477129365592685
2018-01-24,1.3228234351681785,2.4385199779434528,-5.9477129365592685
2018-01-25,1.3228234351681785,2.4349236538326364,-5.9477129365592685
2018-01-29,1.3228234351681785,2.448286461757953,-5.9477129365592685
2018-01-30,1.3228234351681785,2.4305243755033135,-5.9477129365592685
2018-01-31,1.3228234351681785,2.42569612457518,-5.9477129365592685
2018-02-01,1.3228234351681785,2.423320557239048,-5.9477129365592685
2018-02-02,1.3228234351681785,2.366943633601971,-5.9477129365592685
2018-02-05,1.3292659296093328,2.3462560702200346,-5.48965381810479
2018-02-06,1.3082924001712866,2.309236186040488,-6.980864480841387
2018-02-07,1.3042985701150458,2.3044960066023457,-7.2648244115062095
2018-02-08,1.3042985701150458,2.3265252639513205,-7.2648244115062095
2018-02-09,1.3042985701150458,2.2997117914192073,-7.2648244115062095
2018-02-12,1.3042985701150458,2.3183646885738325,-7.2648244115062095
2018-02-14,1.3042985701150458,2.3098191763425286,-7.2648244115062095
2018-02-15,1.3042985701150458,2.319629481093513,-7.2648244115062095
2018-02-16,1.3042985701150458,2.2991288011171678,-7.2648244115062095
2018-02-19,1.3042985701150458,2.2828735965754285,-7.2648244115062095
2018-02-20,1.3042985701150458,2.2789142460790384,-7.2648244115062095
2018-02-21,1.3042985701150458,2.287063866222406,-7.2648244115062095
2018-02-22,1.3042985701150458,2.2838193984545305,-7.2648244115062095
2018-02-23,1.3042985701150458,2.30765240288023,-7.2648244115062095
2018-02-26,1.3042985701150458,2.3277900564710015,-7.2648244115062095
2018-02-27,1.3042985701150458,2.3215651205967127,-7.2648244115062095
2018-02-28,1.3042985701150458,2.308048294968167,-7.2648244115062095
2018-03-01,1.3042985701150458,2.3004595398500856,-7.2648244115062095
2018-03-05,1.3042985701150458,2.278573130161706,-7.2648244115062095
2018-03-06,1.3042985701150458,2.2544651708404237,-7.2648244115062095
2018-03-07,1.3042985701150458,2.2335576435420212,-7.2648244115062095
2018-03-08,1.3042985701150458,2.253013494915152,-7.2648244115062095
2018-03-09,1.3042985701150458,2.2495378931881778,-7.2648244115062095
2018-03-12,1.3042985701150458,2.292332044983472,-7.2648244115062095
2018-03-13,1.3042985701150458,2.2935306764814025,-7.2648244115062095
2018-03-14,1.3042985701150458,2.2900224238605777,-7.2648244115062095
2018-03-15,1.3042985701150458,2.278859255099922,-7.2648244115062095
2018-03-16,1.3042985701150458,2.2425652088830113,-7.2648244115062095
2018-03-19,1.3042985701150458,2.2203707637881744,-7.2648244115062095
2018-03-20,1.3042985701150458,2.2269915917503997,-7.2648244115062095
2018-03-21,1.3042985701150458,2.2337885626926077,-7.2648244115062095
2018-03-22,1.3042985701150458,2.2248800240757296,-7.2648244115062095
2018-03-23,1.3042985701150458,2.1992101920624307,-7.2648244115062095
2018-03-26,1.3042985701150458,2.2283775362709464,-7.2648244115062095
2018-03-27,1.3042985701150458,2.240145605801884,-7.2648244115062095
2018-03-28,1.3042985701150458,2.224649104925143,-7.2648244115062095
2018-04-02,1.3042985701150458,2.2462274792070653,-7.2648244115062095
2018-04-03,1.3042985701150458,2.253530324195443,-7.2648244115062095
2018-04-04,1.3042985701150458,2.227882617458898,-7.2648244115062095
2018-04-05,1.3042985701150458,2.271160518023608,-7.2648244115062095
2018-04-06,1.3042985701150458,2.272579113438005,-7.2648244115062095
2018-04-09,1.3042985701150458,2.2830823904492625,-7.2648244115062095
2018-04-10,1.3042985701150458,2.2881196500597416,-7.2648244115062095
2018-04-11,1.3042985701150458,2.2913971983384918,-7.2648244115062095
2018-04-12,1.3042985701150458,2.300525700871836,-7.2648244115062095
2018-04-13,1.3042985701150458,2.305353736991458,-7.2648244115062095
2018-04-16,1.3042985701150458,2.3158570140027153,-7.2648244115062095
2018-04-17,1.3042985701150458,2.320333408587908,-7.2648244115062095
2018-04-18,1.3042985701150458,2.31538422046742,-7.2648244115062095
2018-04-19,1.3042985701150458,2.3239847236778406,-7.2648244115062095
2018-04-20,1.3042985701150458,2.323709768782258,-7.2648244115062095
2018-04-23,1.3042985701150458,2.328252109580688,-7.2648244115062095
2018-04-24,1.3042985701150458,2.3347739108188015,-7.2648244115062095
2018-04-25,1.3042985701150458,2.325139534239288,-7.2648244115062095
2018-04-26,1.3042985701150458,2.3355328292923128,-7.2648244115062095
2018-04-27,1.3042985701150458,2.351920141069039,-7.2648244115062095
2018-04-30,1.3042985701150458,2.362269400377068,-7.2648244115062095
2018-05-02,1.3042985701150458,2.357584211918042,-7.2648244115062095
2018-05-03,1.3042985701150458,2.34913772641085,-7.2648244115062095
2018-05-04,1.3042985701150458,2.335631856016425,-7.2648244115062095
2018-05-07,1.3042985701150458,2.3570233468927557,-7.2648244115062095
2018-05-08,1.3042985701150458,2.3575292209389254,-7.2648244115062095
2018-05-09,1.3042985701150458,2.3627864444658706,-7.2648244115062095
2018-05-10,1.3042985701150458,2.3572542660433426,-7.2648244115062095
2018-05-11,1.3042985701150458,2.3770400632911732,-7.2648244115062095
2018-05-14,1.3042985701150458,2.377061973759415,-7.2648244115062095
2018-05-15,1.3042985701150458,2.376017145156201,-7.2648244115062095
2018-05-16,1.3042985701150458,2.3626543372308837,-7.2648244115062095
2018-05-17,1.3042985701150458,2.349808573394369,-7.2648244115062095
2018-05-18,1.3042985701150458,2.3308257303650453,-7.2648244115062095
2018-05-21,1.3042985701150458,2.3132945632609925,-7.2648244115062095
2018-05-22,1.3042985701150458,2.317693841590315,-7.2648244115062095
2018-05-23,1.3042985701150458,2.2943005501890354,-7.2648244115062095
2018-05-24,1.3042985701150458,2.312667537213957,-7.2648244115062095
2018-05-25,1.3042985701150458,2.332750414634124,-7.2648244115062095
2018-05-28,1.3042985701150458,2.3511174016590455,-7.2648244115062095
2018-05-29,1.3042985701150458,2.3389422699975384,-7.2648244115062095
2018-05-30,1.3042985701150458,2.334773910818803,-7.2648244115062095
2018-05-31,1.3042985701150458,2.3615656876911864,-7.2648244115062095
2018-06-01,1.3042985701150458,2.352778086266662,-7.2648244115062095
2018-06-04,1.3042985701150458,2.337886486160203,-7.2648244115062095
2018-06-05,1.3042985701150458,2.33011084763653,-7.2648244115062095
2018-06-06,1.3042985701150458,2.3502375459931804,-7.2648244115062095
2018-06-07,1.3042985701150458,2.3686483539545855,-7.2648244115062095
2018-06-08,1.3042985701150458,2.368494551059869,-7.2648244115062095
2018-06-11,1.3042985701150458,2.3727398116859626,-7.2648244115062095
2018-06-12,1.3042985701150458,2.3850356657313116,-7.2648244115062095
2018-06-13,1.3042985701150458,2.388082294859475,-7.2648244115062095
2018-06-14,1.3042985701150458,2.377380964399993,-7.2648244115062095
2018-06-15,1.3042985701150458,2.379503702117296,-7.2648244115062095
2018-06-18,1.3042985701150458,2.3755772173232685,-7.2648244115062095
2018-06-19,1.3042985701150458,2.355912572076304,-7.2648244115062095
2018-06-20,1.3042985701150458,2.3694622634072124,-7.2648244115062095
2018-06-21,1.3042985701150458,2.3626543372308837,-7.2648244115062095
2018-06-22,1.3042985701150458,2.3804164234855234,-7.2648244115062095
2018-06-25,1.3042985701150458,2.3673506957325428,-7.2648244115062095
2018-06-26,1.3042985701150458,2.368824496934568,-7.2648244115062095
2018-06-27,1.3042985701150458,2.3473230241000045,-7.2648244115062095
2018-06-28,1.3042985701150458,2.329219821928033,-7.2648244115062095
2018-06-29,1.3042985701150458,2.356759347231294,-7.2648244115062095
2018-07-02,1.3042985701150458,2.344221403992725,-7.2648244115062095
2018-07-03,1.3042985701150458,2.3535919957192895,-7.2648244115062095
2018-07-04,1.3042985701150458,2.368989469871918,-7.2648244115062095
2018-07-05,1.3042985701150458,2.3645571110317207,-7.2648244115062095
2018-07-06,1.3042985701150458,2.3695943706422,-7.2648244115062095
2018-07-09,1.3042985701150458,2.3872464749386064,-7.2648244115062095
2018-07-10,1.3042985701150458,2.4079999845337805,-7.2648244115062095
2018-07-11,1.3042985701150458,2.4082309036843674,-7.2648244115062095
2018-07-12,1.3042985701150458,2.424706286951085,-7.2648244115062095
2018-07-13,1.3042985701150458,2.423760485071983,-7.2648244115062095
2018-07-16,1.3042985701150458,2.4057122738791277,-7.2648244115062095
2018-07-17,1.3042985701150458,2.4213737476932184,-7.2648244115062095
2018-07-18,1.3042985701150458,2.415302829522158,-7.2648244115062095
2018-07-19,1.3042985701150458,2.4101665431875667,-7.2648244115062095
2018-07-20,1.3042985701150458,2.4218467560370254,-7.2648244115062095
2018-07-23,1.3042985701150458,2.4382450230478723,-7.2648244115062095
2018-07-24,1.3042985701150458,2.4491441921470662,-7.2648244115062095
2018-07-25,1.3042985701150458,2.4486383181008966,-7.2648244115062095
2018-07-26,1.3042985701150458,2.4564030013904485,-7.2648244115062095
2018-07-27,1.3042985701150458,2.4808299513523093,-7.2648244115062095
2018-07-30,1.3042985701150458,2.489892507672416,-7.2648244115062095
2018-07-31,1.3042985701150458,2.4980202173475416,-7.2648244115062095
2018-08-01,1.3042985701150458,2.495754631969643,-7.2648244115062095
2018-08-02,1.3042985701150458,2.4734282944483317,-7.2648244115062095
2018-08-03,1.3042985701150458,2.4989660192266436,-7.2648244115062095
2018-08-06,1.3042985701150458,2.5047510272680005,-7.2648244115062095
2018-08-07,1.3042985701150458,2.505268071356803,-7.2648244115062095
2018-08-08,1.3042985701150458,2.5185868435371246,-7.2648244115062095
2018-08-09,1.3042985701150458,2.523140139569676,-7.2648244115062095
2018-08-10,1.3042985701150458,2.5140775832495694,-7.2648244115062095
2018-08-13,1.3042985701150458,2.4978552444101925,-7.2648244115062095
2018-08-14,1.3042985701150458,2.5153092952583744,-7.2648244115062095
2018-08-16,1.3042985701150458,2.5043001442009474,-7.2648244115062095
2018-08-17,1.3042985701150458,2.5231510948037963,-7.2648244115062095
2018-08-20,1.3042985701150458,2.540968172037552,-7.2648244115062095
2018-08-21,1.3042985701150458,2.545180566961283,-7.2648244115062095
2018-08-23,1.3042985701150458,2.5477870534480016,-7.2648244115062095
2018-08-24,1.3042985701150458,2.5421448930672406,-7.2648244115062095
2018-08-27,1.3042985701150458,2.5718071560878046,-7.2648244115062095
2018-08-28,1.3042985701150458,2.5820464334376,-7.2648244115062095
2018-08-29,1.3042985701150458,2.5717962008536834,-7.2648244115062095
2018-08-30,1.3042985701150458,2.5684746168299375,-7.2648244115062095
2018-08-31,1.3042985701150458,2.5692885262825644,-7.2648244115062095
2018-09-03,1.3042985701150458,2.5476989819580096,-7.2648244115062095
2018-09-04,1.3042985701150458,2.534050263902989,-7.2648244115062095
2018-09-05,1.3042985701150458,2.5245149140475873,-7.2648244115062095
2018-09-06,1.3042985701150458,2.5377017938014337,-7.2648244115062095
2018-09-07,1.3042985701150458,2.549183738394156,-7.2648244115062095
2018-09-10,1.3042985701150458,2.515969187007771,-7.2648244115062095
2018-09-11,1.3042985701150458,2.4828427071113777,-7.2648244115062095
2018-09-12,1.3042985701150458,2.500967819751591,-7.2648244115062095
2018-09-14,1.3042985701150458,2.5329285338524166,-7.2648244115062095
2018-09-17,1.3042985701150458,2.5026944505724456,-7.2648244115062095
2018-09-18,1.3042985701150458,2.480951103353174,-7.2648244115062095
2018-09-19,1.3042985701150458,2.4711515390277987,-7.2648244115062095
2018-09-21,1.3042985701150458,2.4510798316502647,-7.2648244115062095
2018-09-24,1.3042985701150458,2.4124323433739763,-7.2648244115062095
2018-09-25,1.3042985701150458,2.4344396902547096,-7.2648244115062095
2018-09-26,1.3042985701150458,2.431437096871542,-7.2648244115062095
2018-09-27,1.3042985701150458,2.4146648482410003,-7.2648244115062095
2018-09-28,1.3042985701150458,2.4043046336988505,-7.2648244115062095
2018-10-01,1.3042985701150458,2.4214287386723337,-7.2648244115062095
2018-10-03,1.3042985701150458,2.388423195968294,-7.2648244115062095
2018-10-04,1.3042985701150458,2.331452541603568,-7.2648244115062095
2018-10-05,1.2784754009118304,2.2692467889886503,-9.100842778144713
2018-10-08,1.2823914110218502,2.276197562825575,-8.822415818643425
2018-10-09,1.2752845021939596,2.265859258751667,-9.327714569364066
2018-10-10,1.2752845021939596,2.300844476703902,-9.327714569364066
2018-10-11,1.2752845021939596,2.2512537835834237,-9.327714569364066
2018-10-12,1.2752845021939596,2.3035721151914865,-9.327714569364066
2018-10-15,1.2752845021939596,2.3123706718501316,-9.327714569364066
2018-10-16,1.2752845021939596,2.3282630648148093,-9.327714569364066
2018-10-17,1.2752845021939596,2.2992937740545183,-9.327714569364066
2018-10-19,1.2752845021939596,2.2664091685428325,-9.327714569364066
2018-10-22,1.2752845021939596,2.25358531517456,-9.327714569364066
2018-10-23,1.2752845021939596,2.231929824636768,-9.327714569364066
2018-10-24,1.2752845021939596,2.249076054887005,-9.327714569364066
2018-10-25,1.2752845021939596,2.227112743751267,-9.327714569364066
2018-10-26,1.2752845021939596,2.206238082155227,-9.327714569364066
2018-10-29,1.2752845021939596,2.254817027183366,-9.327714569364066
2018-10-30,1.2752845021939596,2.2432800916115276,-9.327714569364066
2018-10-31,1.2752845021939596,2.2846771288436427,-9.327714569364066
2018-11-01,1.2752845021939596,2.2833244796424834,-9.327714569364066
2018-11-02,1.2752845021939596,2.321279210467011,-9.327714569364066
2018-11-05,1.2752845021939596,2.3149002568894934,-9.327714569364066
2018-11-06,1.2752845021939596,2.31622004038829,-9.327714569364066
2018-11-07,1.2752845021939596,2.3312656581979776,-9.327714569364066
2018-11-09,1.2752845021939596,2.328362091538922,-9.327714569364066
2018-11-12,1.2752845021939596,2.3057058081429114,-9.327714569364066
2018-11-13,1.2752845021939596,2.3277681460027613,-9.327714569364066
2018-11-14,1.2752845021939596,2.326404326758969,-9.327714569364066
2018-11-15,1.2752845021939596,2.3352909549076055,-9.327714569364066
2018-11-16,1.2752845021939596,2.3496985914361366,-9.327714569364066
2018-11-19,1.2752845021939596,2.3675597044148886,-9.327714569364066
2018-11-20,1.2752845021939596,2.3439795296080175,-9.327714569364066
2018-11-21,1.2752845021939596,2.3316284697750396,-9.327714569364066
2018-11-22,1.2752845021939596,2.3155051576597754,-9.327714569364066
2018-11-26,1.2752845021939596,2.3379083966284453,-9.327714569364066
2018-11-27,1.2752845021939596,2.3504463398670143,-9.327714569364066
2018-11-28,1.2752845021939596,2.359959779254174,-9.327714569364066
2018-11-29,1.2752845021939596,2.3885222226924077,-9.327714569364066
2018-11-30,1.2752845021939596,2.3924925284229186,-9.327714569364066
2018-12-03,1.2752845021939596,2.394032275838182,-9.327714569364066
2018-12-04,1.2752845021939596,2.3908977900285393,-9.327714569364066
2018-12-05,1.2752845021939596,2.3718490007859776,-9.327714569364066
2018-12-06,1.2752845021939596,2.3318705589682596,-9.327714569364066
2018-12-07,1.2752845021939596,2.352228176475497,-9.327714569364066
2018-12-10,1.2752845021939596,2.307080582620825,-9.327714569364066
2018-12-11,1.2752845021939596,2.320432435312021,-9.327714569364066
2018-12-12,1.2752845021939596,2.361884463523252,-9.327714569364066
2018-12-13,1.2752845021939596,2.373751559778302,-9.327714569364066
2018-12-14,1.2752845021939596,2.376809144140586,-9.327714569364066
2018-12-17,1.2752845021939596,2.39504402393052,-9.327714569364066
2018-12-18,1.2752845021939596,2.399520418515713,-9.327714569364066
2018-12-19,1.2752845021939596,2.4124102180972233,-9.327714569364066
2018-12-20,1.2752845021939596,2.4089788669237566,-9.327714569364066
2018-12-21,1.2752845021939596,2.3654919576767015,-9.327714569364066
2018-12-24,1.2752845021939596,2.345585223236517,-9.327714569364066
2018-12-26,1.2752845021939596,2.3601797431706397,-9.327714569364066
2018-12-27,1.2752845021939596,2.3711669837598253,-9.327714569364066
2018-12-28,1.2752845021939596,2.3887862223538687,-9.327714569364066
2018-12-31,1.2752845021939596,2.3893689978473964,-9.327714569364066
2019-01-02,1.2752845021939596,2.373960568460647,-9.327714569364066
2019-01-03,1.2752845021939596,2.347509907505595,-9.327714569364066
2019-01-04,1.2752845021939596,2.359629833379474,-9.327714569364066
2019-01-07,1.2752845021939596,2.3694072724280955,-9.327714569364066
2019-01-08,1.2752845021939596,2.3760833061779496,-9.327714569364066
2019-01-09,1.2752845021939596,2.3877413937506544,-9.327714569364066
2019-01-10,1.2752845021939596,2.380361432506406,-9.327714569364066
2019-01-11,1.2752845021939596,2.374499523017691,-9.327714569364066
2019-01-14,1.2752845021939596,2.3618844635232517,-9.327714569364066
2019-01-15,1.2752845021939596,2.3947031228216997,-9.327714569364066
2019-01-16,1.2752845021939596,2.3954729965293313,-9.327714569364066
2019-01-17,1.2752845021939596,2.3987505448080815,-9.327714569364066
2019-01-18,1.2752845021939596,2.3991354816618973,-9.327714569364066
2019-01-21,1.2752845021939596,2.41121137179078,-9.327714569364066
2019-01-22,1.2752845021939596,2.4026108685803593,-9.327714569364066
2019-01-23,1.2752845021939596,2.3825391612028253,-9.327714569364066
2019-01-24,1.2752845021939596,2.386564457912453,-9.327714569364066
2019-01-25,1.2752845021939596,2.371331956697174,-9.327714569364066
2019-01-28,1.2752845021939596,2.345156250637705,-9.327714569364066
2019-01-29,1.2752845021939596,2.3430996739421515,-9.327714569364066
2019-01-30,1.2752845021939596,2.3430116024521603,-9.327714569364066
2019-01-31,1.2752845021939596,2.3824182240104714,-9.327714569364066
2019-02-01,1.2752845021939596,2.3962100045345998,-9.327714569364066
2019-02-04,1.2752845021939596,2.4003012474574645,-9.327714569364066
2019-02-05,1.2752845021939596,2.405162364087961,-9.327714569364066
2019-02-06,1.2752845021939596,2.433339870672379,-9.327714569364066
2019-02-07,1.2752845021939596,2.4348686628535208,-9.327714569364066
2019-02-08,1.2752845021939596,2.4071970303152725,-9.327714569364066
2019-02-11,1.2752845021939596,2.395143050654631,-9.327714569364066
2019-02-12,1.2752845021939596,2.382517250734583,-9.327714569364066
2019-02-14,1.2752845021939596,2.363743201579092,-9.327714569364066
2019-02-15,1.2752845021939596,2.358981111672708,-9.327714569364066
2019-02-18,1.2752845021939596,2.3406250798819075,-9.327714569364066
2019-02-19,1.2752845021939596,2.33257427165414,-9.327714569364066
2019-02-20,1.2752845021939596,2.3614116699879566,-9.327714569364066
2019-02-21,1.2752845021939596,2.3733775781586064,-9.327714569364066
2019-02-22,1.2752845021939596,2.3737736850550553,-9.327714569364066
2019-02-25,1.2752845021939596,2.393229321619674,-9.327714569364066
2019-02-26,1.2752845021939596,2.3833749811236937,-9.327714569364066
2019-02-27,1.2752845021939596,2.3770731438020465,-9.327714569364066
2019-02-28,1.2752845021939596,2.373960568460646,-9.327714569364066
2019-03-01,1.2752845021939596,2.389578006529741,-9.327714569364066
2019-03-05,1.2752845021939596,2.4168425769374196,-9.327714569364066
2019-03-06,1.2752845021939596,2.431261168700072,-9.327714569364066
2019-03-07,1.2752845021939596,2.4324050240273984,-9.327714569364066
2019-03-08,1.2752845021939596,2.427389889693673,-9.327714569364066
2019-03-11,1.2752845021939596,2.4565679743277977,-9.327714569364066
2019-03-12,1.2752845021939596,2.485856255728667,-9.327714569364066
2019-03-13,1.2752845021939596,2.494764794345545,-9.327714569364066
2019-03-14,1.2752845021939596,2.495105695454365,-9.327714569364066
2019-03-15,1.2752845021939596,2.513494592947528,-9.327714569364066
2019-03-18,1.2752845021939596,2.5212704462797126,-9.327714569364066
2019-03-19,1.2752845021939596,2.5367119561773372,-9.327714569364066
2019-03-20,1.2752845021939596,2.5342152368403394,-9.327714569364066
2019-03-22,1.2752845021939596,2.520104680484145,-9.327714569364066
2019-03-25,1.2752845021939596,2.4975252985354923,-9.327714569364066
2019-03-26,1.2752845021939596,2.5259006437596225,-9.327714569364066
2019-03-27,1.2752845021939596,2.517497979188914,-9.327714569364066
2019-03-28,1.2752845021939596,2.544982513513059,-9.327714569364066
2019-04-01,1.2752845021939596,2.56679202175408,-9.327714569364066
2019-04-02,1.2752845021939596,2.5764813893127103,-9.327714569364066
2019-04-03,1.2752845021939596,2.561248888097431,-9.327714569364066
2019-04-04,1.2752845021939596,2.5511415031741103,-9.327714569364066
2019-04-05,1.2752845021939596,2.566088094259686,-9.327714569364066
2019-04-08,1.2752845021939596,2.5525712686311404,-9.327714569364066
2019-04-09,1.2752845021939596,2.567407877758483,-9.327714569364066
2019-04-10,1.2752845021939596,2.5481279545568225,-9.327714569364066
2019-04-11,1.2752845021939596,2.5508555930444072,-9.327714569364066
2019-04-12,1.2752845021939596,2.561138906139199,-9.327714569364066
2019-04-15,1.2752845021939596,2.571455084936353,-9.327714569364066
2019-04-16,1.2752845021939596,2.5927477638970835,-9.327714569364066
2019-04-18,1.2752845021939596,2.5851918744813647,-9.327714569364066
2019-04-22,1.2752845021939596,2.550360674232359,-9.327714569364066
2019-04-23,1.2752845021939596,2.5462913417777355,-9.327714569364066
2019-04-24,1.2752845021939596,2.5793299649926498,-9.327714569364066
2019-04-25,1.2752845021939596,2.560775879753625,-9.327714569364066
2019-04-26,1.2752845021939596,2.5855989366119347,-9.327714569364066
2019-04-30,1.2752845021939596,2.584169171154905,-9.327714569364066
2019-05-02,1.2752845021939596,2.579021929586193,-9.327714569364066
2019-05-03,1.2752845021939596,2.5762723806303662,-9.327714569364066
2019-05-06,1.2752845021939596,2.551196494153228,-9.327714569364066
2019-05-07,1.2752845021939596,2.5291232010592575,-9.327714569364066
2019-05-08,1.2752845021939596,2.4986691538628203,-9.327714569364066
2019-05-09,1.2752845021939596,2.4859881481551436,-9.327714569364066
2019-05-10,1.2752845021939596,2.480951103353177,-9.327714569364066
2019-05-13,1.2752845021939596,2.452201776509352,-9.327714569364066
2019-05-14,1.2752845021939596,2.4684460258169705,-9.327714569364066
2019-05-15,1.2752845021939596,2.4541374160125513,-9.327714569364066
2019-05-16,1.2752845021939596,2.4761557181274054,-9.327714569364066
2019-05-17,1.2752845021939596,2.509161475639957,-9.327714569364066
2019-05-20,1.2752845021939596,2.601788194940437,-9.327714569364066
2019-05-21,1.2752845021939596,2.5755794083700936,-9.327714569364066
2019-05-22,1.2752845021939596,2.5819145410111277,-9.327714569364066
2019-05-23,1.2752845021939596,2.564130329479734,-9.327714569364066
2019-05-24,1.2752845021939596,2.6052745370930204,-9.327714569364066
2019-05-27,1.2752845021939596,2.623014712879418,-9.327714569364066
2019-05-28,1.2752845021939596,2.623894568545283,-9.327714569364066
2019-05-29,1.2752845021939596,2.6090139236729444,-9.327714569364066
2019-05-30,1.2752845021939596,2.6276670356360814,-9.327714569364066
2019-05-31,1.2752845021939596,2.6225857402806065,-9.327714569364066
2019-06-03,1.2752845021939596,2.6590447594348667,-9.327714569364066
2019-06-04,1.2752845021939596,2.6443293023083903,-9.327714569364066
2019-06-06,1.2752845021939596,2.605197635645662,-9.327714569364066
2019-06-07,1.2752845021939596,2.6111147509220056,-9.327714569364066
2019-06-10,1.2752845021939596,2.622563829812365,-9.327714569364066
2019-06-11,1.2752845021939596,2.6320001529436543,-9.327714569364066
2019-06-12,1.2752845021939596,2.618934425190674,-9.327714569364066
2019-06-13,1.2752845021939596,2.620661056011528,-9.327714569364066
2019-06-14,1.2752845021939596,2.600699330592227,-9.327714569364066
2019-06-17,1.2752845021939596,2.5674519135034797,-9.327714569364066
2019-06-18,1.2752845021939596,2.571708129363694,-9.327714569364066
2019-06-19,1.2752845021939596,2.5716971741295733,-9.327714569364066
2019-06-20,1.2752845021939596,2.602558068648068,-9.327714569364066
2019-06-21,1.2752845021939596,2.5788788671170844,-9.327714569364066
2019-06-24,1.2752845021939596,2.5735009212062976,-9.327714569364066
2019-06-25,1.2752845021939596,2.594793385358516,-9.327714569364066
2019-06-26,1.2752845021939596,2.6060334555665303,-9.327714569364066
2019-06-27,1.2752845021939596,2.6047136720677333,-9.327714569364066
2019-06-28,1.2752845021939596,2.5931215307082662,-9.327714569364066
2019-07-01,1.2752845021939596,2.6100037612970413,-9.327714569364066
2019-07-02,1.2752845021939596,2.6198361913247794,-9.327714569364066
2019-07-03,1.2752845021939596,2.6212550015476883,-9.327714569364066
2019-07-04,1.2752845021939596,2.627853919041672,-9.327714569364066
2019-07-05,1.2752845021939596,2.5980268978922703,-9.327714569364066
2019-07-08,1.2752845021939596,2.5424748389419407,-9.327714569364066
2019-07-09,1.2766966514190117,2.541881108214292,-9.227311249646553
2019-07-10,1.2703992875900605,2.5293431649757228,-9.675051631950971
2019-07-11,1.2784092139451353,2.547820133958877,-9.105548648501982
2019-07-12,1.2784092139451353,2.541133144974902,-9.105548648501982
2019-07-15,1.2784092139451353,2.549018765456808,-9.105548648501982
2019-07-16,1.2784092139451353,2.5653510862544175,-9.105548648501982
2019-07-17,1.2784092139451353,2.570828273697829,-9.105548648501982
2019-07-18,1.2784092139451353,2.550899628789403,-9.105548648501982
2019-07-19,1.2784092139451353,2.511822953105791,-9.105548648501982
2019-07-22,1.2784092139451353,2.495754631969643,-9.105548648501982
2019-07-23,1.2784092139451353,2.4924220927117764,-9.105548648501982
2019-07-24,1.2784092139451353,2.4792792487029254,-9.105548648501982
2019-07-25,1.2784092139451353,2.4750670685877063,-9.105548648501982
2019-07-26,1.2784092139451353,2.4821387796169847,-9.105548648501982
2019-07-29,1.2784092139451353,2.4612202970844614,-9.105548648501982
2019-07-30,1.2784092139451353,2.4383880855169804,-9.105548648501982
2019-07-31,1.2784092139451353,2.445558823270371,-9.105548648501982
2019-08-01,1.2784092139451353,2.415203802798046,-9.105548648501982
2019-08-02,1.2784092139451353,2.4190200908253283,-9.105548648501982
2019-08-05,1.2784092139451353,2.389379953081518,-9.105548648501982
2019-08-06,1.2784092139451353,2.4082199484502467,-9.105548648501982
2019-08-07,1.2784092139451353,2.387818295198014,-9.105548648501982
2019-08-08,1.2784092139451353,2.426740953178397,-9.105548648501982
2019-08-09,1.2784092139451353,2.443722210491284,-9.105548648501982
2019-08-13,1.2784092139451353,2.4032926707980007,-9.105548648501982
2019-08-14,1.2784092139451353,2.4260701061948775,-9.105548648501982
2019-08-16,1.2784092139451353,2.4301173133727465,-9.105548648501982
2019-08-19,1.2784092139451353,2.431459222148297,-9.105548648501982
2019-08-20,1.2784092139451353,2.423342467707292,-9.105548648501982
2019-08-21,1.2784092139451353,2.4017200576803743,-9.105548648501982
2019-08-22,1.2784092139451353,2.36270932821,-9.105548648501982
2019-08-23,1.2784092139451353,2.382066152859019,-9.105548648501982
2019-08-26,1.2784092139451353,2.4323279077715285,-9.105548648501982
2019-08-27,1.2784092139451353,2.44277619380367,-9.105548648501982
2019-08-28,1.2784092139451353,2.429743331753052,-9.105548648501982
2019-08-29,1.2784092139451353,2.4082309036843674,-9.105548648501982
2019-08-30,1.2784092139451353,2.424717242185206,-9.105548648501982
2019-09-03,1.2784092139451353,2.3751484595329697,-9.105548648501982
2019-09-04,1.2835581565759635,2.385431772627761,-8.73946061474541
2019-09-05,1.2839428221814568,2.386146655356276,-8.712111023719537
2019-09-06,1.2942935113254235,2.4077690653831936,-7.9761806185033475
2019-09-09,1.2942935113254235,2.420273928110888,-7.9761806185033475
2019-09-11,1.2942935113254235,2.427455835906912,-7.9761806185033475
2019-09-12,1.2942935113254235,2.415819658802449,-7.9761806185033475
2019-09-13,1.2942935113254235,2.436298428310552,-7.9761806185033475
2019-09-16,1.2942935113254235,2.420372954835,-7.9761806185033475
2019-09-17,1.2942935113254235,2.3794815768405426,-7.9761806185033475
2019-09-18,1.2942935113254235,2.3845519169618963,-7.9761806185033475
2019-09-19,1.2942935113254235,2.354669690024866,-7.9761806185033475
2019-09-20,1.2942935113254235,2.4799172299840824,-7.9761806185033475
2019-09-23,1.2942935113254235,2.5516254667520393,-7.9761806185033475
2019-09-24,1.2942935113254235,2.5489858997544457,-7.9761806185033475
2019-09-25,1.2942935113254235,2.516431240117459,-7.9761806185033475
2019-09-26,1.2942935113254235,2.5452465131745217,-7.9761806185033475
2019-09-27,1.2942935113254235,2.532312677848016,-7.9761806185033475
2019-09-30,1.2942935113254235,2.523965004256424,-7.9761806185033475
2019-10-01,1.2942935113254235,2.4987681805869317,-7.9761806185033475
2019-10-03,1.2942935113254235,2.4886717508977316,-7.9761806185033475
2019-10-04,1.2942935113254235,2.4580417755298236,-7.9761806185033475
2019-10-07,1.2942935113254235,2.4474066060920916,-7.9761806185033475
2019-10-09,1.2942935113254235,2.4885177331945028,-7.9761806185033475
2019-10-10,1.2942935113254235,2.4711955747727954,-7.9761806185033475
2019-10-11,1.2942935113254235,2.486703030883657,-7.9761806185033475
2019-10-14,1.2942935113254235,2.4946438571531915,-7.9761806185033475
2019-10-15,1.2942935113254235,2.513813583588107,-7.9761806185033475
2019-10-16,1.2942935113254235,2.52166633836765,-7.9761806185033475
2019-10-17,1.2942935113254235,2.5485788376238756,-7.9761806185033475
2019-10-18,1.2942935113254235,2.5651861133170684,-7.9761806185033475
2019-10-22,1.2942935113254235,2.5490187654568084,-7.9761806185033475
2019-10-23,1.2942935113254235,2.55248319714115,-7.9761806185033475
2019-10-24,1.2942935113254235,2.5477539729371284,-7.9761806185033475
2019-10-25,1.2942935113254235,2.548040097875344,-7.9761806185033475
2019-10-29,1.2942935113254235,2.5926816028753343,-7.9761806185033475
2019-10-30,1.2942935113254235,2.60527453709302,-7.9761806185033475
2019-10-31,1.2942935113254235,2.6126104625922726,-7.9761806185033475
2019-11-01,1.2942935113254235,2.615502859208695,-7.9761806185033475
2019-11-04,1.2942935113254235,2.62665507273523,-7.9761806185033475
2019-11-05,1.2942935113254235,2.621354028271801,-7.9761806185033475
2019-11-06,1.2942935113254235,2.6320991796677666,-7.9761806185033475
2019-11-07,1.2942935113254235,2.6422175198252082,-7.9761806185033475
2019-11-08,1.2942935113254235,2.6193633977894852,-7.9761806185033475
2019-11-11,1.2942935113254235,2.620529163585053,-7.9761806185033475
2019-11-13,1.2942935113254235,2.6044717976830256,-7.9761806185033475
2019-11-14,1.2942935113254235,2.611433526754071,-7.9761806185033475
2019-11-15,1.2942935113254235,2.6165698130886623,-7.9761806185033475
2019-11-18,1.2942935113254235,2.614161165241656,-7.9761806185033475
2019-11-19,1.2942935113254235,2.626391073073768,-7.9761806185033475
2019-11-20,1.2942935113254235,2.6393689441452692,-7.9761806185033475
2019-11-21,1.2942935113254235,2.632616223756569,-7.9761806185033475
2019-11-22,1.2942935113254235,2.620738172267398,-7.9761806185033475
2019-11-25,1.2942935113254235,2.65578933643287,-7.9761806185033475
2019-11-26,1.2942935113254235,2.6478596802059684,-7.9761806185033475
2019-11-27,1.2942935113254235,2.661717406943334,-7.9761806185033475
2019-11-28,1.2942935113254235,2.6728146294907527,-7.9761806185033475
2019-11-29,1.2942935113254235,2.651895932149717,-7.9761806185033475
2019-12-02,1.2942935113254235,2.6501693013288627,-7.9761806185033475
2019-12-03,1.2942935113254235,2.638291249839692,-7.9761806185033475
2019-12-04,1.2942935113254235,2.649069481746532,-7.9761806185033475
2019-12-05,1.2942935113254235,2.6436144195798743,-7.9761806185033475
2019-12-06,1.2942935113254235,2.6222998301509017,-7.9761806185033475
2019-12-09,1.2942935113254235,2.62581925281436,-7.9761806185033475
2019-12-10,1.2942935113254235,2.6080681217938415,-7.9761806185033475
2019-12-11,1.2942935113254235,2.6198033256224167,-7.9761806185033475
2019-12-12,1.2942935113254235,2.6333639721874462,-7.9761806185033475
2019-12-13,1.2942935113254235,2.6586379121128085,-7.9761806185033475
2019-12-16,1.2942935113254235,2.6514340938485432,-7.9761806185033475
2019-12-17,1.2942935113254235,2.675861043810404,-7.9761806185033475
2019-12-18,1.2942935113254235,2.6883220856016146,-7.9761806185033475
2019-12-19,1.2942935113254235,2.6966916696614485,-7.9761806185033475
2019-12-20,1.2942935113254235,2.6993531471272836,-7.9761806185033475
2019-12-23,1.2942935113254235,2.6973625166449677,-7.9761806185033475
2019-12-24,1.2942935113254235,2.686760212909598,-7.9761806185033475
2019-12-26,1.2942935113254235,2.667403388260579,-7.9761806185033475
2019-12-27,1.2942935113254235,2.6936340852991645,-7.9761806185033475
2019-12-30,1.2942935113254235,2.6958446796979465,-7.9761806185033475
2019-12-31,1.2942935113254235,2.6766199622839144,-7.9761806185033475
2020-01-01,1.2942935113254235,2.679710412348561,-7.9761806185033475
2020-01-02,1.2942935113254235,2.7016408577819364,-7.9761806185033475
2020-01-03,1.2942935113254235,2.689421905183946,-7.9761806185033475
2020-01-06,1.2942935113254235,2.638038205412352,-7.9761806185033475
2020-01-07,1.2942935113254235,2.6512141299320775,-7.9761806185033475
2020-01-08,1.2942935113254235,2.6451429969525053,-7.9761806185033475
2020-01-09,1.2942935113254235,2.687057293081935,-7.9761806185033475
2020-01-10,1.2942935113254235,2.6960536883802924,-7.9761806185033475
2020-01-13,1.2942935113254235,2.712056063303203,-7.9761806185033475
2020-01-14,1.2942935113254235,2.7192598815674685,-7.9761806185033475
2020-01-15,1.2942935113254235,2.715080567154612,-7.9761806185033475
2020-01-16,1.2942935113254235,2.717764169897201,-7.9761806185033475
2020-01-17,1.2942935113254235,2.717071197636928,-7.9761806185033475
2020-01-20,1.2942935113254235,2.6889598520742597,-7.9761806185033475
2020-01-21,1.2942935113254235,2.6769277828818603,-7.9761806185033475
2020-01-22,1.2942935113254235,2.6630812261871277,-7.9761806185033475
2020-01-23,1.2942935113254235,2.679237404004755,-7.9761806185033475
2020-01-24,1.2942935113254235,2.69417303985621,-7.9761806185033475
2020-01-27,1.2942935113254235,2.6657427036529637,-7.9761806185033475
2020-01-28,1.2942935113254235,2.6518409411706023,-7.9761806185033475
2020-01-29,1.2942935113254235,2.668052324775858,-7.9761806185033475
2020-01-30,1.2942935113254235,2.64744166284128,-7.9761806185033475
2020-01-31,1.2942935113254235,2.631230279236024,-7.9761806185033475
2020-02-03,1.2942935113254235,2.575315623517145,-7.9761806185033475
2020-02-04,1.3142372596572407,2.635090817816814,-6.558187034963137
2020-02-05,1.3262500459439832,2.659176866669855,-5.704082099840912
2020-02-06,1.3302774180400092,2.6699110628316993,-5.41773734179044
2020-02-07,1.3302774180400092,2.6612003628545335,-5.41773734179044
2020-02-10,1.3302774180400092,2.646495860962178,-5.41773734179044
2020-02-11,1.3302774180400092,2.663301190103595,-5.41773734179044
2020-02-12,1.3302774180400092,2.6838237805481815,-5.41773734179044
2020-02-13,1.3302774180400092,2.677983781527708,-5.41773734179044
2020-02-14,1.3302774180400092,2.664521946878279,-5.41773734179044
2020-02-17,1.3302774180400092,2.6496413020059406,-5.41773734179044
2020-02-18,1.3302774180400092,2.6379172682199985,-5.41773734179044
2020-02-19,1.3302774180400092,2.6672605405999845,-5.41773734179044
2020-02-20,1.3302774180400092,2.657350994316376,-5.41773734179044
2020-02-24,1.3302774180400092,2.6020412393677788,-5.41773734179044
2020-02-25,1.320032001675527,2.5951123759990957,-6.146182888927465
2020-02-26,1.3066726469243373,2.5688485984496356,-7.096028374452512
2020-02-27,1.3003086587959314,2.5589061864636644,-7.548505721321607
2020-02-28,1.3003086587959314,2.463980801274411,-7.548505721321607
2020-03-02,1.3003086587959314,2.4488032910382485,-7.548505721321607
2020-03-03,1.3003086587959314,2.4863180940298437,-7.548505721321607
2020-03-04,1.3003086587959314,2.4748140241603678,-7.548505721321607
2020-03-05,1.3003086587959314,2.478773374656758,-7.548505721321607
2020-03-06,1.3003086587959314,2.417282504770355,-7.548505721321607
2020-03-09,1.3003086587959314,2.2989419177115797,-7.548505721321607
2020-03-11,1.3003086587959314,2.3004707098927217,-7.548505721321607
2020-03-12,1.3003086587959314,2.1094870394210092,-7.548505721321607
2020-03-13,1.420021836496432,2.1897848241652658,0.0
2020-03-16,1.311928352765621,2.023096211228939,-7.612100106679087
2020-03-17,1.2777589373042568,1.97242739418586,-10.018359967137924
2020-03-18,1.2777589373042568,1.8628303728066133,-10.018359967137924
2020-03-19,1.2777589373042568,1.8176608684836997,-10.018359967137924
2020-03-20,1.2777589373042568,1.9236834762203716,-10.018359967137924
2020-03-23,1.2777589373042568,1.6739803952863246,-10.018359967137924
2020-03-24,1.2777589373042568,1.715949467586359,-10.018359967137924
2020-03-25,1.2777589373042568,1.8296267766543497,-10.018359967137924
2020-03-26,1.2777589373042568,1.9008072289078952,-10.018359967137924
2020-03-27,1.2777589373042568,1.9049425075757558,-10.018359967137924
2020-03-30,1.2777589373042568,1.82154310272422,-10.018359967137924
2020-03-31,1.286728057019943,1.891194762796623,-9.386741531057009
2020-04-01,1.235252919161075,1.8155381307663971,-13.011695495558762
2020-04-03,1.2085756878529879,1.778144264967156,-14.890344867170324
2020-04-07,1.2085756878529879,1.9339667893151635,-14.890344867170324
2020-04-08,1.2085756878529879,1.924409314183008,-14.890344867170324
2020-04-09,1.2085756878529879,2.004289296371086,-14.890344867170324
2020-04-13,1.2085756878529879,1.97832238418545,-14.890344867170324
2020-04-15,1.2085756878529879,1.9632439006733997,-14.890344867170324
2020-04-16,1.2085756878529879,1.9780914650348629,-14.890344867170324
2020-04-17,1.2085756878529879,2.03835062291246,-14.890344867170324
2020-04-20,1.2085756878529879,2.0372727137983713,-14.890344867170324
2020-04-21,1.2085756878529879,1.9755949605063772,-14.890344867170324
2020-04-22,1.2288628432571513,2.020874446787524,-13.461693920913243
2020-04-23,1.245796519016138,2.048722007497243,-12.269199881471815
2020-04-24,1.2232165298979523,2.013637762820896,-13.859315507714332
2020-04-27,1.2232165298979523,2.041771018851806,-13.859315507714332
2020-04-28,1.2232165298979523,2.0634595899004733,-13.859315507714332
2020-04-29,1.2232165298979523,2.1013921954482466,-13.859315507714332
2020-04-30,1.2232165298979523,2.1688223058877467,-13.859315507714332
2020-05-04,1.2232165298979523,2.044234657677929,-13.859315507714332
2020-05-05,1.2232165298979523,2.024899743497152,-13.859315507714332
2020-05-06,1.2232165298979523,2.0392635590891994,-13.859315507714332
2020-05-07,1.2232165298979523,2.023459022806001,-13.859315507714332
2020-05-08,1.2232165298979523,2.0349961731863515,-13.859315507714332
2020-05-11,1.2232165298979523,2.0322906599755206,-13.859315507714332
2020-05-12,1.2232165298979523,2.0229091130148356,-13.859315507714332
2020-05-13,1.2232165298979523,2.064042365394001,-13.859315507714332
2020-05-14,1.2232165298979523,2.0110750972706604,-13.859315507714332
2020-05-15,1.2159253500682126,2.0097772242401053,-14.372770980182903
2020-05-18,1.1741917404420565,1.9407966259597336,-17.31171237907885
2020-05-19,1.1804499743990664,1.9530815247709619,-16.870998455097887
2020-05-20,1.1804499743990664,1.9943138038742394,-16.870998455097887
2020-05-21,1.1804499743990664,2.003046414319647,-16.870998455097887
2020-05-22,1.1804499743990664,1.9883088319164166,-16.870998455097887
2020-05-26,1.1804499743990664,1.9860651570067598,-16.870998455097887
2020-05-27,1.1804499743990664,2.04895292664783,-16.870998455097887
2020-05-28,1.1804499743990664,2.087479477731764,-16.870998455097887
2020-05-29,1.1804499743990664,2.1073202659587107,-16.870998455097887
2020-06-01,1.1804499743990664,2.161398523707015,-16.870998455097887
2020-06-02,1.1804499743990664,2.1950418328836987,-16.870998455097887
2020-06-03,1.1804499743990664,2.213177900758033,-16.870998455097887
2020-06-04,1.1804499743990664,2.206040028707005,-16.870998455097887
2020-06-05,1.1804499743990664,2.23090712131031,-16.870998455097887
2020-06-08,1.1804499743990664,2.2364721654352007,-16.870998455097887
2020-06-09,1.1804499743990664,2.209900567287795,-16.870998455097887
2020-06-10,1.1804499743990664,2.2251880594821905,-16.870998455097887
2020-06-11,1.1804499743990664,2.178082700847565,-16.870998455097887
2020-06-12,1.2321952900665674,2.193678228448418,-13.227018176937499
2020-06-15,1.2125254123822233,2.158659929985309,-14.612199529702806
2020-06-16,1.223705364793716,2.1807222678451588,-13.824891044427922
2020-06-17,1.223705364793716,2.1734965391126515,-13.824891044427922
2020-06-18,1.223705364793716,2.2197989435287706,-13.824891044427922
2020-06-19,1.223705364793716,2.253398431768971,-13.824891044427922
2020-06-22,1.223705364793716,2.268091978427206,-13.824891044427922
2020-06-23,1.223705364793716,2.3032421693167904,-13.824891044427922
2020-06-24,1.223705364793716,2.266794105396651,-13.824891044427922
2020-06-25,1.223705364793716,2.263186826051714,-13.824891044427922
2020-06-26,1.223705364793716,2.283885344667771,-13.824891044427922
2020-06-29,1.223705364793716,2.2683559780886675,-13.824891044427922
2020-06-30,1.223705364793716,2.2660901779022566,-13.824891044427922
2020-07-01,1.223705364793716,2.2942346039757995,-13.824891044427922
2020-07-02,1.223705364793716,2.3209933003373084,-13.824891044427922
2020-07-03,1.223705364793716,2.333234163403541,-13.824891044427922
2020-07-06,1.223705364793716,2.367614695394006,-13.824891044427922
2020-07-07,1.223705364793716,2.3755333963867864,-13.824891044427922
2020-07-08,1.223705364793716,2.3548786987072123,-13.824891044427922
2020-07-09,1.223705364793716,2.3785688554723166,-13.824891044427922
2020-07-10,1.223705364793716,2.3685824077413495,-13.824891044427922
2020-07-13,1.223705364793716,2.3762042433703057,-13.824891044427922
2020-07-14,1.223705364793716,2.333234163403541,-13.824891044427922
2020-07-15,1.223705364793716,2.3356209007823057,-13.824891044427922
2020-07-16,1.223705364793716,2.3624015076120566,-13.824891044427922
2020-07-17,1.223705364793716,2.397980671100452,-13.824891044427922
2020-07-20,1.223705364793716,2.4244863230346203,-13.824891044427922
2020-07-21,1.223705364793716,2.4552922265739987,-13.824891044427922
2020-07-22,1.223705364793716,2.448770210527373,-13.824891044427922
2020-07-23,1.223705364793716,2.4669943498916984,-13.824891044427922
2020-07-24,1.223705364793716,2.4623091614326724,-13.824891044427922
2020-07-27,1.223705364793716,2.448594282355902,-13.824891044427922
2020-07-28,1.223705364793716,2.485713193259561,-13.824891044427922
2020-07-29,1.223705364793716,2.464222675659118,-13.824891044427922
2020-07-30,1.223705364793716,2.4420724811177887,-13.824891044427922
2020-07-31,1.223705364793716,2.4357594737535084,-13.824891044427922
2020-08-03,1.223705364793716,2.3957589066590366,-13.824891044427922
2020-08-04,1.223705364793716,2.4405546441707675,-13.824891044427922
2020-08-05,1.223705364793716,2.4419624991595557,-13.824891044427922
2020-08-06,1.223705364793716,2.463628944931469,-13.824891044427922
2020-08-07,1.223705364793716,2.466686314485241,-13.824891044427922
2020-08-10,1.223705364793716,2.479026419084098,-13.824891044427922
2020-08-11,1.223705364793716,2.4905414441876945,-13.824891044427922
2020-08-12,1.223705364793716,2.487440038888927,-13.824891044427922
2020-08-13,1.223705364793716,2.485691282791319,-13.824891044427922
2020-08-14,1.223705364793716,2.4588447297483307,-13.824891044427922
2020-08-17,1.223705364793716,2.4739560789627433,-13.824891044427922
2020-08-18,1.223705364793716,2.504366090414185,-13.824891044427922
2020-08-19,1.223705364793716,2.5094364305355388,-13.824891044427922
2020-08-20,1.223705364793716,2.488275858809795,-13.824891044427922
2020-08-21,1.223705364793716,2.5013415865627757,-13.824891044427922
2020-08-24,1.223705364793716,2.5222052929246948,-13.824891044427922
2020-08-25,1.223705364793716,2.523481040678496,-13.824891044427922
2020-08-26,1.223705364793716,2.540495163693746,-13.824891044427922
2020-08-27,1.223705364793716,2.5426179014110493,-13.824891044427922
2020-08-28,1.223705364793716,2.5620516275074268,-13.824891044427922
2020-08-31,1.223705364793716,2.5048390987579925,-13.824891044427922
2020-09-01,1.2231167863925854,2.523041112845564,-13.866339590218091
2020-09-02,1.2300213274373681,2.5372837764367455,-13.380111782495208
2020-09-03,1.227986241455955,2.535623091829129,-13.52342549282759
2020-09-04,1.227986241455955,2.49303794871618,-13.52342549282759
2020-09-07,1.227986241455955,2.497701226706964,-13.52342549282759
2020-09-08,1.227986241455955,2.4894085440944886,-13.52342549282759
2020-09-09,1.227986241455955,2.4807530499049517,-13.52342549282759
2020-09-10,1.227986241455955,2.5184218705997754,-13.52342549282759
2020-09-11,1.227986241455955,2.5217653650917633,-13.52342549282759
2020-09-14,1.227986241455955,2.516398159606585,-13.52342549282759
2020-09-15,1.227986241455955,2.534380209777691,-13.52342549282759
2020-09-16,1.227986241455955,2.5525822238652625,-13.52342549282759
2020-09-17,1.227986241455955,2.533126372492131,-13.52342549282759
2020-09-18,1.227986241455955,2.530673903708641,-13.52342549282759
2020-09-21,1.227986241455955,2.474714997436254,-13.52342549282759
2020-09-22,1.210666562982986,2.453400622815794,-14.74310240397293
2020-09-23,1.2083002097280493,2.4486052375900225,-14.909744436800764
2020-09-24,1.1716738849964947,2.3768310546088283,-17.489023416194584
2020-09-25,1.1716738849964947,2.4306562679297916,-17.489023416194584
2020-09-28,1.1716738849964947,2.469655827357533,-17.489023416194584
2020-09-29,1.1716738849964947,2.46852314207284,-17.489023416194584
2020-09-30,1.1716738849964947,2.474055105686856,-17.489023416194584
2020-10-01,1.1716738849964947,2.511317079059623,-17.489023416194584
2020-10-05,1.1716738849964947,2.530321832557189,-17.489023416194584
2020-10-06,1.1716738849964947,2.565307265317936,-17.489023416194584
2020-10-07,1.1716738849964947,2.5821233348849617,-17.489023416194584
2020-10-08,1.1716738849964947,2.6031848798865935,-17.489023416194584
2020-10-09,1.1716738849964947,2.6206941365224043,-17.489023416194584
2020-10-12,1.1716738849964947,2.624378532123212,-17.489023416194584
2020-10-13,1.1716738849964947,2.6251593610649637,-17.489023416194584
2020-10-14,1.1716738849964947,2.633198999250098,-17.489023416194584
2020-10-15,1.1716738849964947,2.569255445771693,-17.489023416194584
2020-10-16,1.1740040051543965,2.5873146121986688,-17.324932970680674
2020-10-19,1.1850428943499915,2.6116425354364172,-16.547558361933046
2020-10-20,1.186228326540291,2.616866678452488,-16.464078505508837
2020-10-21,1.186228326540291,2.625852333325236,-16.464078505508837
2020-10-22,1.186228326540291,2.6167897770051294,-16.464078505508837
2020-10-23,1.186228326540291,2.624246424888224,-16.464078505508837
2020-10-26,1.186228326540291,2.588480377994237,-16.464078505508837
2020-10-27,1.186228326540291,2.615239074355746,-16.464078505508837
2020-10-28,1.186228326540291,2.5800886686576496,-16.464078505508837
2020-10-29,1.186228326540291,2.567154833331144,-16.464078505508837
2020-10-30,1.186228326540291,2.5609079869886133,-16.464078505508837
2020-11-02,1.186228326540291,2.5667920217540825,-16.464078505508837
2020-11-03,1.186228326540291,2.598543727172563,-16.464078505508837
2020-11-04,1.186228326540291,2.6194402992368446,-16.464078505508837
2020-11-05,1.186228326540291,2.6660286137826676,-16.464078505508837
2020-11-06,1.186228326540291,2.69753844481644,-16.464078505508837
2020-11-09,1.186228326540291,2.7409813183184992,-16.464078505508837
2020-11-10,1.186228326540291,2.7783861393518614,-16.464078505508837
2020-11-11,1.186228326540291,2.8043530515374973,-16.464078505508837
2020-11-12,1.186228326540291,2.7915180281265917,-16.464078505508837
2020-11-13,1.186228326540291,2.797930062214984,-16.464078505508837
2020-11-17,1.186228326540291,2.8318594963298835,-16.464078505508837
2020-11-18,1.186228326540291,2.845948142217836,-16.464078505508837
2020-11-19,1.186228326540291,2.8093131948921055,-16.464078505508837
2020-11-20,1.186228326540291,2.8285269570720164,-16.464078505508837
2020-11-23,1.186228326540291,2.8433526109652383,-16.464078505508837
2020-11-24,1.186228326540291,2.8716620099761307,-16.464078505508837
2020-11-25,1.186228326540291,2.8283841094114206,-16.464078505508837
2020-11-26,1.186228326540291,2.8566713831455597,-16.464078505508837
2020-11-27,1.186228326540291,2.8527010774150487,-16.464078505508837
2020-12-01,1.186228326540291,2.8835179361885483,-16.464078505508837
2020-12-02,1.186228326540291,2.884551809557642,-16.464078505508837
2020-12-03,1.186228326540291,2.8889841683978394,-16.464078505508837
2020-12-04,1.186228326540291,2.916402541700234,-16.464078505508837
2020-12-07,1.186228326540291,2.9377830773424436,-16.464078505508837
2020-12-08,1.186228326540291,2.9459657779966864,-16.464078505508837
2020-12-09,1.186228326540291,2.975913736338442,-16.464078505508837
2020-12-10,1.186228326540291,2.9647396123436653,-16.464078505508837
2020-12-11,1.186228326540291,2.9725592866123334,-16.464078505508837
2020-12-14,1.186228326540291,2.9823038599585923,-16.464078505508837
2020-12-15,1.186228326540291,2.9844373381015035,-16.464078505508837
2020-12-16,1.186228326540291,3.009700322792745,-16.464078505508837
2020-12-17,1.186228326540291,3.0224582299477807,-16.464078505508837
2020-12-18,1.186228326540291,3.026824427766228,-16.464078505508837
2020-12-21,1.186228326540291,2.9317671501505,-16.464078505508837
2020-12-22,1.1932600010441807,2.962100045346071,-15.968897774961865
2020-12-23,1.2052047236045809,2.9917511383240023,-15.127733065138038
2020-12-24,1.2171272479406208,3.0243388784718634,-14.288131586511776
2020-12-28,1.2171272479406208,3.051603448879542,-14.288131586511776
2020-12-29,1.2171272479406208,3.0646691766325227,-14.288131586511776
2020-12-30,1.2171272479406208,3.0755245247952336,-14.288131586511776
2020-12-31,1.2171272479406208,3.0754804890502383,-14.288131586511776
2021-01-01,1.2171272479406208,3.0835641629803683,-14.288131586511776
2021-01-04,1.2171272479406208,3.108728120947498,-14.288131586511776
2021-01-05,1.2171272479406208,3.123377631860737,-14.288131586511776
2021-01-06,1.2171272479406208,3.111664553308916,-14.288131586511776
2021-01-07,1.2171272479406208,3.109706788528962,-14.288131586511776
2021-01-08,1.2171272479406208,3.1558773005186067,-14.288131586511776
2021-01-11,1.2171272479406208,3.186122339032699,-14.288131586511776
2021-01-12,1.2171272479406208,3.2034335422202855,-14.288131586511776
2021-01-13,1.2171272479406208,3.2037413628182305,-14.288131586511776
2021-01-14,1.2171272479406208,3.2105052532495635,-14.288131586511776
2021-01-15,1.2171272479406208,3.1748932240588053,-14.288131586511776
2021-01-18,1.2171272479406208,3.141370637265963,-14.288131586511776
2021-01-19,1.2171272479406208,3.19412911151547,-14.288131586511776
2021-01-20,1.2171272479406208,3.2213056104331574,-14.288131586511776
2021-01-21,1.2171272479406208,3.2093504426881165,-14.288131586511776
2021-01-22,1.2171272479406208,3.1612994969829016,-14.288131586511776
2021-01-25,1.2171272479406208,3.132044296092907,-14.288131586511776
2021-01-27,1.2171272479406208,3.0723460032405963,-14.288131586511776
2021-01-28,1.2171272479406208,3.0393623710047986,-14.288131586511776
2021-01-29,1.2171272479406208,2.9991199295256186,-14.288131586511776
2021-02-01,1.2171272479406208,3.141348726797722,-14.288131586511776
2021-02-02,1.2171272479406208,3.221998367884919,-14.288131586511776
2021-02-03,1.2171272479406208,3.2532553692998625,-14.288131586511776
2021-02-04,1.2171272479406208,3.2765055982320344,-14.288131586511776
2021-02-05,1.2171272479406208,3.2827964803195604,-14.288131586511776
2021-02-08,1.2171272479406208,3.324930525556944,-14.288131586511776
2021-02-09,1.2171272479406208,3.3235007600999142,-14.288131586511776
2021-02-10,1.2171272479406208,3.3228849040955115,-14.288131586511776
2021-02-11,1.2171272479406208,3.3375784507537465,-14.288131586511776
2021-02-12,1.2171272479406208,3.3353788115890852,-14.288131586511776
2021-02-15,1.2171272479406208,3.368681434465462,-14.288131586511776
2021-02-16,1.2171272479406208,3.368406479569879,-14.288131586511776
2021-02-17,1.2171272479406208,3.3454092950650485,-14.288131586511776
2021-02-18,1.2171272479406208,3.3256234978172183,-14.288131586511776
2021-02-19,1.2171272479406208,3.295444405516364,-14.288131586511776
2021-02-22,1.2171272479406208,3.2281244918436087,-14.288131586511776
2021-02-23,1.2097801092715945,3.235185247638767,-14.805527761711001
2021-02-24,1.2323342605826375,3.295499396495481,-13.217231671371287
2021-02-25,1.2405899302986696,3.3208721483364436,-12.635855420397501
2021-02-26,1.2405899302986696,3.1958888228472015,-12.635855420397501
2021-03-01,1.2405899302986696,3.2470083081488217,-12.635855420397501
2021-03-02,1.2405899302986696,3.281663580226357,-12.635855420397501
2021-03-03,1.2405899302986696,3.353481798952547,-12.635855420397501
2021-03-04,1.2405899302986696,3.317220833246511,-12.635855420397501
2021-03-05,1.2405899302986696,3.2858428946392135,-12.635855420397501
2021-03-08,1.2405899302986696,3.289824370412358,-12.635855420397501
2021-03-09,1.2405899302986696,3.3211032822955433,-12.635855420397501
2021-03-10,1.2405899302986696,3.3379083966284475,-12.635855420397501
2021-03-12,1.2405899302986696,3.3062666731682,-12.635855420397501
2021-03-15,1.2405899302986696,3.2839512908810096,-12.635855420397501
2021-03-16,1.2405899302986696,3.2797610212340325,-12.635855420397501
2021-03-17,1.2405899302986696,3.23815476051106,-12.635855420397501
2021-03-18,1.2405899302986696,3.2022016154029695,-12.635855420397501
2021-03-19,1.2405899302986696,3.2431479843765434,-12.635855420397501
2021-03-22,1.2405899302986696,3.2414763445348056,-12.635855420397501
2021-03-23,1.2405899302986696,3.258710431466522,-12.635855420397501
2021-03-24,1.2405899302986696,3.2003430921556406,-12.635855420397501
2021-03-25,1.2405899302986696,3.1509611929089956,-12.635855420397501
2021-03-26,1.2405899302986696,3.19108248238731,-12.635855420397501
2021-03-30,1.2405899302986696,3.265386250407864,-12.635855420397501
2021-03-31,1.2405899302986696,3.2314239505906017,-12.635855420397501
2021-04-01,1.2405899302986696,3.270280447549235,-12.635855420397501
2021-04-05,1.2405899302986696,3.219787773486139,-12.635855420397501
2021-04-06,1.2405899302986696,3.229840167430343,-12.635855420397501
2021-04-07,1.2405899302986696,3.259656233345624,-12.635855420397501
2021-04-08,1.2405899302986696,3.271699257772144,-12.635855420397501
2021-04-09,1.2405899302986696,3.263131620264086,-12.635855420397501
2021-04-12,1.2405899302986696,3.147859572801716,-12.635855420397501
2021-04-13,1.251431415399945,3.1905325725961435,-11.872382294658513
2021-04-15,1.2580445853934945,3.2073928927166766,-11.406673259516776
2021-04-16,1.2599269750694029,3.215399450390936,-11.274112644776324
2021-04-19,1.2599269750694029,3.158560903261197,-11.274112644776324
2021-04-20,1.2599269750694029,3.14469222128971,-11.274112644776324
2021-04-22,1.2599269750694029,3.168833261121867,-11.274112644776324
2021-04-23,1.2599269750694029,3.154579427488052,-11.274112644776324
2021-04-26,1.2599269750694029,3.186177330011816,-11.274112644776324
2021-04-27,1.2599269750694029,3.223142223212246,-11.274112644776324
2021-04-28,1.2599269750694029,3.2696645915448315,-11.274112644776324
2021-04-29,1.2599269750694029,3.2763406252946856,-11.274112644776324
2021-04-30,1.2599269750694029,3.2183139722841125,-11.274112644776324
2021-05-03,1.2599269750694029,3.218985034076144,-11.274112644776324
2021-05-04,1.2599269750694029,3.1887069150511773,-11.274112644776324
2021-05-05,1.2599269750694029,3.215399450390936,-11.274112644776324
2021-05-06,1.2599269750694029,3.238924634218691,-11.274112644776324
2021-05-07,1.2599269750694029,3.260558214288241,-11.274112644776324
2021-05-10,1.2599269750694029,3.286777741284193,-11.274112644776324
2021-05-11,1.2599269750694029,3.266629132459301,-11.274112644776324
2021-05-12,1.2599269750694029,3.232699698344401,-11.274112644776324
2021-05-14,1.2599269750694029,3.228586330144782,-11.274112644776324
2021-05-17,1.2599269750694029,3.282554605934853,-11.274112644776324
2021-05-18,1.2599269750694029,3.3232367604384527,-11.274112644776324
2021-05-19,1.2599269750694029,3.306090744996728,-11.274112644776324
2021-05-20,1.2599269750694029,3.2787930940781744,-11.274112644776324
2021-05-21,1.2599269750694029,3.338018378586679,-11.274112644776324
2021-05-24,1.2599269750694029,3.3429456562389253,-11.274112644776324
2021-05-25,1.2599269750694029,3.3453102683409357,-11.274112644776324
2021-05-26,1.2599269750694029,3.365766912572285,-11.274112644776324
2021-05-27,1.2599269750694029,3.3737734702465447,-11.274112644776324
2021-05-28,1.2599269750694029,3.3952861131237415,-11.274112644776324
2021-05-31,1.2599269750694029,3.4276536745466246,-11.274112644776324
2021-06-01,1.2599269750694029,3.4259049184490165,-11.274112644776324
2021-06-02,1.2599269750694029,3.4262019986213526,-11.274112644776324
2021-06-03,1.2599269750694029,3.451310750800854,-11.274112644776324
2021-06-04,1.2599269750694029,3.4468895620032893,-11.274112644776324
2021-06-07,1.2599269750694029,3.4647947107270367,-11.274112644776324
2021-06-08,1.2599269750694029,3.4622539556450436,-11.274112644776324
2021-06-09,1.2599269750694029,3.439212735395217,-11.274112644776324
2021-06-10,1.2599269750694029,3.461737126364753,-11.274112644776324
2021-06-11,1.2599269750694029,3.4752868176956615,-11.274112644776324
2021-06-14,1.2599269750694029,3.4780363666514877,-11.274112644776324
2021-06-15,1.2599269750694029,3.490662381380048,-11.274112644776324
2021-06-16,1.2599269750694029,3.4682920081137407,-11.274112644776324
2021-06-17,1.2599269750694029,3.4515418847599526,-11.274112644776324
2021-06-18,1.2599269750694029,3.4497710033855906,-11.274112644776324
2021-06-21,1.2599269750694029,3.4636618106338313,-11.274112644776324
2021-06-22,1.2599269750694029,3.4694358634410674,-11.274112644776324
2021-06-23,1.2599269750694029,3.4505630023699765,-11.274112644776324
2021-06-24,1.2599269750694029,3.4733292677242207,-11.274112644776324
2021-06-25,1.2599269750694029,3.4887046166000957,-11.274112644776324
2021-06-28,1.2599269750694029,3.4786633926985244,-11.274112644776324
2021-06-29,1.2599269750694029,3.4640907832326433,-11.274112644776324
2021-06-30,1.2599269750694029,3.458162712722179,-11.274112644776324
2021-07-01,1.2599269750694029,3.4490342101888345,-11.274112644776324
2021-07-02,1.2599269750694029,3.4583167304254077,-11.274112644776324
2021-07-05,1.2599269750694029,3.482985554771976,-11.274112644776324
2021-07-06,1.2599269750694029,3.4794442216402763,-11.274112644776324
2021-07-07,1.2599269750694029,3.492950092034701,-11.274112644776324
2021-07-08,1.2599269750694029,3.459570567710967,-11.274112644776324
2021-07-09,1.2599269750694029,3.4511898136085004,-11.274112644776324
2021-07-12,1.2599269750694029,3.4518056696129036,-11.274112644776324
2021-07-13,1.2599269750694029,3.4781463486097217,-11.274112644776324
2021-07-14,1.2599269750694029,3.4872969764198194,-11.274112644776324
2021-07-15,1.2599269750694029,3.5027494415515648,-11.274112644776324
2021-07-16,1.2599269750694029,3.502573513380094,-11.274112644776324
2021-07-19,1.2599269750694029,3.464959683664387,-11.274112644776324
2021-07-20,1.2599269750694029,3.438497852666702,-11.274112644776324
2021-07-22,1.2599269750694029,3.480719969394077,-11.274112644776324
2021-07-23,1.2599269750694029,3.4877588147209933,-11.274112644776324
2021-07-26,1.2599269750694029,3.4808080408840687,-11.274112644776324
2021-07-27,1.2599269750694029,3.463650855399711,-11.274112644776324
2021-07-28,1.2599269750694029,3.4555012352563432,-11.274112644776324
2021-07-29,1.2599269750694029,3.4706897007266266,-11.274112644776324
2021-07-30,1.2599269750694029,3.4673021704896434,-11.274112644776324
2021-08-02,1.2599269750694029,3.4941598935752647,-11.274112644776324
2021-08-03,1.2599269750694029,3.54818294553594,-11.274112644776324
2021-08-04,1.2599269750694029,3.576349282077725,-11.274112644776324
2021-08-05,1.2599269750694029,3.58422394732551,-11.274112644776324
2021-08-06,1.2599269750694029,3.571818111321928,-11.274112644776324
2021-08-09,1.2599269750694029,3.576228344885372,-11.274112644776324
2021-08-10,1.2599269750694029,3.5810344705367516,-11.274112644776324
2021-08-11,1.2599269750694029,3.5815074788805585,-11.274112644776324
2021-08-12,1.2599269750694029,3.599577600541655,-11.274112644776324
2021-08-13,1.2599269750694029,3.635805485736816,-11.274112644776324
2021-08-16,1.2599269750694029,3.6432735184710556,-11.274112644776324
2021-08-17,1.2599269750694029,3.6546124005946696,-11.274112644776324
2021-08-18,1.2599269750694029,3.6445490514163446,-11.274112644776324
2021-08-20,1.2599269750694029,3.6185164078259833,-11.274112644776324
2021-08-23,1.2599269750694029,3.6286235779407914,-11.274112644776324
2021-08-24,1.2599269750694029,3.65681203975933,-11.274112644776324
2021-08-25,1.2599269750694029,3.6590228489666243,-11.274112644776324
2021-08-26,1.2599269750694029,3.659517767778673,-11.274112644776324
2021-08-27,1.2599269750694029,3.674541045503095,-11.274112644776324
2021-08-30,1.2599269750694029,3.724220239730589,-11.274112644776324
2021-08-31,1.2599269750694029,3.768465637834131,-11.274112644776324
2021-09-01,1.2599269750694029,3.756158828554661,-11.274112644776324
2021-09-02,1.2599269750694029,3.7908912168880664,-11.274112644776324
2021-09-03,1.2599269750694029,3.810566817369151,-11.274112644776324
2021-09-06,1.2599269750694029,3.82248911941183,-11.274112644776324
2021-09-07,1.2599269750694029,3.819035428153097,-11.274112644776324
2021-09-08,1.2599269750694029,3.817143824394893,-11.274112644776324
2021-09-09,1.2599269750694029,3.8206082560792347,-11.274112644776324
2021-09-13,1.2599269750694029,3.817539931291342,-11.274112644776324
2021-09-14,1.2599269750694029,3.8229728681812456,-11.274112644776324
2021-09-15,1.2599269750694029,3.8536466644856366,-11.274112644776324
2021-09-16,1.2599269750694029,3.8778538653395436,-11.274112644776324
2021-09-17,1.2599269750694029,3.868098551567676,-11.274112644776324
2021-09-20,1.2599269750694029,3.826690344292928,-11.274112644776324
2021-09-21,1.2599269750694029,3.86300630097808,-11.274112644776324
2021-09-22,1.2599269750694029,3.85962994078373,-11.274112644776324
2021-09-23,1.2599269750694029,3.920405713133105,-11.274112644776324
2021-09-24,1.2599269750694029,3.9270596216062055,-11.274112644776324
2021-09-27,1.2599269750694029,3.927477638970896,-11.274112644776324
2021-09-28,1.2599269750694029,3.9040514818672536,-11.274112644776324
2021-09-29,1.2599269750694029,3.8958470855532816,-11.274112644776324
2021-09-30,1.2599269750694029,3.875357360811057,-11.274112644776324
2021-10-01,1.2599269750694029,3.856418553526729,-11.274112644776324
2021-10-04,1.2599269750694029,3.891436637181326,-11.274112644776324
2021-10-05,1.2599269750694029,3.920263080281021,-11.274112644776324
2021-10-06,1.2599269750694029,3.8814832699612336,-11.274112644776324
2021-10-07,1.2599269750694029,3.9132349753797135,-11.274112644776324
2021-10-08,1.2599269750694029,3.936298106097782,-11.274112644776324
2021-10-11,1.2599269750694029,3.947461274858438,-11.274112644776324
2021-10-12,1.2599269750694029,3.9575796150158795,-11.274112644776324
2021-10-13,1.2599269750694029,3.994929659878637,-11.274112644776324
2021-10-14,1.2599269750694029,4.033819452156657,-11.274112644776324
2021-10-18,1.2599269750694029,4.064284454587216,-11.274112644776324
2021-10-19,1.2599269750694029,4.051460386410431,-11.274112644776324
2021-10-20,1.2599269750694029,4.017992790596706,-11.274112644776324
2021-10-21,1.2599269750694029,3.9985259839894542,-11.274112644776324
2021-10-22,1.2599269750694029,3.9846244363156047,-11.274112644776324
2021-10-25,1.2599269750694029,3.9869340574384986,-11.274112644776324
2021-10-26,1.2599269750694029,4.018388897493154,-11.274112644776324
2021-10-27,1.2599269750694029,4.005751712721961,-11.274112644776324
2021-10-28,1.2599269750694029,3.9279506473147023,-11.274112644776324
2021-10-29,1.2599269750694029,3.887125430341994,-11.274112644776324
2021-11-01,1.2599269750694029,3.943876120790254,-11.274112644776324
2021-11-02,1.2599269750694029,3.9349233316198684,-11.274112644776324
2021-11-03,1.2599269750694029,3.921780487611018,-11.274112644776324
2021-11-04,1.2599269750694029,3.94104967038707,-11.274112644776324
2021-11-08,1.2599269750694029,3.9744291947108046,-11.274112644776324
2021-11-09,1.2599269750694029,3.969083899693868,-11.274112644776324
2021-11-10,1.2599269750694029,3.96313370390665,-11.274112644776324
2021-11-11,1.2599269750694029,3.931546971425519,-11.274112644776324
2021-11-12,1.2599269750694029,3.981951788807136,-11.274112644776324
2021-11-15,1.2599269750694029,3.983425375200649,-11.274112644776324
2021-11-16,1.2599269750694029,3.9591743534102593,-11.274112644776324
2021-11-17,1.2599269750694029,3.9370572393798047,-11.274112644776324
2021-11-18,1.2599269750694029,3.9076151550842186,-11.274112644776324
2021-11-22,1.2599269750694029,3.831012721174891,-11.274112644776324
2021-11-23,1.2599269750694029,3.850105331353936,-11.274112644776324
2021-11-24,1.2599269750694029,3.830682775300192,-11.274112644776324
2021-11-25,1.2599269750694029,3.8573422301290767,-11.274112644776324
2021-11-26,1.2599269750694029,3.745204453667837,-11.274112644776324
2021-11-29,1.2585302715471811,3.7512534613706547,-11.372470535220302
2021-11-30,1.2533091338757925,3.7356910142806763,-11.740150632610257
2021-12-01,1.265612419918663,3.7760986435057178,-10.873735361615132
2021-12-02,1.265612419918663,3.82773517289614,-10.873735361615132
2021-12-03,1.265612419918663,3.7826533104461935,-10.873735361615132
2021-12-06,1.265612419918663,3.720084746254214,-10.873735361615132
2021-12-07,1.265612419918663,3.778254032116871,-10.873735361615132
2021-12-08,1.265612419918663,3.842714629684078,-10.873735361615132
2021-12-09,1.265612419918663,3.8530748442262275,-10.873735361615132
2021-12-10,1.265612419918663,3.851854302260055,-10.873735361615132
2021-12-13,1.265612419918663,3.8203882921627663,-10.873735361615132
2021-12-14,1.265612419918663,3.8108529423073647,-10.873735361615132
2021-12-15,1.265612419918663,3.7880866769531205,-10.873735361615132
2021-12-16,1.265612419918663,3.7940257026977062,-10.873735361615132
2021-12-17,1.265612419918663,3.7361309421136077,-10.873735361615132
2021-12-20,1.265612419918663,3.6545243291046754,-10.873735361615132
2021-12-21,1.264173202823552,3.688981762542499,-10.975087119603721
2021-12-22,1.2780881734338136,3.7295870155987405,-9.995174680750418
2021-12-23,1.285640787817372,3.7553558743361517,-9.463308607324915
2021-12-24,1.285640787817372,3.7402114446108636,-9.463308607324915
2021-12-27,1.285640787817372,3.758358467719319,-9.463308607324915
2021-12-28,1.285640787817372,3.7906931634398395,-9.463308607324915
2021-12-29,1.285640787817372,3.786370786557875,-9.463308607324915
2021-12-30,1.285640787817372,3.7842480488405723,-9.463308607324915
2021-12-31,1.285640787817372,3.817264976395757,-9.463308607324915
2022-01-03,1.285640787817372,3.8770178306101597,-9.463308607324915
2022-01-04,1.285640787817372,3.9165125236584624,-9.463308607324915
2022-01-05,1.285640787817372,3.9429081936343975,-9.463308607324915
2022-01-06,1.285640787817372,3.903457751139603,-9.463308607324915
2022-01-07,1.285640787817372,3.918151082989325,-9.463308607324915
2022-01-10,1.285640787817372,3.960076549161388,-9.463308607324915
2022-01-11,1.285640787817372,3.971613484733226,-9.463308607324915
2022-01-12,1.285640787817372,4.006059748128416,-9.463308607324915
2022-01-13,1.285640787817372,4.016057365902016,-9.463308607324915
2022-01-14,1.285640787817372,4.015606268026451,-9.463308607324915
2022-01-17,1.285640787817372,4.0271212931300475,-9.463308607324915
2022-01-18,1.285640787817372,3.9842175889935443,-9.463308607324915
2022-01-19,1.285640787817372,3.945800805059331,-9.463308607324915
2022-01-20,1.285640787817372,3.905899264688971,-9.463308607324915
2022-01-21,1.285640787817372,3.8751373968945884,-9.463308607324915
2022-01-24,1.285640787817372,3.7721831139458093,-9.463308607324915
2022-01-25,1.3052561289170939,3.8005253786590645,-8.08196780005126
2022-01-27,1.2925798300078701,3.7636156912462635,-8.974651178815318
2022-01-28,1.2906676957551344,3.761811729361027,-9.109306449853506
2022-01-31,1.2906676957551344,3.814141231011723,-9.109306449853506
2022-02-01,1.2906676957551344,3.8662726792141946,-9.109306449853506
2022-02-02,1.2906676957551344,3.910958434767693,-9.109306449853506
2022-02-03,1.2906676957551344,3.8626101940816286,-9.109306449853506
2022-02-04,1.2906676957551344,3.852954121842385,-9.109306449853506
2022-02-07,1.2906676957551344,3.7863707865578746,-9.109306449853506
2022-02-08,1.2906676957551344,3.7980619546414536,-9.109306449853506
2022-02-09,1.2906676957551344,3.841406016227913,-9.109306449853506
2022-02-10,1.2906676957551344,3.872651632791711,-9.109306449853506
2022-02-11,1.2906676957551344,3.821818057619794,-9.109306449853506
2022-02-14,1.2906676957551344,3.704808424102449,-9.109306449853506
2022-02-15,1.3213287732781895,3.8169126904357897,-6.950108842110792
2022-02-16,1.3190253407835721,3.8102587819626894,-7.11231990361817
2022-02-17,1.3163661662815673,3.806387502956291,-7.299582833923923
2022-02-18,1.3163661662815673,3.800162781890514,-7.299582833923923
2022-02-21,1.3163661662815673,3.7848422091852436,-7.299582833923923
2022-02-22,1.3163661662815673,3.759667081175481,-7.299582833923923
2022-02-23,1.3163661662815673,3.7532992976405963,-7.299582833923923
2022-02-24,1.3163661662815673,3.5739627595074674,-7.299582833923923
2022-02-25,1.3163661662815673,3.6642469919826905,-7.299582833923923
2022-02-28,1.3163661662815673,3.6940521026638504,-7.299582833923923
2022-03-02,1.3163661662815673,3.6527096267938277,-7.299582833923923
2022-03-03,1.3163661662815673,3.6289758639007523,-7.299582833923923
2022-03-04,1.3163661662815673,3.573390724439548,-7.299582833923923
2022-03-07,1.3163661662815673,3.4893206874130054,-7.299582833923923
2022-03-08,1.3372598775856404,3.522381221096161,-5.828217340304242
2022-03-09,1.3649763137319173,3.5953871160861604,-3.876385654767578
2022-03-10,1.3844509593057572,3.6502792832870914,-2.5049528307562907
2022-03-11,1.3844509593057572,3.6580987427472476,-2.5049528307562907
2022-03-14,1.3844509593057572,3.711077395721733,-2.5049528307562907
2022-03-15,1.3844509593057572,3.6652587400750294,-2.5049528307562907
2022-03-16,1.3844509593057572,3.7339643834598184,-2.5049528307562907
2022-03-17,1.3844509593057572,3.802527393992524,-2.5049528307562907
2022-03-21,1.3844509593057572,3.7652542505771245,-2.5049528307562907
2022-03-22,1.3844509593057572,3.8087851955691754,-2.5049528307562907
2022-03-23,1.3844509593057572,3.793420801927421,-2.5049528307562907
2022-03-24,1.3844509593057572,3.788383542316942,-2.5049528307562907
2022-03-25,1.3844509593057572,3.77304105914343,-2.5049528307562907
2022-03-28,1.3844509593057572,3.7882185693795924,-2.5049528307562907
2022-03-29,1.3844509593057572,3.8109410137973527,-2.5049528307562907
2022-03-30,1.3844509593057572,3.848983601303359,-2.5049528307562907
2022-03-31,1.3844509593057572,3.841614810101744,-2.5049528307562907
2022-04-01,1.3844509593057572,3.8868612158720164,-2.5049528307562907
2022-04-04,1.3844509593057572,3.9710966554529334,-2.5049528307562907
2022-04-05,1.3844509593057572,3.9499801194721855,-2.5049528307562907
2022-04-06,1.3844509593057572,3.9170405229813836,-2.5049528307562907
2022-04-07,1.3844509593057572,3.880064674546833,-2.5049528307562907
2022-04-08,1.3844509593057572,3.9119151918809134,-2.5049528307562907
2022-04-11,1.3844509593057572,3.887851053496114,-2.5049528307562907
2022-04-12,1.3844509593057572,3.856033616672909,-2.5049528307562907
2022-04-13,1.3844509593057572,3.84401250271463,-2.5049528307562907
2022-04-18,1.3844509593057572,3.777583399941861,-2.5049528307562907
2022-04-19,1.3844509593057572,3.730291157901644,-2.5049528307562907
2022-04-20,1.3844509593057572,3.7694228245643724,-2.5049528307562907
2022-04-21,1.3844509593057572,3.825744327605309,-2.5049528307562907
2022-04-22,1.3844509593057572,3.777209203513654,-2.5049528307562907
2022-04-25,1.3844509593057572,3.729257069724039,-2.5049528307562907
2022-04-26,1.3844509593057572,3.7835555061973216,-2.5049528307562907
2022-04-27,1.3844509593057572,3.747833280239818,-2.5049528307562907
2022-04-28,1.3844509593057572,3.7932889095009474,-2.5049528307562907
2022-04-29,1.3844509593057572,3.761944051404525,-2.5049528307562907
2022-05-02,1.3844509593057572,3.7545860006285183,-2.5049528307562907
2022-05-04,1.3844509593057572,3.6684701273320304,-2.5049528307562907
2022-05-05,1.3689302281111846,3.669581116956994,-3.5979452619759655
2022-05-06,1.3466598939647274,3.609882824104683,-5.166254535402636
2022-05-09,1.336336153200094,3.585818685719884,-5.893267353043862
2022-05-10,1.336336153200094,3.57222495864398,-5.893267353043862
2022-05-11,1.336336153200094,3.556178547976074,-5.893267353043862
2022-05-12,1.336336153200094,3.4771895914964936,-5.893267353043862
2022-05-13,1.336336153200094,3.471503610179249,-5.893267353043862
2022-05-16,1.336336153200094,3.4847343108695794,-5.893267353043862
2022-05-17,1.336336153200094,3.5764592640359534,-5.893267353043862
2022-05-18,1.336336153200094,3.572279949623097,-5.893267353043862
2022-05-19,1.336336153200094,3.4774976269029514,-5.893267353043862
2022-05-20,1.353520063515358,3.577966145748854,-4.683151432737931
2022-05-23,1.3492388494631757,3.5666489592849695,-4.98464074382804
2022-05-24,1.3404380960009945,3.5469512335271305,-5.604402583821644
2022-05-25,1.3404380960009945,3.5250976895411137,-5.604402583821644
2022-05-26,1.3404380960009945,3.556849609768106,-5.604402583821644
2022-05-27,1.3404380960009945,3.596948988778178,-5.604402583821644
2022-05-30,1.3404380960009945,3.6649068837320895,-5.604402583821644
2022-05-31,1.3404380960009945,3.648002742675073,-5.604402583821644
2022-06-01,1.3404380960009945,3.6344088007906565,-5.604402583821644
2022-06-02,1.3404380960009945,3.6575600029987156,-5.604402583821644
2022-06-03,1.3404380960009945,3.647947751695956,-5.604402583821644
2022-06-06,1.3404380960009945,3.644703283928081,-5.604402583821644
2022-06-07,1.3404380960009945,3.6110045541552562,-5.604402583821644
2022-06-08,1.3404380960009945,3.597784808699047,-5.604402583821644
2022-06-09,1.3404380960009945,3.6245873259970396,-5.604402583821644
2022-06-10,1.3404380960009945,3.5638113388391517,-5.604402583821644
2022-06-13,1.3404380960009945,3.469798889826637,-5.604402583821644
2022-06-14,1.3440448687919595,3.4604942443133107,-5.35040840582619
2022-06-15,1.3406318760061022,3.4517068576972987,-5.590756314438505
2022-06-16,1.310965773446102,3.378777649346145,-7.679886340297426
2022-06-17,1.310965773446102,3.364018156474673,-7.679886340297426
2022-06-20,1.310965773446102,3.3764791982658835,-7.679886340297426
2022-06-21,1.310965773446102,3.439971653868723,-7.679886340297426
2022-06-22,1.310965773446102,3.3903697907056123,-7.679886340297426
2022-06-23,1.310965773446102,3.4219017470161384,-7.679886340297426
2022-06-24,1.310965773446102,3.453268515580803,-7.679886340297426
2022-06-27,1.310965773446102,3.4824796807258016,-7.679886340297426
2022-06-28,1.310965773446102,3.4864721117330664,-7.679886340297426
2022-06-29,1.310965773446102,3.47523182671654,-7.679886340297426
2022-06-30,1.310965773446102,3.4710855928145583,-7.679886340297426
2022-07-01,1.310965773446102,3.464882567408511,-7.679886340297426
2022-07-04,1.310965773446102,3.4832055186884365,-7.679886340297426
2022-07-05,1.310965773446102,3.4778164027350167,-7.679886340297426
2022-07-06,1.310965773446102,3.517178988548332,-7.679886340297426
2022-07-07,1.310965773446102,3.5486559538797415,-7.679886340297426
2022-07-08,1.310965773446102,3.567946617507011,-7.679886340297426
2022-07-11,1.310965773446102,3.5669348694146716,-7.679886340297426
2022-07-12,1.310965773446102,3.5322465168262616,-7.679886340297426
2022-07-13,1.310965773446102,3.5120869527672487,-7.679886340297426
2022-07-14,1.310965773446102,3.5059279631061973,-7.679886340297426
2022-07-15,1.310965773446102,3.530244931109825,-7.679886340297426
2022-07-18,1.310965773446102,3.580682614193805,-7.679886340297426
2022-07-19,1.310965773446102,3.5943313322488253,-7.679886340297426
2022-07-20,1.310965773446102,3.633990783425965,-7.679886340297426
2022-07-21,1.310965773446102,3.6525558238991107,-7.679886340297426
2022-07-22,1.310965773446102,3.6776755313127327,-7.679886340297426
2022-07-25,1.310965773446102,3.6582198947481137,-7.679886340297426
2022-07-26,1.310965773446102,3.6258521185167183,-7.679886340297426
2022-07-27,1.310965773446102,3.6605956768927568,-7.679886340297426
2022-07-28,1.310965773446102,3.723901034281493,-7.679886340297426
2022-07-29,1.310965773446102,3.774195869704877,-7.679886340297426
2022-08-01,1.310965773446102,3.8141854815652283,-7.679886340297426
2022-08-02,1.310965773446102,3.815372943020526,-7.679886340297426
2022-08-03,1.310965773446102,3.8247656600238438,-7.679886340297426
2022-08-04,1.310965773446102,3.823412796014172,-7.679886340297426
2022-08-05,1.310965773446102,3.826822236719397,-7.679886340297426
2022-08-08,1.310965773446102,3.8548895465370694,-7.679886340297426
2022-08-10,1.310965773446102,3.8570122842543726,-7.679886340297426
2022-08-11,1.310965773446102,3.8843428008752885,-7.679886340297426
2022-08-12,1.310965773446102,3.8929544741283424,-7.679886340297426
2022-08-16,1.310965773446102,3.920911801987782,-7.679886340297426
2022-08-17,1.310965773446102,3.947087508047251,-7.679886340297426
2022-08-18,1.310965773446102,3.9497820660239618,-7.679886340297426
2022-08-19,1.310965773446102,3.906218040521036,-7.679886340297426
2022-08-22,1.310965773446102,3.847322701887231,-7.679886340297426
2022-08-23,1.310965773446102,3.8664157416833005,-7.679886340297426
2022-08-24,1.310965773446102,3.872453579343486,-7.679886340297426
2022-08-25,1.310965773446102,3.8543065562350307,-7.679886340297426
2022-08-26,1.310965773446102,3.8623244987604357,-7.679886340297426
2022-08-29,1.310965773446102,3.808213375309769,-7.679886340297426
2022-08-30,1.310965773446102,3.906405353543651,-7.679886340297426
2022-09-01,1.310965773446102,3.858783165628735,-7.679886340297426
2022-09-02,1.310965773446102,3.858045942814954,-7.679886340297426
2022-09-05,1.310965773446102,3.885838727354068,-7.679886340297426
2022-09-06,1.310965773446102,3.8835948376358993,-7.679886340297426
2022-09-07,1.310965773446102,3.876732135288966,-7.679886340297426
2022-09-08,1.310965773446102,3.9150827582014296,-7.679886340297426
2022-09-09,1.310965773446102,3.9226934237877527,-7.679886340297426
2022-09-12,1.310965773446102,3.9453497071837638,-7.679886340297426
2022-09-13,1.310965773446102,3.9747591405854994,-7.679886340297426
2022-09-14,1.310965773446102,3.9601753610769856,-7.679886340297426
2022-09-15,1.310965773446102,3.932383006154896,-7.679886340297426
2022-09-16,1.310965773446102,3.8561543390567508,-7.679886340297426
2022-09-19,1.310965773446102,3.876259126945159,-7.679886340297426
2022-09-20,1.310965773446102,3.918932126739587,-7.679886340297426
2022-09-21,1.310965773446102,3.897397573394149,-7.679886340297426
2022-09-22,1.310965773446102,3.877920026361288,-7.679886340297426
2022-09-23,1.310965773446102,3.811391682055894,-7.679886340297426
2022-09-26,1.310965773446102,3.7429721636093207,-7.679886340297426
2022-09-27,1.310965773446102,3.741014398829367,-7.679886340297426
2022-09-28,1.310965773446102,3.7082835962123983,-7.679886340297426
2022-09-29,1.310965773446102,3.6993750575955207,-7.679886340297426
2022-09-30,1.310965773446102,3.7601400895192874,-7.679886340297426
2022-10-03,1.310965773446102,3.7146075588108,-7.679886340297426
2022-10-04,1.310965773446102,3.7997228540575816,-7.679886340297426
2022-10-06,1.310965773446102,3.8123707792543837,-7.679886340297426
2022-10-07,1.310965773446102,3.8085983121635847,-7.679886340297426
2022-10-10,1.310965773446102,3.7923978837924497,-7.679886340297426
2022-10-11,1.310965773446102,3.735768345345056,-7.679886340297426
2022-10-12,1.310965773446102,3.7665740340759215,-7.679886340297426
2022-10-13,1.310965773446102,3.7425429762019977,-7.679886340297426
2022-10-14,1.310965773446102,3.7802337073650634,-7.679886340297426
2022-10-17,1.310965773446102,3.807971500925061,-7.679886340297426
2022-10-18,1.310965773446102,3.846497837200483,-7.679886340297426
2022-10-19,1.310965773446102,3.852063096133886,-7.679886340297426
2022-10-20,1.310965773446102,3.8634350587683746,-7.679886340297426
2022-10-21,1.310965773446102,3.866151956830351,-7.679886340297426
2022-10-24,1.310965773446102,3.900125211881734,-7.679886340297426
2022-10-25,1.310965773446102,3.8837598105732494,-7.679886340297426
2022-10-27,1.310965773446102,3.9014888163170136,-7.679886340297426
2022-10-28,1.310965773446102,3.91245436124647,-7.679886340297426
2022-10-31,1.310965773446102,3.962033884324315,-7.679886340297426
2022-11-01,1.310965773446102,3.9913333357678176,-7.679886340297426
2022-11-02,1.310965773446102,3.9775744209460515,-7.679886340297426
2022-11-03,1.310965773446102,3.970942422941193,-7.679886340297426
2022-11-04,1.310965773446102,3.9851193551276496,-7.679886340297426
2022-11-07,1.310965773446102,4.003959350496378,-7.679886340297426
2022-11-09,1.310965773446102,3.993884831275419,-7.679886340297426
2022-11-10,1.310965773446102,3.965553306987773,-7.679886340297426
2022-11-11,1.310965773446102,4.0362717061316316,-7.679886340297426
2022-11-14,1.310965773446102,4.0317517054184675,-7.679886340297426
2022-11-15,1.310965773446102,4.048084026216077,-7.679886340297426
2022-11-16,1.310965773446102,4.04945880069399,-7.679886340297426
2022-11-17,1.310965773446102,4.034996173186342,-7.679886340297426
2022-11-18,1.310965773446102,4.027022481214445,-7.679886340297426
2022-11-21,1.310965773446102,3.9945335529821837,-7.679886340297426
2022-11-22,1.310965773446102,4.013065512944455,-7.679886340297426
2022-11-23,1.310965773446102,4.018135853065809,-7.679886340297426
2022-11-24,1.310965773446102,4.065834942428084,-7.679886340297426
2022-11-25,1.310965773446102,4.072136994558243,-7.679886340297426
2022-11-28,1.310965773446102,4.083135190381549,-7.679886340297426
2022-11-29,1.310965773446102,4.095299366808935,-7.679886340297426
2022-11-30,1.310965773446102,4.126160046518918,-7.679886340297426
2022-12-01,1.310965773446102,4.138071178518964,-7.679886340297426
2022-12-02,1.310965773446102,4.112467292718902,-7.679886340297426
2022-12-05,1.310965773446102,4.113556371875624,-7.679886340297426
2022-12-06,1.310965773446102,4.100732303698838,-7.679886340297426
2022-12-07,1.310965773446102,4.0826402715695,-7.679886340297426
2022-12-08,1.310965773446102,4.093385422965465,-7.679886340297426
2022-12-09,1.310965773446102,4.068584491383909,-7.679886340297426
2022-12-12,1.310965773446102,4.068705643384775,-7.679886340297426
2022-12-13,1.310965773446102,4.09308855760164,-7.679886340297426
2022-12-14,1.310965773446102,4.1045928422796285,-7.679886340297426
2022-12-15,1.310965773446102,4.050613611255437,-7.679886340297426
2022-12-16,1.310965773446102,4.0185207899196245,-7.679886340297426
2022-12-19,1.310965773446102,4.051834153221609,-7.679886340297426
2022-12-20,1.310965773446102,4.044102765251444,-7.679886340297426
2022-12-21,1.310965773446102,4.003145226235238,-7.679886340297426
2022-12-22,1.310965773446102,3.9873628152287934,-7.679886340297426
2022-12-23,1.310965773446102,3.916853639575792,-7.679886340297426
2022-12-26,1.310965773446102,3.9625618836472376,-7.679886340297426
2022-12-27,1.310965773446102,3.988451894385515,-7.679886340297426
2022-12-28,1.310965773446102,3.986296076157337,-7.679886340297426
2022-12-29,1.310965773446102,4.001363604435267,-7.679886340297426
2022-12-30,1.310965773446102,3.9825128686409297,-7.679886340297426
2023-01-02,1.310965773446102,4.002782199849663,-7.679886340297426
2023-01-03,1.310965773446102,4.010503277011243,-7.679886340297426
2023-01-04,1.310965773446102,3.968797774755646,-7.679886340297426
2023-01-05,1.310965773446102,3.957623865569382,-7.679886340297426
2023-01-06,1.310965773446102,3.928434396084113,-7.679886340297426
2023-01-09,1.310965773446102,3.9816106728897984,-7.679886340297426
2023-01-10,1.310965773446102,3.9404666800850245,-7.679886340297426
2023-01-11,1.310965773446102,3.9364080880560097,-7.679886340297426
2023-01-12,1.310965773446102,3.92815944118853,-7.679886340297426
2023-01-13,1.310965773446102,3.9498039764922015,-7.679886340297426
2023-01-16,1.310965773446102,3.9362212046504186,-7.679886340297426
2023-01-17,1.310965773446102,3.971074744984691,-7.679886340297426
2023-01-18,1.310965773446102,3.9957214440545052,-7.679886340297426
2023-01-19,1.310965773446102,3.983073518857703,-7.679886340297426
2023-01-20,1.310965773446102,3.9654325846039296,-7.679886340297426
2023-01-23,1.310965773446102,3.9854273905341056,-7.679886340297426
2023-01-24,1.310965773446102,3.985372399554989,-7.679886340297426
2023-01-25,1.310965773446102,3.935583223369262,-7.679886340297426
2023-01-27,1.310965773446102,3.87232168691701,-7.679886340297426
2023-01-30,1.310965773446102,3.8821319916679946,-7.679886340297426
2023-01-31,1.310965773446102,3.885035773135562,-7.679886340297426
2023-02-01,1.310965773446102,3.874950513488995,-7.679886340297426
2023-02-02,1.310965773446102,3.8736526404584404,-7.679886340297426
2023-02-03,1.310965773446102,3.9272469346288164,-7.679886340297426
2023-02-06,1.310965773446102,3.9075709045307065,-7.679886340297426
2023-02-07,1.310965773446102,3.8980905456544215,-7.679886340297426
2023-02-08,1.310965773446102,3.9311289540608234,-7.679886340297426
2023-02-09,1.310965773446102,3.9359131692439617,-7.679886340297426
2023-02-10,1.310965773446102,3.9277856743773483,-7.679886340297426
2023-02-13,1.310965773446102,3.9089568490512527,-7.679886340297426
2023-02-14,1.310965773446102,3.943919941726733,-7.679886340297426
2023-02-15,1.310965773446102,3.96283683854282,-7.679886340297426
2023-02-16,1.310965773446102,3.967236116872143,-7.679886340297426
2023-02-17,1.310965773446102,3.9470763380046177,-7.679886340297426
2023-02-20,1.310965773446102,3.9251680178479966,-7.679886340297426
2023-02-21,1.310965773446102,3.921230577819848,-7.679886340297426
2023-02-22,1.310965773446102,3.861312750668095,-7.679886340297426
2023-02-23,1.310965773446102,3.8518431322174185,-7.679886340297426
2023-02-24,1.310965773446102,3.8418459440608426,-7.679886340297426
2023-02-27,1.310965773446102,3.8257662380735495,-7.679886340297426
2023-02-28,1.310965773446102,3.806244440487181,-7.679886340297426
2023-03-01,1.310965773446102,3.838568395782093,-7.679886340297426
2023-03-02,1.310965773446102,3.8101930505579626,-7.679886340297426
2023-03-03,1.310965773446102,3.8701220477523486,-7.679886340297426
2023-03-06,1.310965773446102,3.895879736447127,-7.679886340297426
2023-03-08,1.310965773446102,3.905327444429562,-7.679886340297426
2023-03-09,1.310965773446102,3.8690772191491347,-7.679886340297426
2023-03-10,1.310965773446102,3.83020976695638,-7.679886340297426
2023-03-13,1.310965773446102,3.7733271840816456,-7.679886340297426
2023-03-14,1.310965773446102,3.748911189353906,-7.679886340297426
2023-03-15,1.310965773446102,3.7332606707739364,-7.679886340297426
2023-03-16,1.310965773446102,3.7362190136035958,-7.679886340297426
2023-03-17,1.310965773446102,3.7613941416133585,-7.679886340297426
2023-03-20,1.310965773446102,3.736835084416511,-7.679886340297426
2023-03-21,1.310965773446102,3.763032700944221,-7.679886340297426
2023-03-22,1.310965773446102,3.7727991847587217,-7.679886340297426
2023-03-23,1.310965773446102,3.7563018910237624,-7.679886340297426
2023-03-24,1.310965773446102,3.7272997345611087,-7.679886340297426
2023-03-27,1.310965773446102,3.7362409240718373,-7.679886340297426
2023-03-28,1.310965773446102,3.728762150911989,-7.679886340297426
2023-03-29,1.310965773446102,3.757137496136119,-7.679886340297426
2023-03-31,1.310965773446102,3.818518598872801,-7.679886340297426
2023-04-03,1.310965773446102,3.8269433887202635,-7.679886340297426
2023-04-05,1.310965773446102,3.8619176514383775,-7.679886340297426
2023-04-06,1.310965773446102,3.8711780463981964,-7.679886340297426
2023-04-10,1.310965773446102,3.876655233841608,-7.679886340297426
2023-04-11,1.310965773446102,3.898266688634405,-7.679886340297426
2023-04-12,1.310965773446102,3.9180853515845984,-7.679886340297426
2023-04-13,1.310965773446102,3.921516702758065,-7.679886340297426
2023-04-17,1.310965773446102,3.894867988354789,-7.679886340297426
2023-04-18,1.310965773446102,3.884595845302631,-7.679886340297426
2023-04-19,1.310965773446102,3.8754892532375287,-7.679886340297426
2023-04-20,1.310965773446102,3.8767428757145757,-7.679886340297426
2023-04-21,1.310965773446102,3.8766552338416087,-7.679886340297426
2023-04-24,1.310965773446102,3.9029078413484353,-7.679886340297426
2023-04-25,1.310965773446102,3.9085938226656793,-7.679886340297426
2023-04-26,1.310965773446102,3.918349136437547,-7.679886340297426
2023-04-27,1.310965773446102,3.94066473353325,-7.679886340297426
2023-04-28,1.310965773446102,3.973648150960536,-7.679886340297426
2023-05-02,1.310965773446102,3.991828254579866,-7.679886340297426
2023-05-03,1.310965773446102,3.9791141683613143,-7.679886340297426
2023-05-04,1.310965773446102,4.015617438069082,-7.679886340297426
2023-05-05,1.310965773446102,3.9745280066264,-7.679886340297426
2023-05-08,1.310965773446102,4.017509041827286,-7.679886340297426
2023-05-09,1.310965773446102,4.017849728127594,-7.679886340297426
2023-05-10,1.310965773446102,4.028661040545309,-7.679886340297426
2023-05-11,1.310965773446102,4.024679779580677,-7.679886340297426
2023-05-12,1.310965773446102,4.0285953091405835,-7.679886340297426
2023-05-15,1.310965773446102,4.047083018549346,-7.679886340297426
2023-05-16,1.310965773446102,4.022370158457782,-7.679886340297426
2023-05-17,1.310965773446102,3.999328938207955,-7.679886340297426
2023-05-18,1.310965773446102,3.9879346354882004,-7.679886340297426
2023-05-19,1.310965773446102,4.0040912429228515,-7.679886340297426
2023-05-22,1.310965773446102,4.028507237650591,-7.679886340297426
2023-05-23,1.310965773446102,4.035897939320448,-7.679886340297426
2023-05-24,1.310965773446102,4.022128284073074,-7.679886340297426
2023-05-25,1.310965773446102,4.029991994086738,-7.679886340297426
2023-05-26,1.310965773446102,4.0691893921541915,-7.679886340297426
2023-05-29,1.310965773446102,4.091031980906087,-7.679886340297426
2023-05-30,1.310965773446102,4.098774538918885,-7.679886340297426
2023-05-31,1.310965773446102,4.076899299273139,-7.679886340297426
2023-06-01,1.310965773446102,4.066637896646589,-7.679886340297426
2023-06-02,1.310965773446102,4.076833138251389,-7.679886340297426
2023-06-05,1.310965773446102,4.08997598226024,-7.679886340297426
2023-06-06,1.310965773446102,4.091108882353446,-7.679886340297426
2023-06-07,1.310965773446102,4.119132371234635,-7.679886340297426
2023-06-08,1.310965773446102,4.098928771430626,-7.679886340297426
2023-06-09,1.310965773446102,4.083278252850656,-7.679886340297426
2023-06-12,1.310965773446102,4.091658792144611,-7.679886340297426
2023-06-13,1.310965773446102,4.116877741090857,-7.679886340297426
2023-06-14,1.310965773446102,4.125621306770385,-7.679886340297426
2023-06-15,1.310965773446102,4.110707581387172,-7.679886340297426
2023-06-16,1.310965773446102,4.141040691391256,-7.679886340297426
2023-06-19,1.310965773446102,4.125522065237761,-7.679886340297426
2023-06-20,1.310965773446102,4.138994855121311,-7.679886340297426
2023-06-21,1.310965773446102,4.147826492290831,-7.679886340297426
2023-06-22,1.310965773446102,4.128997666964735,-7.679886340297426
2023-06-23,1.310965773446102,4.105736482798442,-7.679886340297426
2023-06-26,1.310965773446102,4.111389383604812,-7.679886340297426
2023-06-27,1.310965773446102,4.139149087633051,-7.679886340297426
2023-06-28,1.310965773446102,4.17317733366355,-7.679886340297426
2023-06-30,1.310965773446102,4.220898763111091,-7.679886340297426
2023-07-03,1.310965773446102,4.250263945959318,-7.679886340297426
2023-07-04,1.310965773446102,4.264880376361683,-7.679886340297426
2023-07-05,1.310965773446102,4.266970033568111,-7.679886340297426
2023-07-06,1.310965773446102,4.288702640361774,-7.679886340297426
2023-07-07,1.310965773446102,4.25229861218663,-7.679886340297426
2023-07-10,1.310965773446102,4.257599656650059,-7.679886340297426
2023-07-11,1.310965773446102,4.2759666436749795,-7.679886340297426
2023-07-12,1.310965773446102,4.263846717801101,-7.679886340297426
2023-07-13,1.310965773446102,4.270324483294218,-7.679886340297426
2023-07-14,1.310965773446102,4.303484043701487,-7.679886340297426
2023-07-17,1.310965773446102,4.335807569379374,-7.679886340297426
2023-07-18,1.310965773446102,4.344122377268603,-7.679886340297426
2023-07-19,1.310965773446102,4.362577435783515,-7.679886340297426
2023-07-20,1.310965773446102,4.394692167587569,-7.679886340297426
2023-07-21,1.310965773446102,4.343187530623621,-7.679886340297426
2023-07-24,1.310965773446102,4.327207066168952,-7.679886340297426
2023-07-25,1.310965773446102,4.329021768479797,-7.679886340297426
2023-07-26,1.310965773446102,4.350512500888752,-7.679886340297426
2023-07-27,1.310965773446102,4.3244686872557585,-7.679886340297426
2023-07-28,1.310965773446102,4.321422272936108,-7.679886340297426
2023-07-31,1.310965773446102,4.345123384935332,-7.679886340297426
2023-08-01,1.310965773446102,4.340669115626893,-7.679886340297426
2023-08-02,1.310965773446102,4.2951365849184056,-7.679886340297426
2023-08-03,1.310965773446102,4.2632637274990595,-7.679886340297426
2023-08-04,1.310965773446102,4.293035757669345,-7.679886340297426
2023-08-07,1.310965773446102,4.310699032008385,-7.679886340297426
2023-08-08,1.310965773446102,4.304880728647642,-7.679886340297426
2023-08-09,1.310965773446102,4.318452760063816,-7.679886340297426
2023-08-10,1.310965773446102,4.298776729965707,-7.679886340297426
2023-08-11,1.310965773446102,4.27352513012561,-7.679886340297426
2023-08-14,1.310965773446102,4.274899904603523,-7.679886340297426
2023-08-16,1.310965773446102,4.281597634013107,-7.679886340297426
2023-08-17,1.310965773446102,4.25965623334561,-7.679886340297426
2023-08-18,1.310965773446102,4.247536307471732,-7.679886340297426
2023-08-21,1.310965773446102,4.26589212445402,-7.679886340297426
2023-08-22,1.310965773446102,4.2665189356925435,-7.679886340297426
2023-08-23,1.310965773446102,4.276978391767317,-7.679886340297426
2023-08-24,1.310965773446102,4.264374287506998,-7.679886340297426
2023-08-25,1.310965773446102,4.237780993699863,-7.679886340297426
2023-08-28,1.310965773446102,4.246634541337625,-7.679886340297426
2023-08-29,1.310965773446102,4.25468513475688,-7.679886340297426
2023-08-30,1.310965773446102,4.255740703785703,-7.679886340297426
2023-08-31,1.310965773446102,4.23514142670227,-7.679886340297426
2023-09-01,1.310965773446102,4.275064877540871,-7.679886340297426
2023-09-04,1.310965773446102,4.295631503730453,-7.679886340297426
2023-09-05,1.310965773446102,4.305771754356137,-7.679886340297426
2023-09-06,1.310965773446102,4.313723535859792,-7.679886340297426
2023-09-07,1.310965773446102,4.339239350169862,-7.679886340297426
2023-09-08,1.310965773446102,4.359673654315945,-7.679886340297426
2023-09-11,1.310965773446102,4.398475375103974,-7.679886340297426
2023-09-12,1.310965773446102,4.397782402843701,-7.679886340297426
2023-09-13,1.310965773446102,4.4146758034751095,-7.679886340297426
2023-09-14,1.310965773446102,4.421956523186733,-7.679886340297426
2023-09-15,1.310965773446102,4.441588302731334,-7.679886340297426
2023-09-18,1.310965773446102,4.428599691234224,-7.679886340297426
2023-09-20,1.310965773446102,4.3775899730823244,-7.679886340297426
2023-09-21,1.310965773446102,4.342604540321577,-7.679886340297426
2023-09-22,1.310965773446102,4.327625083533639,-7.679886340297426
2023-09-25,1.310965773446102,4.327691244555389,-7.679886340297426
2023-09-26,1.310965773446102,4.325524256284578,-7.679886340297426
2023-09-27,1.310965773446102,4.3369073889617,-7.679886340297426
2023-09-28,1.310965773446102,4.294476693169004,-7.679886340297426
2023-09-29,1.310965773446102,4.3197175525834925,-7.679886340297426
2023-10-03,1.310965773446102,4.295620333687819,-7.679886340297426
2023-10-04,1.310965773446102,4.275240590903828,-7.679886340297426
2023-10-05,1.310965773446102,4.299359720267743,-7.679886340297426
2023-10-06,1.310965773446102,4.323060832266968,-7.679886340297426
2023-10-09,1.310965773446102,4.29201283953437,-7.679886340297426
2023-10-10,1.310965773446102,4.331056434707107,-7.679886340297426
2023-10-11,1.310965773446102,4.357782050557741,-7.679886340297426
2023-10-12,1.310965773446102,4.353965762530459,-7.679886340297426
2023-10-13,1.310965773446102,4.344518484165048,-7.679886340297426
2023-10-16,1.310965773446102,4.340273008730442,-7.679886340297426
2023-10-17,1.310965773446102,4.357815131068615,-7.679886340297426
2023-10-18,1.310965773446102,4.326932111273366,-7.679886340297426
2023-10-19,1.310965773446102,4.316725699625933,-7.679886340297426
2023-10-20,1.310965773446102,4.298677918050102,-7.679886340297426
2023-10-23,1.310965773446102,4.241289246320686,-7.679886340297426
2023-10-25,1.310965773446102,4.206183091176097,-7.679886340297426
2023-10-26,1.310965773446102,4.147914563780816,-7.679886340297426
2023-10-27,1.310965773446102,4.189707707909379,-7.679886340297426
2023-10-30,1.310965773446102,4.2103074146098365,-7.679886340297426
2023-10-31,1.310965773446102,4.196823454683654,-7.679886340297426
2023-11-01,1.310965773446102,4.176927890286103,-7.679886340297426
2023-11-02,1.310965773446102,4.208624604725466,-7.679886340297426
2023-11-03,1.310965773446102,4.230038006070038,-7.679886340297426
2023-11-06,1.310965773446102,4.269884555461282,-7.679886340297426
2023-11-07,1.310965773446102,4.268773565836319,-7.679886340297426
2023-11-08,1.310965773446102,4.276868409809082,-7.679886340297426
2023-11-09,1.310965773446102,4.266266320882225,-7.679886340297426
2023-11-10,1.310965773446102,4.2728759788018165,-7.679886340297426
2023-11-13,1.310965773446102,4.276879579851714,-7.679886340297426
2023-11-15,1.310965773446102,4.327888868386589,-7.679886340297426
2023-11-16,1.310965773446102,4.347630629889424,-7.679886340297426
2023-11-17,1.310965773446102,4.340284178773075,-7.679886340297426
2023-11-20,1.310965773446102,4.331969370883845,-7.679886340297426
2023-11-21,1.310965773446102,4.351634230939322,-7.679886340297426
2023-11-22,1.310965773446102,4.357892032515973,-7.679886340297426
2023-11-23,1.310965773446102,4.3557254738621864,-7.679886340297426
2023-11-24,1.310965773446102,4.354119565425174,-7.679886340297426
2023-11-28,1.310965773446102,4.375016137489456,-7.679886340297426
2023-11-29,1.310965773446102,4.420526757729702,-7.679886340297426
2023-11-30,1.310965773446102,4.428566610723349,-7.679886340297426
2023-12-01,1.310965773446102,4.45820674846716,-7.679886340297426
2023-12-04,1.310965773446102,4.550349718998224,-7.679886340297426
2023-12-05,1.310965773446102,4.587369388369258,-7.679886340297426
2023-12-06,1.310965773446102,4.605538321945955,-7.679886340297426
2023-12-07,1.310965773446102,4.597498898569333,-7.679886340297426
2023-12-08,1.310965773446102,4.612511435868146,-7.679886340297426
2023-12-11,1.310965773446102,4.618604264507447,-7.679886340297426
2023-12-12,1.310965773446102,4.5986537091307795,-7.679886340297426
2023-12-13,1.310965773446102,4.603041817417469,-7.679886340297426
2023-12-14,1.310965773446102,4.659429481480155,-7.679886340297426
2023-12-15,1.310965773446102,4.7196888541662645,-7.679886340297426
2023-12-18,1.310965773446102,4.711330225340552,-7.679886340297426
2023-12-19,1.310965773446102,4.718907810416,-7.679886340297426
2023-12-20,1.310965773446102,4.6522699137693975,-7.679886340297426
2023-12-21,1.310965773446102,4.6753442145300985,-7.679886340297426
2023-12-22,1.310965773446102,4.696097724125273,-7.679886340297426
2023-12-26,1.310965773446102,4.716323234397523,-7.679886340297426
2023-12-27,1.310965773446102,4.763263620094799,-7.679886340297426
2023-12-28,1.310965773446102,4.790527975693966,-7.679886340297426
2023-12-29,1.310965773446102,4.780123940215333,-7.679886340297426
2024-01-01,1.310965773446102,4.782433561338228,-7.679886340297426
2024-01-02,1.310965773446102,4.765694393218561,-7.679886340297426
2024-01-03,1.310965773446102,4.73304049204895,-7.679886340297426
2024-01-04,1.310965773446102,4.76411039524979,-7.679886340297426
2024-01-05,1.310965773446102,4.775592769459536,-7.679886340297426
2024-01-08,1.310965773446102,4.732083734935727,-7.679886340297426
2024-01-09,1.310965773446102,4.739089499751768,-7.679886340297426
2024-01-10,1.310965773446102,4.755333749059385,-7.679886340297426
2024-01-11,1.310965773446102,4.76160272067867,-7.679886340297426
2024-01-12,1.310965773446102,4.816011139110185,-7.679886340297426
2024-01-15,1.310965773446102,4.860641474067543,-7.679886340297426
2024-01-16,1.310965773446102,4.846311168603394,-7.679886340297426
2024-01-17,1.310965773446102,4.745050435964595,-7.679886340297426
2024-01-18,1.312596450690105,4.720920566175071,-7.5650516805694785
2024-01-19,1.322390989208248,4.756147873320526,-6.875306053677677
2024-01-23,1.2976082673706089,4.6717698008875255,-8.620541317015928
2024-01-24,1.2976082673706089,4.719094693821592,-8.620541317015928
2024-01-25,1.2976082673706089,4.696801436811155,-8.620541317015928
2024-01-29,1.2976082673706089,4.781487544650613,-8.620541317015928
2024-01-30,1.2976082673706089,4.734085320652163,-8.620541317015928
2024-01-31,1.2976082673706089,4.778869888121261,-8.620541317015928
2024-02-01,1.2976082673706089,4.772655907481093,-8.620541317015928
2024-02-02,1.2976082673706089,4.807047609514191,-8.620541317015928
2024-02-05,1.2976082673706089,4.788988228278702,-8.620541317015928
2024-02-06,1.2976082673706089,4.823676795675625,-8.620541317015928
2024-02-07,1.2976082673706089,4.8239186700603325,-8.620541317015928
2024-02-08,1.2976082673706089,4.777165167768648,-8.620541317015928
2024-02-09,1.2976082673706089,4.791364010423346,-8.620541317015928
2024-02-12,1.2976082673706089,4.75475118837437,-8.620541317015928
2024-02-13,1.2976082673706089,4.782730426702051,-8.620541317015928
2024-02-14,1.2976082673706089,4.804023105662782,-8.620541317015928
2024-02-15,1.2976082673706089,4.819574382710126,-8.620541317015928
2024-02-16,1.2976082673706089,4.848158521808089,-8.620541317015928
2024-02-19,1.2976082673706089,4.8660967510427104,-8.620541317015928
2024-02-20,1.2976082673706089,4.88252788375592,-8.620541317015928
2024-02-21,1.2976082673706089,4.851315347702996,-8.620541317015928
2024-02-22,1.2976082673706089,4.887037144043474,-8.620541317015928
2024-02-23,1.2976082673706089,4.8859923154402605,-8.620541317015928
2024-02-26,1.2976082673706089,4.866052930106226,-8.620541317015928
2024-02-27,1.2976082673706089,4.8828359191623765,-8.620541317015928
2024-02-28,1.2976082673706089,4.828461010858761,-8.620541317015928
2024-02-29,1.2976082673706089,4.835422954738319,-8.620541317015928
2024-03-01,1.2976082673706089,4.913718938957626,-8.620541317015928
2024-03-04,1.2976082673706089,4.928423440849981,-8.620541317015928
2024-03-05,1.2976082673706089,4.917579477538416,-8.620541317015928
2024-03-06,1.2976082673706089,4.943480228702302,-8.620541317015928
2024-03-07,1.2976082673706089,4.947769525073391,-8.620541317015928
2024-03-11,1.2976082673706089,4.912377244990587,-8.620541317015928
2024-03-12,1.2976082673706089,4.913047877165594,-8.620541317015928
2024-03-13,1.2976082673706089,4.838700073400044,-8.620541317015928
2024-03-14,1.2976082673706089,4.871463956527888,-8.620541317015928
2024-03-15,1.2976082673706089,4.8443422337808055,-8.620541317015928
2024-03-18,1.2976082673706089,4.85145798055508,-8.620541317015928
2024-03-19,1.2976082673706089,4.799051577457026,-8.620541317015928
2024-03-20,1.2976082673706089,4.803813882171923,-8.620541317015928
2024-03-21,1.2976082673706089,4.841834559209687,-8.620541317015928
2024-03-22,1.2976082673706089,4.860487671172824,-8.620541317015928
2024-03-26,1.2976082673706089,4.840239820815308,-8.620541317015928
2024-03-27,1.2976082673706089,4.866404786449167,-8.620541317015928
2024-03-28,1.2976082673706089,4.911112452470907,-8.620541317015928
2024-04-01,1.2976082673706089,4.940829491662076,-8.620541317015928
2024-04-02,1.2976082673706089,4.938915977435631,-8.620541317015928
2024-04-03,1.2976082673706089,4.934813564470133,-8.620541317015928
2024-04-04,1.2976082673706089,4.952410677787423,-8.620541317015928
2024-04-05,1.2976082673706089,4.952201454296565,-8.620541317015928
2024-04-08,1.2976082673706089,4.9857682916429145,-8.620541317015928
2024-04-09,1.2976082673706089,4.980587969563327,-8.620541317015928
2024-04-10,1.2976082673706089,5.0050151343337,-8.620541317015928
2024-04-12,1.2976082673706089,4.953455506390636,-8.620541317015928
2024-04-15,1.2976082673706089,4.899146329491745,-8.620541317015928
2024-04-16,1.2976082673706089,4.871738911423471,-8.620541317015928
2024-04-18,1.2976082673706089,4.838293226077987,-8.620541317015928
2024-04-19,1.2976082673706089,4.871540857975246,-8.620541317015928
2024-04-22,1.2976082673706089,4.913202109677335,-8.620541317015928
2024-04-23,1.2976082673706089,4.920152883514259,-8.620541317015928
2024-04-24,1.2976082673706089,4.9277197281640985,-8.620541317015928
2024-04-25,1.2976082673706089,4.964662496087775,-8.620541317015928
2024-04-26,1.2976082673706089,4.931579837127865,-8.620541317015928
2024-04-29,1.2976082673706089,4.980731032032435,-8.620541317015928
2024-04-30,1.2976082673706089,4.972251251205856,-8.620541317015928
2024-05-02,1.2976082673706089,4.981786601061257,-8.620541317015928
2024-05-03,1.2976082673706089,4.943875905981725,-8.620541317015928
2024-05-06,1.2976082673706089,4.936584016227469,-8.620541317015928
2024-05-07,1.2976082673706089,4.905745246985728,-8.620541317015928
2024-05-08,1.2976082673706089,4.905745246985728,-8.620541317015928
2024-05-09,1.2976082673706089,4.8298576958049155,-8.620541317015928
2024-05-10,1.2976082673706089,4.851347998596846,-8.620541317015928
2024-05-13,1.2976082673706089,4.8620935796098355,-8.620541317015928
2024-05-14,1.2976082673706089,4.887125215533466,-8.620541317015928
2024-05-15,1.2976082673706089,4.8833200975488165,-8.620541317015928
2024-05-16,1.2976082673706089,4.928038503996166,-8.620541317015928
2024-05-17,1.2976082673706089,4.941731257796182,-8.620541317015928
2024-05-21,1.2976082673706089,4.955578244107939,-8.620541317015928
2024-05-22,1.2976082673706089,4.9707007633649845,-8.620541317015928
2024-05-23,1.2976082673706089,5.052054331946575,-8.620541317015928
2024-05-24,1.2976082673706089,5.049733540781048,-8.620541317015928
2024-05-27,1.2976082673706089,5.044311344316753,-8.620541317015928
2024-05-28,1.2976082673706089,5.034567200587519,-8.620541317015928
2024-05-29,1.2976082673706089,4.994214562341594,-8.620541317015928
2024-05-30,1.2976082673706089,4.946691615959303,-8.620541317015928
2024-05-31,1.2976082673706089,4.9559408408764885,-8.620541317015928
2024-06-03,1.2976082673706089,5.117218642199665,-8.620541317015928
2024-06-04,1.2976082673706089,4.813800329902889,-8.620541317015928
2024-06-05,1.325161580153214,4.975660691911081,-6.680197015650369
2024-06-06,1.3369396815341876,5.019884609163405,-5.850766011262898
2024-06-07,1.3630633912866208,5.122992695006902,-4.011096431470573
2024-06-10,1.3630633912866208,5.116184554022061,-4.011096431470573
2024-06-11,1.3630633912866208,5.117427436073499,-4.011096431470573
2024-06-12,1.3630633912866208,5.130207253696776,-4.011096431470573
2024-06-13,1.3630633912866208,5.146913770922593,-4.011096431470573
2024-06-14,1.3630633912866208,5.161585192304074,-4.011096431470573
2024-06-18,1.3630633912866208,5.181888033640706,-4.011096431470573
2024-06-19,1.3630633912866208,5.17267145961737,-4.011096431470573
2024-06-20,1.3630633912866208,5.183889619357142,-4.011096431470573
2024-06-21,1.3630633912866208,5.16939391133862,-4.011096431470573
2024-06-24,1.3630633912866208,5.17747758526875,-4.011096431470573
2024-06-25,1.3630633912866208,5.2178302235146745,-4.011096431470573
2024-06-26,1.3630633912866208,5.2502749011934275,-4.011096431470573
2024-06-27,1.3630633912866208,5.2889223894697155,-4.011096431470573
2024-06-28,1.3630633912866208,5.281465526778109,-4.011096431470573
2024-07-01,1.3630633912866208,5.31035770128253,-4.011096431470573
2024-07-02,1.3630633912866208,5.306376440317898,-4.011096431470573
2024-07-03,1.3630633912866208,5.342153657254518,-4.011096431470573
2024-07-04,1.3630633912866208,5.345596178470617,-4.011096431470573
2024-07-05,1.3630633912866208,5.350369223611122,-4.011096431470573
2024-07-08,1.3630633912866208,5.349643600456998,-4.011096431470573
2024-07-09,1.3630633912866208,5.374422191953288,-4.011096431470573
2024-07-10,1.3630633912866208,5.350501116037597,-4.011096431470573
2024-07-11,1.3630633912866208,5.348631422747634,-4.011096431470573
2024-07-12,1.3630633912866208,5.389588961763841,-4.011096431470573
2024-07-15,1.3630633912866208,5.408186653130837,-4.011096431470573
2024-07-16,1.3630633912866208,5.413971875980707,-4.011096431470573
2024-07-18,1.3630633912866208,5.455292011765463,-4.011096431470573
2024-07-19,1.3630633912866208,5.395912924362243,-4.011096431470573
2024-07-22,1.3630633912866208,5.391150619647346,-4.011096431470573
2024-07-23,1.3630633912866208,5.384507881216879,-4.011096431470573
2024-07-24,1.3630633912866208,5.3700890746457155,-4.011096431470573
2024-07-25,1.3630633912866208,5.368461255740462,-4.011096431470573
2024-07-26,1.3630633912866208,5.462770784925312,-4.011096431470573
2024-07-29,1.3630633912866208,5.463045739820895,-4.011096431470573
2024-07-30,1.3630633912866208,5.467709232620192,-4.011096431470573
2024-07-31,1.3630633912866208,5.488352760257133,-4.011096431470573
2024-08-01,1.3630633912866208,5.501495604265983,-4.011096431470573
2024-08-02,1.3630633912866208,5.437001926187901,-4.011096431470573
2024-08-05,1.3630633912866208,5.291363903019086,-4.011096431470573
2024-08-06,1.3505828214162237,5.277495435856111,-4.889996287066456
2024-08-07,1.367748948519721,5.344573260335646,-3.6811326863594007
2024-08-08,1.3562205375603849,5.30486977341351,-4.492980128633928
2024-08-09,1.3562205375603849,5.359970734488274,-4.492980128633928
2024-08-12,1.3562205375603849,5.355461474200719,-4.492980128633928
2024-08-13,1.3562205375603849,5.309708979575765,-4.492980128633928
2024-08-14,1.3562205375603849,5.310753808178979,-4.492980128633928
2024-08-16,1.3562205375603849,5.3981675545060215,-4.492980128633928
2024-08-19,1.3562205375603849,5.405096417874704,-4.492980128633928
2024-08-20,1.3562205375603849,5.432855692285919,-4.492980128633928
2024-08-21,1.3562205375603849,5.448550031802371,-4.492980128633928
2024-08-22,1.3562205375603849,5.457634713399233,-4.492980128633928
2024-08-23,1.3562205375603849,5.460197378949467,-4.492980128633928
2024-08-26,1.3562205375603849,5.501429443244233,-4.492980128633928
2024-08-27,1.3562205375603849,5.50300227117037,-4.492980128633928
2024-08-28,1.3562205375603849,5.510612936756693,-4.492980128633928
2024-08-29,1.3562205375603849,5.532521256913315,-4.492980128633928
2024-08-30,1.3562205375603849,5.55098748547086,-4.492980128633928
2024-09-02,1.3562205375603849,5.560401683325396,-4.492980128633928
2024-09-03,1.3562205375603849,5.560654727752737,-4.492980128633928
2024-09-04,1.3562205375603849,5.542804570008106,-4.492980128633928
2024-09-05,1.3562205375603849,5.531014590008927,-4.492980128633928
2024-09-06,1.3562205375603849,5.466576332526985,-4.492980128633928
2024-09-09,1.3562205375603849,5.485108292489255,-4.492980128633928
2024-09-10,1.3562205375603849,5.508138342696449,-4.492980128633928
2024-09-11,1.3562205375603849,5.481159682418474,-4.492980128633928
2024-09-12,1.3562205375603849,5.584641964690176,-4.492980128633928
2024-09-13,1.3562205375603849,5.577515047873269,-4.492980128633928
2024-09-16,1.3562205375603849,5.583509064596971,-4.492980128633928
2024-09-17,1.3562205375603849,5.591163980736802,-4.492980128633928
2024-09-18,1.3562205375603849,5.582145460161691,-4.492980128633928
2024-09-19,1.3562205375603849,5.59055907996652,-4.492980128633928
2024-09-20,1.3562205375603849,5.673078199535167,-4.492980128633928
2024-09-23,1.3562205375603849,5.70565519925742,-4.492980128633928
2024-09-24,1.3562205375603849,5.705952064621244,-4.492980128633928
2024-09-25,1.3562205375603849,5.7199747642959595,-4.492980128633928
2024-09-26,1.3562205375603849,5.7665852041185355,-4.492980128633928
2024-09-27,1.3562205375603849,5.758424199124023,-4.492980128633928
2024-09-30,1.3562205375603849,5.6774555673962475,-4.492980128633928
2024-10-01,1.3562205375603849,5.674387242608355,-4.492980128633928
2024-10-03,1.3562205375603849,5.554110801237869,-4.492980128633928
2024-10-04,1.3458540059676025,5.502309298910096,-5.223006338537806
2024-10-07,1.3340792972742281,5.45417028171489,-6.052198424937383
2024-10-08,1.3444419547303146,5.50199052307803,-5.322445037365975
2024-10-09,1.3444419547303146,5.495127391114072,-5.322445037365975
2024-10-10,1.3444419547303146,5.498756795735763,-5.322445037365975
2024-10-11,1.3444419547303146,5.491234201639431,-5.322445037365975
2024-10-14,1.3444419547303146,5.527242122918126,-5.322445037365975
2024-10-15,1.3444419547303146,5.511712756339022,-5.322445037365975
2024-10-16,1.3444419547303146,5.492785119097326,-5.322445037365975
2024-10-17,1.3444419547303146,5.444073852025689,-5.322445037365975
2024-10-18,1.3444419547303146,5.4669943498916735,-5.322445037365975
2024-10-21,1.3444419547303146,5.450947724415255,-5.322445037365975
2024-10-22,1.3444419547303146,5.382978874227223,-5.322445037365975
2024-10-23,1.3444419547303146,5.374928280807968,-5.322445037365975
2024-10-24,1.3444419547303146,5.366987669346946,-5.322445037365975
2024-10-25,1.3444419547303146,5.318903643130856,-5.322445037365975
2024-10-28,1.3444419547303146,5.353734843379862,-5.322445037365975
2024-10-29,1.3444419547303146,5.381824063665776,-5.322445037365975
2024-10-30,1.3444419547303146,5.354108610191044,-5.322445037365975
2024-10-31,1.3444419547303146,5.324303499509884,-5.322445037365975
2024-11-01,1.3444419547303146,5.346079927240029,-5.322445037365975
2024-11-04,1.3444419547303146,5.278111077051997,-5.322445037365975
2024-11-05,1.3444419547303146,5.326052470416003,-5.322445037365975
2024-11-06,1.3444419547303146,5.385607700799206,-5.322445037365975
2024-11-07,1.3444419547303146,5.322983716011086,-5.322445037365975
2024-11-08,1.3444419547303146,5.311732475760439,-5.322445037365975
2024-11-11,1.3444419547303146,5.310215068430442,-5.322445037365975
2024-11-12,1.3444419547303146,5.2534970288760325,-5.322445037365975
2024-11-13,1.3444419547303146,5.1821410780680415,-5.322445037365975
2024-11-14,1.3444419547303146,5.17634468517554,-5.322445037365975
2024-11-18,1.3444419547303146,5.158989875859982,-5.322445037365975
2024-11-19,1.3444419547303146,5.173221369408531,-5.322445037365975
2024-11-21,1.3444419547303146,5.136135539015748,-5.322445037365975
2024-11-22,1.3444419547303146,5.258732341934738,-5.322445037365975
2024-11-25,1.3444419547303146,5.327944074174208,-5.322445037365975
2024-11-26,1.3444419547303146,5.321916976939631,-5.322445037365975
2024-11-27,1.3444419547303146,5.339602161746913,-5.322445037365975
2024-11-28,1.3444419547303146,5.260250178881758,-5.322445037365975
2024-11-29,1.3444419547303146,5.3079711787122745,-5.322445037365975
2024-12-02,1.3444419547303146,5.339855206174254,-5.322445037365975
2024-12-03,1.3444419547303146,5.379690585522863,-5.322445037365975
2024-12-04,1.3444419547303146,5.38195595609225,-5.322445037365975
2024-12-05,1.3444419547303146,5.434956519534977,-5.322445037365975
2024-12-06,1.3444419547303146,5.428225709614519,-5.322445037365975
2024-12-09,1.3444419547303146,5.4152916594795,-5.322445037365975
2024-12-10,1.3444419547303146,5.413323154273938,-5.322445037365975
2024-12-11,1.3444419547303146,5.420307008621736,-5.322445037365975
2024-12-12,1.3444419547303146,5.399828024305121,-5.322445037365975
2024-12-13,1.3444419547303146,5.448132444054701,-5.322445037365975
2024-12-16,1.3444419547303146,5.426124882365455,-5.322445037365975
2024-12-17,1.3444419547303146,5.3530418711195855,-5.322445037365975
2024-12-18,1.3444419547303146,5.322873734052852,-5.322445037365975
2024-12-19,1.3444419547303146,5.268509566174845,-5.322445037365975
2024-12-20,1.3444419547303146,5.1883988796446925,-5.322445037365975
2024-12-23,1.3444419547303146,5.224901719735436,-5.322445037365975
2024-12-24,1.3444419547303146,5.219226908460825,-5.322445037365975
2024-12-26,1.3444419547303146,5.224186837006921,-5.322445037365975
2024-12-27,1.3444419547303146,5.238088814297796,-5.322445037365975
2024-12-30,1.3444419547303146,5.201024894373254,-5.322445037365975
2024-12-31,1.3444419547303146,5.2010029839050125,-5.322445037365975
2025-01-01,1.3444419547303146,5.222581358186934,-5.322445037365975
2025-01-02,1.3444419547303146,5.320630273951709,-5.322445037365975
2025-01-03,1.3444419547303146,5.280178823790184,-5.322445037365975
2025-01-06,1.3444419547303146,5.194679021306611,-5.322445037365975
2025-01-07,1.3444419547303146,5.214882621110619,-5.322445037365975
2025-01-08,1.3444419547303146,5.210714047123371,-5.322445037365975
2025-01-09,1.3444419547303146,5.174981080740259,-5.322445037365975
2025-01-10,1.3444419547303146,5.154084508675977,-5.322445037365975
2025-01-13,1.3444419547303146,5.078075805494298,-5.322445037365975
2025-01-14,1.3444419547303146,5.097894898061516,-5.322445037365975
2025-01-15,1.3444419547303146,5.1060662138646125,-5.322445037365975
2025-01-16,1.3444419547303146,5.127754999721792,-5.322445037365975
2025-01-17,1.3444419547303146,5.103866574699952,-5.322445037365975
2025-01-20,1.3444419547303146,5.135002638922542,-5.322445037365975
2025-01-21,1.3444419547303146,5.064592275185141,-5.322445037365975
2025-01-22,1.3444419547303146,5.093341387220453,-5.322445037365975
2025-01-23,1.3444419547303146,5.104339583043759,-5.322445037365975
2025-01-24,1.3444419547303146,5.079450579972212,-5.322445037365975
2025-01-27,1.3444419547303146,5.021589329516013,-5.322445037365975
2025-01-28,1.3444419547303146,5.049766621291919,-5.322445037365975
2025-01-29,1.3444419547303146,5.095046107573066,-5.322445037365975
2025-01-30,1.3444419547303146,5.114051075879144,-5.322445037365975
2025-01-31,1.3444419547303146,5.170999819775628,-5.322445037365975
2025-02-01,1.3444419547303146,5.165225766968392,-5.322445037365975
2025-02-03,1.3444419547303146,5.1385882226077495,-5.322445037365975
2025-02-04,1.3444419547303146,5.221778403968428,-5.322445037365975
2025-02-05,1.3444419547303146,5.212331125603018,-5.322445037365975
2025-02-06,1.3444419547303146,5.191885221797277,-5.322445037365975
2025-02-07,1.3444419547303146,5.1823387018992415,-5.322445037365975
2025-02-10,1.3444419547303146,5.143108223320913,-5.322445037365975
2025-02-11,1.3444419547303146,5.074963659769923,-5.322445037365975
2025-02-12,1.3444419547303146,5.069123445940938,-5.322445037365975
2025-02-13,1.3444419547303146,5.066077031621287,-5.322445037365975
2025-02-14,1.3444419547303146,5.043607631630867,-5.322445037365975
2025-02-17,1.3444419547303146,5.050261540103968,-5.322445037365975
2025-02-18,1.3444419547303146,5.047138224336958,-5.322445037365975
2025-02-19,1.3444419547303146,5.0444105858493735,-5.322445037365975
2025-02-20,1.3444419547303146,5.040066298499168,-5.322445037365975
2025-02-21,1.3444419547303146,5.014275529293515,-5.322445037365975
2025-02-24,1.3444419547303146,4.960923109507847,-5.322445037365975
2025-02-25,1.3444419547303146,4.959647576562558,-5.322445037365975
2025-02-27,1.3444419547303146,4.959097666771393,-5.322445037365975
2025-02-28,1.3444419547303146,4.866635490791238,-5.322445037365975
2025-03-03,1.3444419547303146,4.865448029335941,-5.322445037365975
2025-03-04,1.3444419547303146,4.8573862658740525,-5.322445037365975
2025-03-05,1.3444419547303146,4.913400163125556,-5.322445037365975
2025-03-06,1.3444419547303146,4.95902033570701,-5.322445037365975
2025-03-07,1.3444419547303146,4.960736226102256,-5.322445037365975
2025-03-10,1.3444419547303146,4.940455724850889,-5.322445037365975
2025-03-11,1.3444419547303146,4.94872628218661,-5.322445037365975
2025-03-12,1.3444419547303146,4.942699184952033,-5.322445037365975
2025-03-13,1.3444419547303146,4.926575658028257,-5.322445037365975
2025-03-17,1.3444419547303146,4.951112804756863,-5.322445037365975
2025-03-18,1.3444419547303146,5.0227222296092195,-5.322445037365975
2025-03-19,1.3444419547303146,5.038845326915972,-5.322445037365975
2025-03-20,1.3444419547303146,5.101106285318518,-5.322445037365975
2025-03-21,1.3444419547303146,5.136245520973981,-5.322445037365975
2025-03-24,1.3444419547303146,5.203983237202914,-5.322445037365975
2025-03-25,1.3444419547303146,5.206249037389325,-5.322445037365975
2025-03-26,1.3444419547303146,5.166259425528974,-5.322445037365975
2025-03-27,1.3444419547303146,5.189377547226158,-5.322445037365975
2025-03-28,1.3444419547303146,5.173408252814122,-5.322445037365975
2025-04-01,1.3444419547303146,5.095617927832472,-5.322445037365975
2025-04-02,1.3444419547303146,5.132275000434957,-5.322445037365975
2025-04-03,1.3444419547303146,5.114182968305618,-5.322445037365975
2025-04-04,1.3444419547303146,5.038152354655698,-5.322445037365975
2025-04-07,1.3444419547303146,4.8747522452322425,-5.322445037365975
2025-04-08,1.3484341095209411,4.9570737409696894,-5.041311699270534
2025-04-09,1.3402547023762164,4.9270048454355795,-5.617317429218005
2025-04-11,1.3646076495453816,5.021457437089538,-3.902347522188243
2025-04-15,1.3646076495453816,5.1314393953226,-3.902347522188243
2025-04-16,1.3646076495453816,5.155338131153024,-3.902347522188243
2025-04-17,1.3646076495453816,5.246502434102624,-3.902347522188243
2025-04-21,1.3646076495453816,5.3067506367460995,-3.902347522188243
2025-04-22,1.3646076495453816,5.315922960215927,-3.902347522188243
2025-04-23,1.3646076495453816,5.351490953661689,-3.902347522188243
2025-04-24,1.3646076495453816,5.333398921532351,-3.902347522188243
2025-04-25,1.3646076495453816,5.287789489376505,-3.902347522188243
2025-04-28,1.3646076495453816,5.351392141746089,-3.902347522188243
2025-04-29,1.3646076495453816,5.3530307010769524,-3.902347522188243
2025-04-30,1.3646076495453816,5.352645764223137,-3.902347522188243
2025-05-02,1.3646076495453816,5.355395313178963,-3.902347522188243
2025-05-05,1.3646076495453816,5.380570441188726,-3.902347522188243
2025-05-06,1.3646076495453816,5.362632211954104,-3.902347522188243
2025-05-07,1.3646076495453816,5.370287128093935,-3.902347522188243
2025-05-08,1.3646076495453816,5.339360287362203,-3.902347522188243
2025-05-09,1.3646076495453816,5.280893706518697,-3.902347522188243
2025-05-12,1.3646076495453816,5.482534456896382,-3.902347522188243
2025-05-13,1.3646076495453816,5.406350040351745,-3.902347522188243
2025-05-14,1.3646076495453816,5.42582801700163,-3.902347522188243
2025-05-15,1.3646076495453816,5.512757584942233,-3.902347522188243
2025-05-16,1.3646076495453816,5.50345336904593,-3.902347522188243
2025-05-19,1.3646076495453816,5.487098708163054,-3.902347522188243
2025-05-20,1.3646076495453816,5.429567403581554,-3.902347522188243
2025-05-21,1.3646076495453816,5.458063471189526,-3.902347522188243
2025-05-22,1.3646076495453816,5.413245823209553,-3.902347522188243
2025-05-23,1.3646076495453816,5.466796296443445,-3.902347522188243
2025-05-26,1.3646076495453816,5.4993509560804315,-3.902347522188243
2025-05-27,1.3646076495453816,5.460868011124469,-3.902347522188243
2025-05-28,1.3646076495453816,5.444645672285092,-3.902347522188243
2025-05-29,1.3646076495453816,5.462495830029723,-3.902347522188243
2025-05-30,1.3646076495453816,5.444260735431277,-3.902347522188243
2025-06-02,1.3646076495453816,5.436760051803187,-3.902347522188243
2025-06-03,1.3646076495453816,5.39846441986984,-3.902347522188243
2025-06-04,1.3646076495453816,5.4155554443324485,-3.902347522188243
2025-06-05,1.3646076495453816,5.444304985984786,-3.902347522188243
2025-06-06,1.3646076495453816,5.499768973445124,-3.902347522188243
2025-06-09,1.3646076495453816,5.521798015985587,-3.902347522188243
2025-06-10,1.3646076495453816,5.522029149944686,-3.902347522188243
2025-06-11,1.3646076495453816,5.530200895364807,-3.902347522188243
2025-06-12,1.3646076495453816,5.47450577394537,-3.902347522188243
2025-06-13,1.3646076495453816,5.43719997963612,-3.902347522188243
2025-06-16,1.3646076495453816,5.487329842122154,-3.902347522188243
2025-06-17,1.3646076495453816,5.466851287422562,-3.902347522188243
2025-06-18,1.3646076495453816,5.4577558654000935,-3.902347522188243
2025-06-19,1.3646076495453816,5.45362037192372,-3.902347522188243
2025-06-20,1.3646076495453816,5.523821941787288,-3.902347522188243
2025-06-23,1.3646076495453816,5.492917011523798,-3.902347522188243
2025-06-24,1.3646076495453816,5.508853225424959,-3.902347522188243
2025-06-25,1.3646076495453816,5.552934080208176,-3.902347522188243
2025-06-26,1.3646076495453816,5.619858101792994,-3.902347522188243
2025-06-27,1.3646076495453816,5.639391069421996,-3.902347522188243
2025-06-30,1.3646076495453816,5.612830426508712,-3.902347522188243
2025-07-01,1.3646076495453816,5.618274533441248,-3.902347522188243
2025-07-02,1.3646076495453816,5.598829637302238,-3.902347522188243
2025-07-03,1.3646076495453816,5.588249458843623,-3.902347522188243
2025-07-04,1.3646076495453816,5.600501277143977,-3.902347522188243
2025-07-07,1.3646076495453816,5.600567438165726,-3.902347522188243
2025-07-08,1.3646076495453816,5.6140290580066425,-3.902347522188243
2025-07-09,1.3646076495453816,5.60382264635921,-3.902347522188243
2025-07-10,1.3646076495453816,5.577240092977684,-3.902347522188243
2025-07-11,1.3646076495453816,5.532059418612137,-3.902347522188243
2025-07-14,1.3646076495453816,5.517201113825065,-3.902347522188243
2025-07-15,1.3646076495453816,5.54216701834397,-3.902347522188243
2025-07-16,1.3646076495453816,5.545741431986544,-3.902347522188243
2025-07-17,1.3646076495453816,5.523612718296432,-3.902347522188243
2025-07-18,1.3646076495453816,5.492147137816168,-3.902347522188243
2025-07-21,1.3646076495453816,5.51904846702976,-3.902347522188243
2025-07-22,1.3646076495453816,5.512493800089285,-3.902347522188243
2025-07-23,1.3646076495453816,5.547468062807398,-3.902347522188243
2025-07-24,1.3646076495453816,5.512757584942234,-3.902347522188243
2025-07-25,1.3646076495453816,5.463243793269115,-3.902347522188243
2025-07-28,1.3646076495453816,5.428907511832158,-3.902347522188243
2025-07-29,1.3646076495453816,5.459746281073898,-3.902347522188243
2025-07-30,1.3646076495453816,5.467214313808137,-3.902347522188243
2025-07-31,1.3646076495453816,5.448143184480309,-3.902347522188243
2025-08-01,1.3646076495453816,5.403490509437686,-3.902347522188243
2025-08-04,1.3646076495453816,5.43811291581286,-3.902347522188243
2025-08-05,1.3646076495453816,5.422011728974349,-3.902347522188243
2025-08-06,1.3646076495453816,5.4054371041750064,-3.902347522188243
2025-08-07,1.3646076495453816,5.410265569911653,-3.902347522188243
2025-08-08,1.3646076495453816,5.359047057885921,-3.902347522188243
2025-08-11,1.3646076495453816,5.4078240563622835,-3.902347522188243
2025-08-12,1.3646076495453816,5.386344493995962,-3.902347522188243
2025-08-13,1.3646076495453816,5.415368560926857,-3.902347522188243
2025-08-14,1.3646076495453816,5.417997387498842,-3.902347522188243
2025-08-18,1.3646076495453816,5.472031179885126,-3.902347522188243
2025-08-19,1.3646076495453816,5.494841695792878,-3.902347522188243
2025-08-20,1.3646076495453816,5.510217259477265,-3.902347522188243
2025-08-21,1.3646076495453816,5.517519889657131,-3.902347522188243
2025-08-22,1.3646076495453816,5.470524512980739,-3.902347522188243
2025-08-25,1.3646076495453816,5.492004075347061,-3.902347522188243
2025-08-26,1.3646076495453816,5.435759473753483,-3.902347522188243
2025-08-28,1.3646076495453816,5.389314006868256,-3.902347522188243
2025-08-29,1.3646076495453816,5.37302550700713,-3.902347522188243
2025-09-01,1.3646076495453816,5.41662261302093,-3.902347522188243
2025-09-02,1.3646076495453816,5.406624995247331,-3.902347522188243
2025-09-03,1.3646076495453816,5.436419365502881,-3.902347522188243
2025-09-04,1.3646076495453816,5.4406536708948545,-3.902347522188243
2025-09-05,1.3646076495453816,5.442127257288368,-3.902347522188243
2025-09-08,1.3646076495453816,5.449199183126159,-3.902347522188243
2025-09-09,1.3646076495453816,5.470194567106041,-3.902347522188243
2025-09-10,1.3646076495453816,5.49318079637675,-3.902347522188243
2025-09-11,1.3646076495453816,5.500307713193657,-3.902347522188243
2025-09-12,1.3646076495453816,5.524173798130232,-3.902347522188243
2025-09-15,1.3646076495453816,5.51431924282574,-3.902347522188243
2025-09-16,1.3646076495453816,5.551691198156739,-3.902347522188243
2025-09-17,1.3646076495453816,5.571740995066031,-3.902347522188243
2025-09-18,1.3646076495453816,5.592274540744738,-3.902347522188243
2025-09-19,1.3646076495453816,5.571037282380148,-3.902347522188243
2025-09-22,1.3646076495453816,5.543607524226608,-3.902347522188243
2025-09-23,1.3646076495453816,5.5363817954941,-3.902347522188243
2025-09-24,1.3646076495453816,5.51161394442342,-3.902347522188243
2025-09-25,1.3646076495453816,5.475088764247411,-3.902347522188243
2025-09-26,1.3646076495453816,5.4231441994505305,-3.902347522188243
2025-09-29,1.3646076495453816,5.418789171674716,-3.902347522188243
2025-09-30,1.3646076495453816,5.413553858616012,-3.902347522188243
2025-10-01,1.3646076495453816,5.463089990374399,-3.902347522188243
2025-10-03,1.3646076495453816,5.475836727486801,-3.902347522188243
2025-10-06,1.3646076495453816,5.5161781956900935,-3.902347522188243
2025-10-07,1.3646076495453816,5.522920175653185,-3.902347522188243
2025-10-08,1.3646076495453816,5.509249332321411,-3.902347522188243
2025-10-09,1.3646076495453816,5.539087523513445,-3.902347522188243
2025-10-10,1.3646076495453816,5.561864529293298,-3.902347522188243
2025-10-13,1.3646076495453816,5.549106622138263,-3.902347522188243
2025-10-14,1.3646076495453816,5.531102661498915,-3.902347522188243
2025-10-15,1.3646076495453816,5.570267408672518,-3.902347522188243
2025-10-16,1.3646076495453816,5.627842963807526,-3.902347522188243
2025-10-17,1.3646076495453816,5.655239211833167,-3.902347522188243
2025-10-20,1.3646076495453816,5.684560573744911,-3.902347522188243
2025-10-21,1.3646076495453816,5.690158483572164,-3.902347522188243
2025-10-23,1.3646076495453816,5.695173832714402,-3.902347522188243
2025-10-24,1.3646076495453816,5.674002305754537,-3.902347522188243
2025-10-27,1.3646076495453816,5.711594225002002,-3.902347522188243
2025-10-28,1.3646076495453816,5.705027958401868,-3.902347522188243
2025-10-29,1.3646076495453816,5.730917969140145,-3.902347522188243
2025-10-30,1.3646076495453816,5.692193149799474,-3.902347522188243
2025-10-31,1.3646076495453816,5.657933769809875,-3.902347522188243
2025-11-03,1.3646076495453816,5.6670072813641035,-3.902347522188243
2025-11-04,1.3646076495453816,5.630559432252476,-3.902347522188243
2025-11-06,1.3646076495453816,5.611213348029066,-3.902347522188243
2025-11-07,1.3646076495453816,5.607386319576175,-3.902347522188243
2025-11-10,1.3646076495453816,5.625434101152006,-3.902347522188243
2025-11-11,1.3646076495453816,5.651961663554416,-3.902347522188243
2025-11-12,1.3646076495453816,5.691742481540934,-3.902347522188243
2025-11-13,1.3646076495453816,5.69247927473769,-3.902347522188243
2025-11-14,1.3646076495453816,5.699276245679897,-3.902347522188243
2025-11-17,1.3646076495453816,5.722020170948875,-3.902347522188243
2025-11-18,1.3646076495453816,5.699276245679897,-3.902347522188243
2025-11-19,1.3646076495453816,5.730643014244562,-3.902347522188243
2025-11-20,1.3646076495453816,5.761327980591586,-3.902347522188243
2025-11-21,1.3646076495453816,5.734052454949787,-3.902347522188243
2025-11-24,1.3646076495453816,5.710153289502339,-3.902347522188243
2025-11-25,1.3646076495453816,5.6937221567891285,-3.902347522188243
2025-11-26,1.3646076495453816,5.76422059201652,-3.902347522188243
2025-11-27,1.3646076495453816,5.766475222160298,-3.902347522188243
2025-11-28,1.3646076495453816,5.763703333119206,-3.902347522188243
2025-12-01,1.3646076495453816,5.757720486438137,-3.902347522188243
2025-12-02,1.3646076495453816,5.7261444943826145,-3.902347522188243
2025-12-03,1.3646076495453816,5.715982333288689,-3.902347522188243
2025-12-04,1.3646076495453816,5.726485610299947,-3.902347522188243
2025-12-05,1.3646076495453816,5.760073928497515,-3.902347522188243
2025-12-08,1.3646076495453816,5.710384423461437,-3.902347522188243
2025-12-09,1.3646076495453816,5.683790700037277,-3.902347522188243
2025-12-10,1.3646076495453816,5.665830560334413,-3.902347522188243
2025-12-11,1.3646076495453816,5.696746660640537,-3.902347522188243
2025-12-12,1.3646076495453816,5.72938896215049,-3.902347522188243
2025-12-15,1.3646076495453816,5.72506701488555,-3.902347522188243
2025-12-16,1.3646076495453816,5.688288790282199,-3.902347522188243
2025-12-17,1.3646076495453816,5.679149547323246,-3.902347522188243
2025-12-18,1.3646076495453816,5.6784896555738475,-3.902347522188243
2025-12-19,1.3646076495453816,5.711671126449358,-3.902347522188243
2025-12-22,1.3646076495453816,5.756983693241379,-3.902347522188243
2025-12-23,1.3646076495453816,5.758028521844593,-3.902347522188243
2025-12-24,1.3646076495453816,5.7503186147256455,-3.902347522188243
2025-12-26,1.3646076495453816,5.728366473632541,-3.902347522188243
2025-12-29,1.3646076495453816,5.70632583143242,-3.902347522188243
2025-12-30,1.3646076495453816,5.705610948703906,-3.902347522188243
2025-12-31,1.3646076495453816,5.747569065769818,-3.902347522188243
2026-01-01,1.3646076495453816,5.751297711924133,-3.902347522188243
2026-01-02,1.3646076495453816,5.791331144720967,-3.902347522188243
2026-01-05,1.3646076495453816,5.774118968257493,-3.902347522188243
2026-01-06,1.3646076495453816,5.7583692081449,-3.902347522188243
2026-01-07,1.3646076495453816,5.75002174936182,-3.902347522188243
2026-01-08,1.3646076495453816,5.691973185883005,-3.902347522188243
2026-01-09,1.3646076495453816,5.649399427621201,-3.902347522188243
2026-01-12,1.3646076495453816,5.672924396640443,-3.902347522188243
2026-01-13,1.3646076495453816,5.660177659528041,-3.902347522188243
2026-01-14,1.3646076495453816,5.645505808529536,-3.902347522188243
2026-01-16,1.3646076495453816,5.651829771127937,-3.902347522188243
2026-01-19,1.3646076495453816,5.627886784744004,-3.902347522188243
2026-01-20,1.3646076495453816,5.550239522231462,-3.902347522188243
2026-01-21,1.3646076495453816,5.533742228496503,-3.902347522188243
2026-01-22,1.3646076495453816,5.562865536960023,-3.902347522188243
2026-01-23,1.3646076495453816,5.50979924211257,-3.902347522188243
2026-01-27,1.3646076495453816,5.537679668524651,-3.902347522188243
2026-01-28,1.3646076495453816,5.574490544021852,-3.902347522188243
2026-01-29,1.3646076495453816,5.591240882184152,-3.902347522188243
2026-01-30,1.3646076495453816,5.569629427391356,-3.902347522188243
2026-02-02,1.3646076495453816,5.518542807792099,-3.902347522188243
2026-02-03,1.3646076495453816,5.659132830924827,-3.902347522188243
2026-02-04,1.3646076495453816,5.669789910830801,-3.902347522188243
2026-02-05,1.3646076495453816,5.640490889004323,-3.902347522188243
2026-02-06,1.3646076495453816,5.651686708658829,-3.902347522188243
2026-02-09,1.3646076495453816,5.689872788250968,-3.902347522188243
2026-02-10,1.3646076495453816,5.704797254059789,-3.902347522188243
2026-02-11,1.3646076495453816,5.7089104074508965,-3.902347522188243
2026-02-12,1.3646076495453816,5.676652613177734,-3.902347522188243
2026-02-13,1.3646076495453816,5.6027228267768745,-3.902347522188243
2026-02-16,1.3646076495453816,5.649278275620335,-3.902347522188243
2026-02-17,1.3646076495453816,5.658659822581021,-3.902347522188243
2026-02-18,1.3646076495453816,5.679325260686204,-3.902347522188243
2026-02-19,1.3646076495453816,5.599038431176068,-3.902347522188243
2026-02-20,1.3646076495453816,5.6247522989343635,-3.902347522188243
2026-02-23,1.3646076495453816,5.6559321840934365,-3.902347522188243
2026-02-24,1.3646076495453816,5.592505674703834,-3.902347522188243
2026-02-25,1.3646076495453816,5.605230501347995,-3.902347522188243
2026-02-26,1.3646076495453816,5.608321166221154,-3.902347522188243
2026-02-27,1.3646076495453816,5.538394551253169,-3.902347522188243
2026-03-02,1.3646076495453816,5.469556585824881,-3.902347522188243
2026-03-04,1.3646076495453816,5.38482665704894,-3.902347522188243
2026-03-05,1.3646076495453816,5.447604444731777,-3.902347522188243
2026-03-06,1.3646076495453816,5.378216569512324,-3.902347522188243
2026-03-09,1.3646076495453816,5.285304154890652,-3.902347522188243
2026-03-10,1.3646076495453816,5.336676469811101,-3.902347522188243
2026-03-11,1.3646076495453816,5.249845713786098,-3.902347522188243
2026-03-12,1.3646076495453816,5.199760101853572,-3.902347522188243
2026-03-13,1.3646076495453816,5.09240654057547,-3.902347522188243
2026-03-16,1.3805220061208188,5.149091499619005,-2.7816354199925453
2026-03-17,1.3906862358356147,5.187002194698537,-2.0658556021360908
2026-03-18,1.400892905410826,5.230258184795004,-1.347087107674505
2026-03-19,1.400892905410826,5.059643087064651,-1.347087107674505
2026-03-20,1.400892905410826,5.084355947156215,-1.347087107674505
2026-03-23,1.400892905410826,4.951970749954484,-1.347087107674505
2026-03-24,1.400892905410826,5.039901325561817,-1.347087107674505
2026-03-25,1.400892905410826,5.126577849075078,-1.347087107674505
2026-03-27,1.400892905410826,5.019488502266951,-1.347087107674505
2026-03-30,1.400892905410826,4.912102290094999,-1.347087107674505
2026-04-01,1.400892905410826,4.988649733025209,-1.347087107674505
2026-04-02,1.400892905410826,4.996062345163308,-1.347087107674505
2026-04-06,1.400892905410826,5.052186224373044,-1.347087107674505
2026-04-07,1.400892905410826,5.086368702915285,-1.347087107674505
2026-04-08,1.400892905410826,5.278551004884928,-1.347087107674505
2026-04-09,1.400892905410826,5.229664024450332,-1.347087107674505
2026-04-10,1.400892905410826,5.29026408343675,-1.347087107674505
2026-04-13,1.400892905410826,5.244522758854429,-1.347087107674505
2026-04-15,1.400892905410826,5.330011820912393,-1.347087107674505
2026-04-16,1.400892905410826,5.322411895751679,-1.347087107674505
2026-04-17,1.400892905410826,5.356902409700377,-1.347087107674505
2026-04-20,1.400892905410826,5.359387744186229,-1.347087107674505
2026-04-21,1.400892905410826,5.40596510349793,-1.347087107674505
2026-04-22,1.400892905410826,5.362302266079404,-1.347087107674505
2026-04-23,1.400892905410826,5.317198922778241,-1.347087107674505
2026-04-24,1.400892905410826,5.25668650566479,-1.347087107674505
2026-04-27,1.400892905410826,5.299524478396568,-1.347087107674505
2026-04-28,1.400892905410826,5.2781879784993535,-1.347087107674505
2026-04-29,1.400892905410826,5.318210670870579,-1.347087107674505
2026-04-30,1.400892905410826,5.278595255438435,-1.347087107674505
2026-05-04,1.400892905410826,5.305375862268186,-1.347087107674505
2026-05-05,1.400892905410826,5.286348983493867,-1.347087107674505
2026-05-06,1.400892905410826,5.351930881494622,-1.347087107674505
2026-05-07,1.400892905410826,5.3509852944240315,-1.347087107674505
2026-05-08,1.400892905410826,5.31788072499588,-1.347087107674505
2026-05-11,1.400892905410826,5.238627554046326,-1.347087107674505
2026-05-12,1.400892905410826,5.142657555062371,-1.347087107674505
2026-05-13,1.400892905410826,5.149927104731361,-1.347087107674505
2026-05-14,1.400892905410826,5.210857109592477,-1.347087107674505
2026-05-15,1.400892905410826,5.200716858966794,-1.347087107674505
2026-05-18,1.400892905410826,5.202135454381191,-1.347087107674505
2026-05-19,1.400892905410826,5.195107779096908,-1.347087107674505
2026-05-20,1.400892905410826,5.204126299672019,-1.347087107674505
2026-05-21,1.400892905410826,5.203180282984405,-1.347087107674505
2026-05-22,1.400892905410826,5.217390295681737,-1.347087107674505
2026-05-25,1.400892905410826,5.286106679492135,-1.347087107674505
2026-05-26,1.400892905410826,5.260150937349132,-1.347087107674505
2026-05-27,1.400892905410826,5.258710431466493,-1.347087107674505
2026-05-29,1.400892905410826,5.1796553139651635,-1.347087107674505
2026-06-01,1.400892905410826,5.143328187237378,-1.347087107674505
2026-06-02,1.400892905410826,5.165533802374847,-1.347087107674505
2026-06-03,1.400892905410826,5.148387357316098,-1.347087107674505
2026-06-04,1.400892905410826,5.150796219971617,-1.347087107674505
2026-06-05,1.400892905410826,5.139830675042161,-1.347087107674505
2026-06-08,1.400892905410826,5.086225640446176,-1.347087107674505
2026-06-09,1.400892905410826,5.112423256973885,-1.347087107674505
2026-06-10,1.400892905410826,5.106451150718425,-1.347087107674505
2026-06-11,1.400892905410826,5.094716161698362,-1.347087107674505
2026-06-12,1.400892905410826,5.196185688210995,-1.347087107674505
2026-06-15,1.400892905410826,5.2469973529146685,-1.347087107674505
2026-06-16,1.400892905410826,5.276747472616712,-1.347087107674505
2026-06-17,1.400892905410826,5.297984730981302,-1.347087107674505
2026-06-18,1.400892905410826,5.316087933153274,-1.347087107674505
2026-06-19,1.400892905410826,5.282015436569266,-1.347087107674505
2026-06-22,1.400892905410826,5.301768368114734,-1.347087107674505
2026-06-23,1.400892905410826,5.240442256357169,-1.347087107674505
2026-06-24,1.400892905410826,5.283896299901862,-1.347087107674505
2026-06-25,1.400892905410826,5.2914519745090685,-1.347087107674505
2026-06-29,1.400892905410826,5.267310934676911,-1.347087107674505
2026-06-30,1.400892905410826,5.249603839401388,-1.347087107674505
2026-07-01,1.400892905410826,5.280420698174887,-1.347087107674505
2026-07-02,1.400892905410826,5.317781483463253,-1.347087107674505
2026-07-03,1.400892905410826,5.338711136038409,-1.347087107674505
2026-07-06,1.400892905410826,5.373795380714755,-1.347087107674505
2026-07-07,1.400892905410826,5.366833436835198,-1.347087107674505
2026-07-08,1.400892905410826,5.253189423086595,-1.347087107674505
2026-07-09,1.4014738134323927,5.270951509341234,-1.3061787211527842
2026-07-10,1.4157500749400131,5.32464461542721,-0.30082365261075994
2026-07-13,1.4145740921292094,5.325546381561316,-0.3836380700076969
2026-07-14,1.4145740921292094,5.290583288885835,-0.3836380700076969
2026-07-15,1.4145740921292094,5.296401162629554,-0.3836380700076969
2026-07-16,1.4145740921292094,5.295136370109873,-0.3836380700076969
2026-07-17,1.4145740921292094,5.352668104308397,-0.3836380700076969
2026-07-20,1.4145740921292094,5.331595389264133,-0.3836380700076969
2026-07-21,1.4145740921292094,5.320421050460844,-0.3836380700076969
2026-07-22,1.4145740921292094,5.278309130500214,-0.3836380700076969
2026-07-23,1.4145740921292094,5.2504506145563745,-0.3836380700076969
2026-07-24,1.4145740921292094,5.227981214565955,-0.3836380700076969
2026-07-27,1.4145740921292094,5.278242969478464,-0.3836380700076969
2026-07-28,1.4145740921292094,5.275911437887328,-0.3836380700076969
2026-07-29,1.4145740921292094,5.334168795239975,-0.3836380700076969
2026-07-30,1.4145740921292094,5.3488956372175975,-0.3836380700076969
2026-07-31,1.4145740921292094,5.363512067619962,-0.3836380700076969
2026-08-03,1.4145740921292094,5.449452227553491,-0.3836380700076969
2026-08-04,1.4145740921292094,5.414389893345386,-0.3836380700076969
2026-08-05,1.4145740921292094,5.416534541530931,-0.3836380700076969
2026-08-06,1.4145740921292094,5.419031046059416,-0.3836380700076969
2026-08-07,1.4145740921292094,5.404656490041759,-0.3836380700076969
2026-08-10,1.4145740921292094,5.407549101466694,-0.3836380700076969
2026-08-11,1.4145740921292094,5.382890802737222,-0.3836380700076969
2026-08-12,1.4145740921292094,5.375027092723558,-0.3836380700076969
2026-08-13,1.4145740921292094,5.366206625596671,-0.3836380700076969
2026-08-14,1.4145740921292094,5.359640788613563,-0.3836380700076969
2026-08-17,1.4145740921292094,5.342406701681846,-0.3836380700076969
2026-08-18,1.4145740921292094,5.313206491770969,-0.3836380700076969
2026-08-19,1.4145740921292094,5.296357341693069,-0.3836380700076969
2026-08-20,1.4145740921292094,5.330132543296227,-0.3836380700076969
2026-08-21,1.4145740921292094,5.3345649021364245,-0.3836380700076969
2026-08-24,1.4145740921292094,5.327317262935676,-0.3836380700076969
2026-08-25,1.4145740921292094,5.352723095287513,-0.3836380700076969
2026-08-26,1.4145740921292094,5.324831498832799,-0.3836380700076969
2026-08-27,1.4145740921292094,5.2991176310745045,-0.3836380700076969
2026-08-28,1.4145740921292094,5.3177707430376415,-0.3836380700076969
2026-08-31,1.4145740921292094,5.296819179994243,-0.3836380700076969
2026-09-01,1.4145740921292094,5.291408153572581,-0.3836380700076969
2026-09-02,1.4145740921292094,5.260315910286475,-0.3836380700076969
2026-09-03,1.4145740921292094,5.251297389711364,-0.3836380700076969
2026-09-04,1.4145740921292094,5.256631514685667,-0.3836380700076969
2026-09-07,1.4145740921292094,5.230555050158823,-0.3836380700076969
2026-09-08,1.4145740921292094,5.198869076145068,-0.3836380700076969
2026-09-09,1.4145740921292094,5.15408450867597,-0.3836380700076969
2026-09-10,1.4145740921292094,5.164269009855161,-0.3836380700076969
2026-09-11,1.4145740921292094,5.1467376279425965,-0.3836380700076969
2026-09-15,1.4145740921292094,5.085257713290315,-0.3836380700076969
2026-09-16,1.4145740921292094,5.107034141020461,-0.3836380700076969
2026-09-17,1.4145740921292094,5.118692228593165,-0.3836380700076969
2026-09-18,1.4145740921292094,5.135365665308107,-0.3836380700076969
2026-09-21,1.4145740921292094,5.150301301159561,-0.3836380700076969
2026-09-23,1.4145740921292094,5.157450128444711,-0.3836380700076969
