Date,equity,buy_hold_equity,drawdown_%
2007-09-18,1.0,1.0,0.0
2007-09-19,1.0,1.040946261569318,0.0
2007-09-20,1.0,1.0442896486570494,0.0
2007-09-21,1.0,1.0640864011390008,0.0
2007-09-24,1.0,1.0849060717559245,0.0
2007-09-25,1.0,1.086368810319573,0.0
2007-09-26,1.0,1.086731729300891,0.0
2007-09-27,1.0,1.0999405195229794,0.0
2007-09-28,1.0,1.1045158334280285,0.0
2007-10-01,1.0,1.1149861373326673,0.0
2007-10-03,1.0,1.1461879329599822,0.0
2007-10-04,1.0,1.1457150320204312,0.0
2007-10-05,1.0,1.140699897686706,0.0
2007-10-08,1.0,1.1185385331027438,0.0
2007-10-09,1.0,1.1718027739941645,0.0
2007-10-10,1.0,1.1969226962162984,0.0
2007-10-11,1.0,1.2152676653687222,0.0
2007-10-12,1.0,1.1940191295572433,0.0
2007-10-15,1.0,1.247283370448664,0.0
2007-10-16,1.0,1.2467664337641176,0.0
2007-10-17,1.0,1.2228453578484264,0.0
2007-10-18,1.0,1.177026917010235,0.0
2007-10-19,0.9719401456385897,1.1471777705840793,-2.805985436141034
2007-10-22,0.9661070127669021,1.140292942960392,-3.389298723309786
2007-10-23,1.0200964784866837,1.2040165325223309,0.0
2007-10-24,1.0242802785247727,1.208954658004442,0.0
2007-10-25,1.0378475766668627,1.2249680955657294,0.0
2007-10-26,1.0626990413209743,1.2543001979030821,0.0
2007-10-29,1.1006426142657524,1.2990848727764366,0.0
2007-10-30,1.0937192382669285,1.2909132347605712,-0.6290303418283072
2007-10-31,1.0996642072794431,1.2979300622149892,-0.08889415816067947
2007-11-01,1.0921909750170973,1.2904073607144013,-0.7678822479804892
2007-11-02,1.0921909750170973,1.3049139165627888,-0.7678822479804892
2007-11-05,1.0921909750170973,1.2861949657906704,-0.7678822479804892
2007-11-06,1.0921909750170973,1.2728212026312324,-0.7678822479804892
2007-11-07,1.0921909750170973,1.2719083738587493,-0.7678822479804892
2007-11-08,1.0921909750170973,1.25351936896133,-0.7678822479804892
2007-11-12,1.0921909750170973,1.2355593366627222,-0.7678822479804892
2007-11-13,1.0921909750170973,1.2527824683603173,-0.7678822479804892
2007-11-14,1.0921909750170973,1.3061237181033525,-0.7678822479804892
2007-11-15,1.0921909750170973,1.300448692020229,-0.7678822479804892
2007-11-16,1.0921909750170973,1.2992938814587818,-0.7678822479804892
2007-11-19,1.0921909750170973,1.2994698096302524,-0.7678822479804892
2007-11-20,1.0921909750170973,1.271589383218171,-0.7678822479804892
2007-11-21,1.0499441164903405,1.2232302947022422,-4.606263388160137
2007-11-22,1.0420710774789066,1.2140578638281585,-5.32157632529241
2007-11-23,1.0589217649727996,1.2336896433727602,-3.7905900382373625
2007-11-26,1.082163459942807,1.2607672229705915,-1.6789422909336493
2007-11-27,1.075829056557429,1.2533873691305992,-2.254460929161517
2007-11-28,1.0606114984892756,1.2356582559825784,-3.637067587391374
2007-11-29,1.063830648724522,1.2394087052008795,-3.344588430803941
2007-11-30,1.0880257630860615,1.2675970596151622,-1.146316798582958
2007-12-03,1.1073308924558154,1.2900883700738235,0.0
2007-12-04,1.1049680385800607,1.288625631510175,-0.21338281916026824
2007-12-05,1.1049680385800607,1.306585663808783,-0.21338281916026824
2007-12-06,1.1049680385800607,1.3098191763425375,-0.21338281916026824
2007-12-07,1.1049680385800607,1.3141303831818687,-0.21338281916026824
2007-12-10,1.1049680385800607,1.3111169419688364,-0.21338281916026824
2007-12-11,1.1049680385800607,1.3411749896730814,-0.21338281916026824
2007-12-12,1.1049680385800607,1.354823707728102,-0.21338281916026824
2007-12-13,1.1049680385800607,1.3325634238242838,-0.21338281916026824
2007-12-14,1.1049680385800607,1.3302758205738874,-0.21338281916026824
2007-12-17,1.1049680385800607,1.270731545424805,-0.21338281916026824
2007-12-18,1.097111877169893,1.263098754561728,-0.9228510967718928
2007-12-19,1.0988027584514413,1.2650454567033045,-0.7701522699742114
2007-12-20,1.1017355162361606,1.2684219243019108,-0.5053030000134351
2007-12-24,1.1435007969854163,1.316506057922257,0.0
2007-12-26,1.159864889480737,1.3353459458867292,0.0
2007-12-27,1.161918762159058,1.3377105579887398,0.0
2007-12-28,1.1615748952126421,1.3373146659008033,-0.029594749445049917
2007-12-31,1.172828188252606,1.3502705190998068,0.0
2008-01-01,1.1739267713131032,1.3515353116194868,0.0
2008-01-02,1.1794493874467342,1.359245003929922,0.0
2008-01-03,1.1794493874467342,1.3590580131200747,0.0
2008-01-04,1.1794493874467342,1.380119558121706,0.0
2008-01-07,1.1794493874467342,1.381175449363297,0.0
2008-01-08,1.1794493874467342,1.3831001336323756,0.0
2008-01-09,1.1794493874467342,1.3796136840755362,0.0
2008-01-10,1.1794493874467342,1.354306878447811,0.0
2008-01-11,1.1794493874467342,1.363798299962473,0.0
2008-01-14,1.1794493874467342,1.3652719937602422,0.0
2008-01-15,1.1794493874467342,1.3361158195943599,0.0
2008-01-16,1.1531349284422239,1.3056508171638015,-2.231079967023919
2008-01-17,1.1487541901337193,1.3006906738091928,-2.6025022896034367
2008-01-18,1.1083654941700298,1.2549600896524806,-6.026871015685242
2008-01-21,1.011910708848619,1.1457480051270497,-14.204821366756748
2008-01-22,0.9517843119564203,1.077669172980784,-19.30265748691108
2008-01-23,1.0108616727533057,1.1445602214589836,-14.293764233358608
2008-01-24,0.9778456354781075,1.1071774182981193,-17.09303969414554
2008-01-25,1.0458204994550442,1.1841427711887653,-11.329768739035861
2008-01-28,1.024596561295197,1.160111713314841,-13.129247240253505
2008-01-29,1.0248735131798548,1.1615854071126104,-13.105765784617896
2008-01-30,1.0248735131798548,1.1366855562111986,-13.105765784617896
2008-01-31,1.0169531110112442,1.1300536656105962,-13.777299659060493
2008-02-01,1.0525443019298444,1.1696031348295028,-10.759688958897451
2008-02-04,1.0814943426759518,1.2017728576126736,-8.305150336534151
2008-02-05,1.0855324828747086,1.2062601000277313,-7.9627753061397915
2008-02-06,1.0535933929496704,1.1707689006250708,-10.670741435502906
2008-02-07,1.0161216865638016,1.1291297741997357,-13.847792251306645
2008-02-08,1.0135681638392042,1.126292261158174,-14.064293506195192
2008-02-11,0.9614382762655987,1.0683647422759688,-18.484142982437323
2008-02-12,0.9577267325802004,1.064240418842229,-18.798827421201846
2008-02-13,0.9748219929953111,1.084301170985642,-17.3494002056671
2008-02-14,0.9748219929953111,1.1442522934567818,-17.3494002056671
2008-02-15,0.9748219929953111,1.1664466311473627,-17.3494002056671
2008-02-18,0.9748219929953111,1.1607275693192434,-17.3494002056671
2008-02-19,0.9748219929953111,1.16158540711261,-17.3494002056671
2008-02-20,0.9748219929953111,1.13379305219052,-17.3494002056671
2008-02-21,0.980444388904997,1.142008618547125,-16.87270353944922
2008-02-22,0.9651385548557027,1.124180586079248,-18.170413658441976
2008-02-25,0.9821251813807518,1.1439663833270783,-16.730197002615675
2008-02-26,0.9952214944017359,1.1592207950105993,-15.619821842784953
2008-02-27,0.9949099189257882,1.1588578760292814,-15.646238870871443
2008-02-28,0.9980636639475001,1.162531316395968,-15.37884757326442
2008-02-29,0.9864308059069145,1.1489815176608036,-16.365143226507193
2008-03-03,0.9353482878638744,1.089481278256717,-20.69619113638175
2008-03-04,0.9185883119809914,1.0699594806703483,-22.117191143780524
2008-03-05,0.9284621854717189,1.082530397015536,-21.28003156781073
2008-03-07,0.9284621854717189,1.0495798452906129,-21.28003156781073
2008-03-10,0.9338821353749334,1.0559147631231347,-20.820499352109
2008-03-11,0.9466246737282886,1.070322399651666,-19.740119092559226
2008-03-12,0.9478114024052959,1.0716642010229604,-19.63950191562581
2008-03-13,0.8994870469459839,1.0170251856536263,-23.736698113584275
2008-03-14,0.9232600920393348,1.0439047118032332,-21.721092751762473
2008-03-17,0.8760446672272159,0.9905195337194583,-25.72426790405371
2008-03-18,0.8818614710802969,0.9970964333409441,-25.231088297112436
2008-03-19,0.8898280273298682,1.0061039986819342,-24.555641233901248
2008-03-24,0.8968120866046307,1.014000681802217,-23.96349549631419
2008-03-25,0.9479845744552328,1.0728740025635242,-19.62481946703751
2008-03-26,0.9479845744552328,1.0621727795082985,-19.62481946703751
2008-03-27,0.9479845744552328,1.0624807075104998,-19.62481946703751
2008-03-28,0.9479845744552328,1.0870616751755893,-19.62481946703751
2008-03-31,0.9479845744552328,1.0414191625088682,-19.62481946703751
2008-04-01,0.9478172741247558,1.0425299373253198,-19.63900407998128
2008-04-02,0.9507470657461703,1.0457524946249535,-19.3906007442725
2008-04-03,0.954226705941781,1.0495798452906129,-19.095578318329874
2008-04-04,0.9293091230946878,1.0221723198180825,-21.208223685931003
2008-04-07,0.9521469288539092,1.0472922420402164,-19.271912895294996
2008-04-08,0.941837878379611,1.035953037703834,-20.145969093383766
2008-04-09,0.9493171274544758,1.0441796666988157,-19.51183852750541
2008-04-10,0.9465074412754803,1.041089216634169,-19.75005868420734
2008-04-11,0.955466526106329,1.0509435571301489,-18.990459762354206
2008-04-15,0.9748790873271646,1.073346903503075,-17.34455944416762
2008-04-16,0.9748790873271646,1.0750296059831896,-17.34455944416762
2008-04-17,0.9748790873271646,1.0906690619247823,-17.34455944416762
2008-04-21,0.9748790873271646,1.1079582472398708,-17.34455944416762
2008-04-22,0.9748790873271646,1.1106637604507017,-17.34455944416762
2008-04-23,0.9748790873271646,1.1048347166643493,-17.34455944416762
2008-04-24,0.9748790873271646,1.0997866092240054,-17.34455944416762
2008-04-25,0.9748790873271646,1.1243895947615927,-17.34455944416762
2008-04-28,0.9748790873271646,1.119539325960961,-17.34455944416762
2008-04-29,0.9748790873271646,1.1428225279997515,-17.34455944416762
2008-04-30,0.9748790873271646,1.136311574591503,-17.34455944416762
2008-05-02,0.9748790873271646,1.1500153910298963,-17.34455944416762
2008-05-05,0.9748790873271646,1.1421076452712366,-17.34455944416762
2008-05-06,0.9748790873271646,1.1316373413665979,-17.34455944416762
2008-05-07,0.9748790873271646,1.1296246930117841,-17.34455944416762
2008-05-08,0.9748790873271646,1.1177906772676092,-17.34455944416762
2008-05-09,0.9748790873271646,1.095992231664965,-17.34455944416762
2008-05-12,0.9748790873271646,1.1026021043930698,-17.34455944416762
2008-05-13,0.9748790873271646,1.0905370620940515,-17.34455944416762
2008-05-14,0.9748790873271646,1.1024041583491013,-17.34455944416762
2008-05-15,0.9748790873271646,1.125170423703345,-17.34455944416762
2008-05-16,0.9748790873271646,1.1345079349190346,-17.34455944416762
2008-05-20,0.9748790873271646,1.1229048383254465,-17.34455944416762
2008-05-21,0.9748790873271646,1.1256983156220126,-17.34455944416762
2008-05-22,0.9748790873271646,1.1054177069663895,-17.34455944416762
2008-05-23,0.9748790873271646,1.0880624680338074,-17.34455944416762
2008-05-26,0.9748790873271646,1.0723350480064795,-17.34455944416762
2008-05-27,0.9748790873271646,1.068980598280371,-17.34455944416762
2008-05-28,0.9748790873271646,1.0818595500320163,-17.34455944416762
2008-05-29,0.9748790873271646,1.063591482326951,-17.34455944416762
2008-05-30,0.9748790873271646,1.0712462910625258,-17.34455944416762
2008-06-02,0.9748790873271646,1.0425409999636965,-17.34455944416762
2008-06-03,0.9690908230604788,1.0373278121817469,-17.835319312992194
2008-06-04,0.9423149483421726,1.0086665568279132,-20.105520561412902
2008-06-05,0.9610868780178541,1.028760282077945,-18.513936397185315
2008-06-06,0.9509867500484599,1.01794896966023,-19.370279032731453
2008-06-09,0.9249198710010431,0.9900466327799069,-21.580367852553238
2008-06-10,0.9144087543155488,0.9787953925292597,-22.4715563000922
2008-06-11,0.9295742981430687,0.9950287940070135,-21.18574073319024
2008-06-12,0.9328108342823571,0.9984932256913549,-20.911329963746805
2008-06-13,0.9282385848157432,0.9935990285499836,-21.298989622166907
2008-06-16,0.9386947135990925,1.0057850080413557,-20.41246334179936
2008-06-17,0.9386947135990925,1.0234921033168787,-20.41246334179936
2008-06-18,0.9386947135990925,1.007962629333519,-20.41246334179936
2008-06-19,0.9386947135990925,0.9907724707425427,-20.41246334179936
2008-06-20,0.9386947135990925,0.9563040820705986,-20.41246334179936
2008-06-23,0.9194724895281915,0.9384540317302238,-22.042225862810383
2008-06-24,0.9032442642183777,0.921890791782027,-23.418141224888334
2008-06-25,0.9165091604872202,0.9354295278788146,-22.293472679546312
2008-06-26,0.9301297404264632,0.949331290361176,-21.13864737850234
2008-06-27,0.8915094391233889,0.909913713568744,-24.41308218800946
2008-06-30,0.8707984946320474,0.8887752134176262,-26.169066354161462
2008-07-01,0.8398074502112849,0.8571443914893718,-28.79665213703696
2008-07-02,0.8821776886725629,0.9003893189474631,-25.204277685683785
2008-07-03,0.8460573805522427,0.8635233450668893,-28.266749759921183
2008-07-04,0.8646615374224298,0.8833750885279571,-26.68939026758541
2008-07-07,0.8646615374224298,0.8864545833584829,-26.68939026758541
2008-07-08,0.8646615374224298,0.8773370897613877,-26.68939026758541
2008-07-09,0.8646615374224298,0.9144120186221787,-26.68939026758541
2008-07-10,0.8646615374224298,0.9155338560770072,-26.68939026758541
2008-07-11,0.8646615374224298,0.8906338977713395,-26.68939026758541
2008-07-14,0.862141234185699,0.8885882226077789,-26.903074997388586
2008-07-15,0.8240249631763439,0.8493026993482059,-30.134775434477202
2008-07-16,0.814549210632653,0.8395362692358331,-30.938180196440246
2008-07-17,0.8424001481827539,0.8682415603346625,-28.576829396098358
2008-07-18,0.8733563156275908,0.9001473371584995,-25.9522006689725
2008-07-21,0.8877086186945967,0.9149399105408463,-24.735335984505134
2008-07-22,0.9049100615019244,0.9326690236888673,-23.276906060304213
2008-07-23,0.9554258374303116,0.9847344182738453,-18.993909564986723
2008-07-24,0.9461955458667725,0.9752209788866855,-19.77650283789697
2008-07-25,0.9192765461799638,0.9484514346953118,-22.058838983331974
2008-07-28,0.9192765461799638,0.9529057040037507,-22.058838983331974
2008-07-29,0.9192765461799638,0.9216158368864444,-22.058838983331974
2008-07-30,0.9451928110279911,0.9488253089107505,-19.861520037401558
2008-07-31,0.9494438596028697,0.9530926948135982,-19.50109350107674
2008-08-01,0.9671049913394566,0.9708217005573629,-18.00368870146769
2008-08-04,0.9631170387186107,0.9668184217202331,-18.34180856174241
2008-08-05,0.986672632553436,0.9904645427403415,-16.34463987561352
2008-08-06,0.9898936588633805,0.9936979478698398,-16.071544112096483
2008-08-07,0.9912741904188437,0.99508378498613,-15.954495295067407
2008-08-08,0.992512207207828,0.9963265596333125,-15.849529638875548
2008-08-11,1.0124303577123366,1.016321258159232,-14.160762768800073
2008-08-12,0.9964847978709741,1.001330738732917,-15.512712247181792
2008-08-13,0.9964847978709741,0.9962275329092003,-15.512712247181792
2008-08-14,0.9964847978709741,0.9745941676481618,-15.512712247181792
2008-08-18,0.9870205675164507,0.9663124402698073,-16.31514009658799
2008-08-19,0.9814486030759759,0.9608573781031499,-16.787560914283006
2008-08-20,0.9921207964362709,0.9713056641352907,-15.882715528471403
2008-08-21,0.9624858224990807,0.94229244503426,-18.395326434255487
2008-08-22,0.9722817945562438,0.9518828932730343,-17.56477175667247
2008-08-25,0.9740567268791901,0.9536205867322656,-17.41428354227027
2008-08-26,0.9745397621111532,0.9540934876718165,-17.37332924299264
2008-08-27,0.9643394139774477,0.9441071473451056,-18.238169077772426
2008-08-28,0.946792059374386,0.92692794398825,-19.725927246102827
2008-08-29,0.9786482195382341,0.9590426757923041,-17.024992343520008
2008-09-01,0.9786482195382341,0.9565460638595623,-17.024992343520008
2008-09-02,0.9786482195382341,0.990717479763426,-17.024992343520008
2008-09-04,0.9786482195382341,0.9783445094622064,-17.024992343520008
2008-09-05,0.9786482195382341,0.9573489106738123,-17.024992343520008
2008-09-08,1.0055135436613565,0.9859442198144086,-14.747207098213266
2008-09-09,1.0024627456311208,0.9829527964738742,-15.005870001658417
2008-09-10,0.9871073250987848,0.9678962234300655,-16.307784326746777
2008-09-11,0.9624422167097135,0.9437111478529127,-18.399023565292328
2008-09-12,0.9485675044845988,0.9301064655428877,-19.575395554865416
2008-09-15,0.9136729340373027,0.8958910138940284,-22.533943061752147
2008-09-16,0.9141215936930489,0.8963309417269606,-22.495903306886746
2008-09-17,0.8991700325725138,0.8816703681753446,-23.76357628036653
2008-09-18,0.9058774725187109,0.8882472677968304,-23.1948838025386
2008-09-19,0.9514303243059291,0.933801816377816,-19.33267044501329
2008-09-22,0.9514303243059291,0.9289185744705656,-19.33267044501329
2008-09-23,0.9514303243059291,0.9077690653831989,-19.33267044501329
2008-09-24,0.958665472546214,0.9153248473946616,-18.719236047802955
2008-09-25,0.9469852017868405,0.9041726338681266,-19.709551603831933
2008-09-26,0.9181187322234424,0.8766111980966237,-22.157004616282773
2008-09-29,0.8869714747699343,0.8468720873308293,-24.797834971957087
2008-09-30,0.9033629328058581,0.8625224985065428,-23.408079870094856
2008-10-01,0.9101706496033536,0.8690224429785424,-22.830885386808653
2008-10-03,0.8796569349673888,0.8398882329830297,-25.418000608600465
2008-10-06,0.8299065565987455,0.7923870359625957,-29.636102622824467
2008-10-07,0.830885668225858,0.7933218826075769,-29.553088325006062
2008-10-08,0.8086409903287296,0.7728761936103481,-31.43911057690476
2008-10-10,0.8086409903287296,0.7214706370726403,-31.43911057690476
2008-10-13,0.8616445808251927,0.767828032467876,-26.945183914124847
2008-10-14,0.8685437484129109,0.7739760131926786,-26.360235745839855
2008-10-15,0.8240508278335867,0.7343275172496596,-30.13258249109887
2008-10-16,0.8069942159361463,0.7191280428431271,-31.578732879490225
2008-10-17,0.7588727585467795,0.6762460880684817,-35.65872629858385
2008-10-20,0.7708321473376942,0.68690332908084,-34.64474562945108
2008-10-21,0.7985028817589125,0.7115612518954157,-32.29867341001319
2008-10-22,0.7566017817958596,0.6742223770752911,-35.85127180117944
2008-10-23,0.7264872946353739,0.6473867792664239,-38.40453839159053
2008-10-24,0.6371082243667995,0.5683867601484663,-45.98257194011454
2008-10-27,0.6371082243667995,0.5552329072033665,-45.98257194011454
2008-10-29,0.63925889460301,0.5932536916453873,-45.80022666450535
2008-10-31,0.6839493132489607,0.6347278988355007,-42.01113498141955
2008-11-03,0.7214579683497,0.669537188616265,-38.830951456805764
2008-11-04,0.7447453324169837,0.6911486434090618,-36.85652471877538
2008-11-05,0.7098675814374849,0.6587809208797947,-39.81364618161341
2008-11-06,0.6856202686521267,0.6362786014848846,-41.86946248398553
2008-11-07,0.7046649707077286,0.6539527236537889,-40.25475122479112
2008-11-10,0.7462029916012805,0.6925014000144772,-36.73293661064535
2008-11-11,0.6965232584444427,0.6463969416423263,-40.9450489476049
2008-11-12,0.6744474059056862,0.6265562071175075,-42.81675728657367
2008-11-14,0.6744474059056862,0.618175614121425,-42.81675728657367
2008-11-17,0.6744474059056862,0.6157999930831652,-42.81675728657367
2008-11-18,0.6744474059056862,0.5901961609852315,-42.81675728657367
2008-11-19,0.6617685363091192,0.5796049198882388,-43.89173936986713
2008-11-20,0.6412122481410985,0.5616008518446353,-45.63461094933532
2008-11-21,0.6764479817111502,0.5924618000652582,-42.64713781610238
2008-11-24,0.680164948181849,0.5957172767693824,-42.33199360472207
2008-11-25,0.666540301846073,0.583784234301095,-43.487163676518925
2008-11-26,0.6912153525832156,0.6053956890938917,-41.39508147275781
2008-11-28,0.6919311419396919,0.6060226077366715,-41.33439303931637
2008-12-01,0.6737983838474013,0.5901411700061149,-42.87178483291797
2008-12-02,0.6674946672164304,0.584620107924092,-43.40624749812968
2008-12-03,0.6664881015246026,0.5843231351560115,-43.491589497756024
2008-12-04,0.6664881015246026,0.6132593991075559,-43.491589497756024
2008-12-05,0.6664881015246026,0.5970700333747979,-43.491589497756024
2008-12-08,0.6828355224405666,0.6123795434416914,-42.10556809743525
2008-12-10,0.7182159190325392,0.64410933839193,-39.10582966282858
2008-12-11,0.7162291969007415,0.6423276091877032,-39.27427454507135
2008-12-12,0.7165235704615323,0.6425916088491649,-39.24931598695738
2008-12-15,0.7312030266372985,0.6557564170283857,-38.004713519737976
2008-12-16,0.7460542206837621,0.6690752429108352,-36.74555020128364
2008-12-17,0.7246175260077028,0.6498504180925471,-38.5630673329399
2008-12-18,0.7507143769073148,0.6732545573236915,-36.35043733987965
2008-12-19,0.7548226725254468,0.6769389529244991,-36.002114159431386
2008-12-22,0.7446984951059201,0.6685363420559187,-36.860495835430505
2008-12-23,0.7446984951059201,0.6529958591363102,-36.860495835430505
2008-12-24,0.7312678207674684,0.6416017712250673,-37.99921992833342
2008-12-26,0.7163258004128281,0.6284919003228351,-39.26608398487311
2008-12-29,0.7326090538068145,0.6427785459568843,-37.885503048777466
2008-12-30,0.7469744412739598,0.655382489110819,-36.667528999187816
2008-12-31,0.7418725775966154,0.6509062019298821,-37.100092170752895
2009-01-02,0.7638343275554412,0.6701750624931658,-35.23805805614213
2009-01-05,0.7825619510794565,0.6866063563127598,-33.650230403396755
2009-01-06,0.7803933805238945,0.684703689916179,-33.83409336340528
2009-01-07,0.73215777323368,0.6423826001668198,-37.92376501897624
2009-01-09,0.719542240541949,0.6319563320071767,-38.99337706218914
2009-01-12,0.719542240541949,0.609981958233062,-38.99337706218914
2009-01-13,0.7110308858826021,0.6037899417632637,-39.7150150358009
2009-01-14,0.734434485627172,0.6236637030968294,-37.73073321805933
2009-01-15,0.708893868846635,0.6019752394524183,-39.89620272038594
2009-01-16,0.7326600886102695,0.6221569287881852,-37.88117604636446
2009-01-19,0.7372579131421989,0.6260612883054589,-37.4913479977118
2009-01-20,0.724409945633791,0.615151110270016,-38.580667102469754
2009-01-21,0.7009804173562919,0.5952553310639526,-40.56714727931051
2009-01-22,0.7029620529156559,0.5969380872461952,-40.39913366376624
2009-01-23,0.6938311619437963,0.5891843591907643,-41.17329922517503
2009-01-27,0.7171755471799479,0.6095970213792463,-39.19403792879271
2009-01-28,0.7171755471799479,0.6267871799702227,-39.19403792879271
2009-01-29,0.7171755471799479,0.6211670911640876,-39.19403792879271
2009-01-30,0.7171755471799479,0.6323522777972413,-39.19403792879271
2009-02-02,0.7171755471799479,0.6085631480101531,-39.19403792879271
2009-02-03,0.719147593069219,0.6123575255691938,-39.02683737654687
2009-02-04,0.7240945316209848,0.6165698667907968,-38.6074095821525
2009-02-05,0.718153084291407,0.6115106967120759,-39.11115712679617
2009-02-06,0.7344404123018249,0.6253794323856907,-37.73023072302089
2009-02-09,0.7542796294528091,0.6422726182085866,-36.048156243001685
2009-02-10,0.7580511821150395,0.6454841128698432,-35.72838392361501
2009-02-11,0.7557779200885171,0.6435484196645157,-35.921123184045975
2009-02-12,0.7473436733454194,0.636366619272748,-36.636223537894665
2009-02-13,0.7616289919295665,0.6485306345937503,-35.42503815459713
2009-02-16,0.735073706586428,0.6265672160537564,-37.67653666108457
2009-02-17,0.735073706586428,0.6094100305693987,-37.67653666108457
2009-02-18,0.7399414306895664,0.6106528052165812,-37.26382508948623
2009-02-19,0.7434597462519454,0.6135563718756365,-36.96552355999072
2009-02-20,0.7293599996783581,0.6019202484733016,-38.16097516000473
2009-02-24,0.72868032212326,0.6013593297458875,-38.21860184261885
2009-02-25,0.7363032524123487,0.6076503192376699,-37.57228921825174
2009-02-26,0.742473514272523,0.6127424624230094,-37.04914155919605
2009-02-27,0.7366097417646237,0.6079032562607547,-37.546303418815405
2009-03-02,0.712874841920971,0.5883155124611487,-39.55867462323257
2009-03-03,0.6989616569127706,0.5768333530599146,-40.73830854023511
2009-03-04,0.7043397088693633,0.5818485410957678,-40.282328655567476
2009-03-05,0.7043397088693633,0.5667810128178382,-40.282328655567476
2009-03-06,0.7154984814460301,0.5763384342478658,-39.33622849260726
2009-03-09,0.7026639376674919,0.5660001301739579,-40.42440946206135
2009-03-12,0.7147611912010227,0.5757445424138328,-39.39873988587726
2009-03-13,0.742560280208297,0.5981368798505099,-37.041785081105715
2009-03-16,0.7583986533818122,0.6108947870055451,-35.69892345922621
2009-03-17,0.7529917471370938,0.6065394907190903,-36.15734976409913
2009-03-18,0.7631638057700842,0.6147331466074535,-35.2949084638403
2009-03-19,0.7665635811606394,0.6174716866270311,-35.00665740137505
2009-03-20,0.7665363136219643,0.6174497224566613,-35.008969288511985
2009-03-23,0.8020478041363993,0.6466718965379091,-31.998116013043333
2009-03-24,0.8020478041363993,0.6464079505785754,-31.998116013043333
2009-03-25,0.8020478041363993,0.6564493355865308,-31.998116013043333
2009-03-26,0.8020478041363993,0.6779837815277132,-31.998116013043333
2009-03-27,0.8020478041363993,0.6837908074415677,-31.998116013043333
2009-03-30,0.8020478041363993,0.6550855163427385,-31.998116013043333
2009-03-31,0.811803618232479,0.6644999827079142,-31.170966141254507
2009-04-01,0.8223914075013802,0.6731665932379564,-30.27327698378913
2009-04-02,0.8628881941433862,0.7063151447089758,-26.839743754383385
2009-04-06,0.8751286135634411,0.7163345118444334,-25.801935811937227
2009-04-08,0.8983329448667903,0.7353283638100064,-23.83454903380834
2009-04-09,0.8980911189542395,0.7351304177660382,-23.85505232247206
2009-04-13,0.9089879152899107,0.7440499653191651,-22.931163900327856
2009-04-15,0.9362768476484673,0.7663872580745976,-20.617462892976324
2009-04-16,0.905467596566187,0.7411684165326077,-23.229635268509618
2009-04-17,0.9085660995184461,0.7444458574071018,-22.966927687731886
2009-04-20,0.9085660995184461,0.7428401637786015,-22.966927687731886
2009-04-21,0.9085660995184461,0.7402445788238756,-22.966927687731886
2009-04-22,0.9085660995184461,0.7325458417475612,-22.966927687731886
2009-04-23,0.9085660995184461,0.7530904500646461,-22.966927687731886
2009-04-24,0.9085660995184461,0.7656394022394643,-22.966927687731886
2009-04-27,0.9085660995184461,0.7632747901374534,-22.966927687731886
2009-04-28,0.9085660995184461,0.7395956960107263,-22.966927687731886
2009-04-29,0.9352245581802192,0.764143636867069,-20.70668159786081
2009-05-04,0.9836959609731142,0.8037481507672204,-16.597017943888716
2009-05-05,0.9858226993495862,0.8054858442264515,-16.416701738792717
2009-05-06,0.9759023238526593,0.7973802061259517,-17.257804002485642
2009-05-07,0.9917453351299389,0.8103250503887064,-15.914549137469647
2009-05-08,0.9747312309423442,0.796423341608473,-17.357095495853603
2009-05-11,0.956936441964721,0.7818837589513389,-18.865832468123788
2009-05-12,0.9909915977017487,0.8097091943843038,-15.978455010516212
2009-05-13,0.9786482600239502,0.7996238273334808,-17.024988910925398
2009-05-14,0.9664165906362018,0.7904293248847712,-18.062054979036002
2009-05-15,0.9664165906362018,0.8076304924119966,-18.062054979036002
2009-05-18,0.9664165906362018,0.950936983989677,-18.062054979036002
2009-05-19,0.9664165906362018,0.9499032180248399,-18.062054979036002
2009-05-20,0.9664165906362018,0.9393118695235911,-18.062054979036002
2009-05-21,0.9664165906362018,0.9262460343663544,-18.062054979036002
2009-05-22,0.9664165906362018,0.9323170599416708,-18.062054979036002
2009-05-25,0.9664165906362018,0.9321080512593256,-18.062054979036002
2009-05-26,0.9664165906362018,0.9055254978777992,-18.062054979036002
2009-05-27,1.0027121275202269,0.9405766620432715,-14.984726077064426
2009-05-28,1.0170281135223829,0.9540055235860821,-13.770940546754618
2009-05-29,1.0432563976881328,0.9786085091236695,-11.547166941468445
2009-06-01,1.0622386959930927,0.9964145237190486,-9.937746604572716
2009-06-02,1.061148317329413,0.9953917129883323,-10.030194714282636
2009-06-03,1.0624263606607154,0.9965905592947751,-9.921835394679345
2009-06-04,1.0722633555292138,1.0058179811479753,-9.087802584692184
2009-06-05,1.075604908707921,1.0089524669576175,-8.804487911398661
2009-06-08,1.038789200002166,0.9744181320724359,-11.92591975049211
2009-06-09,1.066136094398876,1.0010448286032139,-9.607304412880168
2009-06-10,1.066136094398876,1.0239870221289284,-9.607304412880168
2009-06-11,1.066136094398876,1.0201266983566504,-9.607304412880168
2009-06-12,1.066136094398876,1.0081825932499862,-9.607304412880168
2009-06-15,1.066136094398876,0.9863182014341045,-9.607304412880168
2009-06-16,1.074521576106685,0.9937529388489572,-8.896338618412136
2009-06-17,1.036074474563213,0.9581957932330594,-12.156088629957951
2009-06-18,1.0111605474386887,0.9351545729832328,-14.268424045931837
2009-06-19,1.0259543530057227,0.9488363715491281,-13.014126428374917
2009-06-22,1.0073194258152005,0.931602177213156,-14.594094792330148
2009-06-23,1.0101140668053021,0.9341867532316329,-14.357150246862926
2009-06-24,1.021042943343472,0.9442941381549539,-13.430541894313897
2009-06-25,1.0088892048321223,0.9330539605426837,-14.46100056771742
2009-06-26,1.0406767363566283,0.9624521164975303,-11.765884366646729
2009-06-29,1.0433107616734965,0.9658506019686343,-11.542557673284303
2009-06-30,1.0433107616734965,0.9438871834286404,-11.542557673284303
2009-07-01,1.0540804665934802,0.954841343506951,-10.62944473816312
2009-07-02,1.056010975421842,0.9565900996045592,-10.465765919138835
2009-07-03,1.0743199818563585,0.9731753574252539,-8.913430852506465
2009-07-06,1.0115375392998032,0.9163037297846396,-14.23646066834845
2009-07-07,1.0203884515666242,0.9243213500972762,-13.486033192525904
2009-07-08,0.9904602292094346,0.8972107973928264,-16.02350726099595
2009-07-09,0.9909580329998704,0.8976617341620075,-15.981300804683862
2009-07-10,0.9722483291949175,0.8807135036578669,-17.567609128219097
2009-07-13,0.9650000285592569,0.8741476129726299,-18.18215865554995
2009-07-14,0.9973870525204992,0.9043596246779754,-15.436214293210382
2009-07-15,0.9973870525204992,0.9312172403593404,-15.436214293210382
2009-07-16,0.9973870525204992,0.9307552946539103,-15.436214293210382
2009-07-17,0.9973870525204992,0.9623311793051762,-15.436214293210382
2009-07-20,0.9973870525204992,0.9903325429096115,-15.436214293210382
2009-07-21,0.9973870525204992,0.9830407605596106,-15.436214293210382
2009-07-22,0.9973870525204992,0.9675992506619863,-15.436214293210382
2009-07-23,0.9973870525204992,0.9950617671136331,-15.436214293210382
2009-07-24,0.9973870525204992,1.0049161076096131,-15.436214293210382
2009-07-27,0.9973870525204992,1.0057409722963613,-15.436214293210382
2009-07-28,0.9973870525204992,1.0039373326238927,-15.436214293210382
2009-07-29,0.9973870525204992,0.9928071369698556,-15.436214293210382
2009-07-30,0.9973870525204992,1.00555408889077,-15.436214293210382
2009-07-31,0.9973870525204992,1.0198517434610679,-15.436214293210382
2009-08-03,0.9973870525204992,1.0363379745576504,-15.436214293210382
2009-08-04,0.9973870525204992,1.0295411110196984,-15.436214293210382
2009-08-05,0.9973870525204992,1.0325435969986099,-15.436214293210382
2009-08-06,0.9973870525204992,1.0086445389554166,-15.436214293210382
2009-08-07,0.9723884303262321,0.9857462737704418,-17.55573060822445
2009-08-10,0.9628954159213977,0.9761228524250488,-18.360598922699978
2009-08-11,0.9702077916824787,0.9835356793716596,-17.74061676501614
2009-08-12,0.9672025533611268,0.9804891576477526,-17.99541687372259
2009-08-13,0.9992075733545684,1.012933835326506,-15.281860842062267
2009-08-14,0.9937938004744543,1.0074456926489739,-15.740869336850993
2009-08-17,0.952100502398186,0.9651796475808592,-19.275849177446425
2009-08-18,0.9675063086323172,0.980797085649954,-17.969662884240435
2009-08-19,0.9534458405333711,0.9665434668246516,-19.161784246004345
2009-08-20,0.9653703679952174,0.9795983467477674,-18.150759305997354
2009-08-21,0.9653703679952174,0.996172541930085,-18.150759305997354
2009-08-24,0.9653703679952174,1.0212484284072234,-18.150759305997354
2009-08-25,0.9653703679952174,1.0248888956672915,-18.150759305997354
2009-08-26,0.9653703679952174,1.029618119871313,-18.150759305997354
2009-08-27,0.9653703679952174,1.0312348761381904,-18.150759305997354
2009-08-28,0.9653703679952174,1.0409462615693188,-18.150759305997354
2009-08-31,0.9653703679952174,1.0254937964375734,-18.150759305997354
2009-09-01,0.9653703679952174,1.0174101225074434,-18.150759305997354
2009-09-02,0.9653703679952174,1.0136707359275194,-18.150759305997354
2009-09-03,0.9653703679952174,1.0104152055212672,-18.150759305997354
2009-09-04,0.9653703679952174,1.0295190931472014,-18.150759305997354
2009-09-07,0.9653703679952174,1.0520653945849792,-18.150759305997354
2009-09-08,0.9653703679952174,1.0569816095988485,-18.150759305997354
2009-09-09,0.9653703679952174,1.0589612848470435,-18.150759305997354
2009-09-10,0.9653703679952174,1.060094077535993,-18.150759305997354
2009-09-11,0.9653703679952174,1.062326689807273,-18.150759305997354
2009-09-14,0.9653703679952174,1.0577185101998612,-18.150759305997354
2009-09-15,0.9653703679952174,1.0760854972247826,-18.150759305997354
2009-09-16,0.9653703679952174,1.0906690619247843,-18.150759305997354
2009-09-17,0.9653703679952174,1.092241782446666,-18.150759305997354
2009-09-18,0.9653703679952174,1.0945514035695603,-18.150759305997354
2009-09-22,0.9653703679952174,1.1042628964049446,-18.150759305997354
2009-09-23,0.9653703679952174,1.0932097096025217,-18.150759305997354
2009-09-24,0.9653703679952174,1.0968610246924544,-18.150759305997354
2009-09-25,0.9653703679952174,1.090790106521394,-18.150759305997354
2009-09-29,0.9653703679952174,1.1013263566392701,-18.150759305997354
2009-09-30,0.9653703679952174,1.1182855960796596,-18.150759305997354
2009-10-01,0.9653703679952174,1.1181645514830496,-18.150759305997354
2009-10-05,0.9653703679952174,1.1005235098250201,-18.150759305997354
2009-10-06,0.9653703679952174,1.1058465721609467,-18.150759305997354
2009-10-07,0.9653703679952174,1.0966850965209838,-18.150759305997354
2009-10-08,0.9653703679952174,1.1003145011426747,-18.150759305997354
2009-10-09,0.9653703679952174,1.0877656026699847,-18.150759305997354
2009-10-12,0.9653703679952174,1.1117526247989131,-18.150759305997354
2009-10-14,0.9653703679952174,1.1258193602186244,-18.150759305997354
2009-10-15,0.9653703679952174,1.1237626761188149,-18.150759305997354
2009-10-16,0.9653703679952174,1.1310874315754342,-18.150759305997354
2009-10-20,0.9653703679952174,1.1249944955318762,-18.150759305997354
2009-10-21,0.9653703679952174,1.1138093088987226,-18.150759305997354
2009-10-22,0.9653703679952174,1.0973120151637632,-18.150759305997354
2009-10-23,0.9653703679952174,1.0991706458153483,-18.150759305997354
2009-10-26,0.9653703679952174,1.0934186108806103,-18.150759305997354
2009-10-27,0.9653703679952174,1.066099156898071,-18.150759305997354
2009-10-28,0.9603415995344995,1.0615788339721386,-18.577125075842215
2009-10-29,0.9452981549301557,1.0449495404064484,-19.852588420387242
2009-10-30,0.9375675836127668,1.0364040281751443,-20.508027424355348
2009-11-03,0.9081572311302742,1.0038932968788974,-23.001593727031544
2009-11-04,0.937388417488524,1.03620597472692,-20.52321808248361
2009-11-05,0.9482829615119036,1.0482489991534403,-19.599520623369727
2009-11-06,0.9543719863710037,1.0549799164781548,-19.083260669877223
2009-11-09,0.9747184179032518,1.077471226936816,-17.358181853541254
2009-11-10,0.9713953915392427,1.0737978939743855,-17.63992572482366
2009-11-11,0.9947501697889485,1.1006884827623693,-15.6597832534062
2009-11-12,0.9947501697889485,1.0894042694051034,-15.6597832534062
2009-11-13,0.9947501697889485,1.0995886631800385,-15.6597832534062
2009-11-16,0.9947501697889485,1.1125884447197816,-15.6597832534062
2009-11-17,0.9947501697889485,1.1135123361306418,-15.6597832534062
2009-11-18,0.9947501697889485,1.111851651523025,-15.6597832534062
2009-11-19,0.9947501697889485,1.0973999792494982,-15.6597832534062
2009-11-20,0.9947501697889485,1.1113567327109761,-15.6597832534062
2009-11-23,0.9947501697889485,1.1225968029189903,-15.6597832534062
2009-11-24,0.9947501697889485,1.1197372720049306,-15.6597832534062
2009-11-25,0.9947501697889485,1.1236086584155855,-15.6597832534062
2009-11-26,0.9947501697889485,1.1010403391053099,-15.6597832534062
2009-11-27,0.981174627435728,1.0870066841964736,-16.810790028068123
2009-11-30,0.9992326077060673,1.1070124453607701,-15.279738296426547
2009-12-01,1.0169629062024181,1.1266551801394928,-13.776469170590355
2009-12-02,1.0172110912146697,1.1269301350350756,-13.755426723589824
2009-12-03,1.018888860676399,1.1287888730909166,-13.613176493983836
2009-12-04,1.0143619078845665,1.1237736313529352,-13.99699565909719
2009-12-07,1.0059832400393125,1.1144912185206184,-14.707383738011881
2009-12-08,1.0221152658356705,1.132363286733491,-13.339624682976847
2009-12-09,1.0149774261044044,1.1244555409748314,-13.944808746594695
2009-12-10,1.0184595417108462,1.1294377022019377,-13.6495764421395
2009-12-11,1.0184595417108462,1.1256213067703993,-13.6495764421395
2009-12-14,1.0184595417108462,1.123069811262797,-13.6495764421395
2009-12-15,1.0184595417108462,1.1070893468081282,-13.6495764421395
2009-12-16,1.0184595417108462,1.1090690220563233,-13.6495764421395
2009-12-17,1.0184595417108462,1.1090030758430858,-13.6495764421395
2009-12-18,1.0184595417108462,1.0971140691197943,-13.6495764421395
2009-12-21,1.0184595417108462,1.089393314170982,-13.6495764421395
2009-12-22,1.0184595417108462,1.0967071143934806,-13.6495764421395
2009-12-23,1.0184595417108462,1.1316263861324778,-13.6495764421395
2009-12-24,1.0184595417108462,1.1390611235473305,-13.6495764421395
2009-12-29,1.0184595417108462,1.1411618433921356,-13.6495764421395
2009-12-30,1.0184595417108462,1.1370925109375123,-13.6495764421395
2009-12-31,1.0184595417108462,1.144043284774437,-13.6495764421395
2010-01-04,1.0184595417108462,1.1508952466957616,-13.6495764421395
2010-01-05,1.0184595417108462,1.16094753323571,-13.6495764421395
2010-01-06,1.0184595417108462,1.1618053710290768,-13.6495764421395
2010-01-07,1.0184595417108462,1.1576921102337139,-13.6495764421395
2010-01-08,1.0184595417108462,1.1536557508857093,-13.6495764421395
2010-01-11,1.0184595417108462,1.1546785616164255,-13.6495764421395
2010-01-12,1.0184595417108462,1.1460999688742466,-13.6495764421395
2010-01-13,1.0184595417108462,1.1512801835495774,-13.6495764421395
2010-01-14,1.0184595417108462,1.1569881827393198,-13.6495764421395
2010-01-15,1.0184595417108462,1.1552945250250843,-13.6495764421395
2010-01-18,1.0184595417108462,1.160276686252191,-13.6495764421395
2010-01-19,1.0184595417108462,1.1494544186003552,-13.6495764421395
2010-01-20,1.0184595417108462,1.1485856255728677,-13.6495764421395
2010-01-21,1.0184595417108462,1.1205291635850598,-13.6495764421395
2010-01-22,1.005815330271984,1.107738283323406,-14.721620022257353
2010-01-25,1.0002030369827077,1.1015572757898566,-15.19746013451735
2010-01-27,0.9692856389132485,1.0675069044826029,-17.818801787539783
2010-01-28,0.9721117288058607,1.0706193724197473,-17.57919083664259
2010-01-29,0.9750676204737952,1.0738747954217434,-17.328574599999037
2010-02-01,0.9785928455484406,1.0777572444707753,-17.029687245258295
2010-02-02,0.9646919628615693,1.0624477344038816,-18.2082781059449
2010-02-03,0.9850139862641061,1.08482906290431,-16.485268740826676
2010-02-04,0.9677377698088784,1.0658021841299903,-17.950038373089328
2010-02-05,0.9414648297368917,1.0379327129520297,-20.177598143912746
2010-02-08,0.9414648297368917,1.0471162064644903,-20.177598143912746
2010-02-09,0.9414648297368917,1.0542100427705228,-20.177598143912746
2010-02-10,0.9414648297368917,1.0464123863743524,-20.177598143912746
2010-02-11,0.9414648297368917,1.0617328516753668,-20.177598143912746
2010-02-15,0.9414648297368917,1.0562557716362115,-20.177598143912746
2010-02-16,0.9414648297368917,1.0680897873803865,-20.177598143912746
2010-02-17,0.9414648297368917,1.0809026855145383,-20.177598143912746
2010-02-18,0.9414648297368917,1.0751286327073024,-20.177598143912746
2010-02-19,0.9414648297368917,1.0657031574058777,-20.177598143912746
2010-02-22,0.9414648297368917,1.068232742445238,-20.177598143912746
2010-02-23,0.9414648297368917,1.0712352284241495,-20.177598143912746
2010-02-24,0.9414648297368917,1.0687167060231662,-20.177598143912746
2010-02-25,0.9414648297368917,1.068969643046251,-20.177598143912746
2010-02-26,0.9414648297368917,1.0827283430595045,-20.177598143912746
2010-03-02,0.9414648297368917,1.103558968910549,-20.177598143912746
2010-03-03,0.9414648297368917,1.1191984248521416,-20.177598143912746
2010-03-04,0.9414648297368917,1.1174716866270313,-20.177598143912746
2010-03-05,0.9414648297368917,1.1193304246828726,-20.177598143912746
2010-03-08,0.9414648297368917,1.1270951079724243,-20.177598143912746
2010-03-09,0.9414648297368917,1.1221459198519366,-20.177598143912746
2010-03-10,0.9414648297368917,1.125390387619812,-20.177598143912746
2010-03-11,0.9414648297368917,1.1291627473063548,-20.177598143912746
2010-03-12,0.9414648297368917,1.129954638886484,-20.177598143912746
2010-03-15,0.9414648297368917,1.1281729096822573,-20.177598143912746
2010-03-16,0.9414648297368917,1.1433944556634155,-20.177598143912746
2010-03-17,0.9414648297368917,1.150829193078268,-20.177598143912746
2010-03-18,0.9414648297368917,1.1539086879087939,-20.177598143912746
2010-03-19,0.9414648297368917,1.1576260566162202,-20.177598143912746
2010-03-22,0.9414648297368917,1.1449562209511763,-20.177598143912746
2010-03-23,0.9414648297368917,1.1493774097487406,-20.177598143912746
2010-03-25,0.9414648297368917,1.1570981646975529,-20.177598143912746
2010-03-26,0.9414648297368917,1.1618494067740723,-20.177598143912746
2010-03-29,0.9414648297368917,1.1664356759132422,-20.177598143912746
2010-03-30,0.9414648297368917,1.157549155168862,-20.177598143912746
2010-03-31,0.9414648297368917,1.154612615403188,-20.177598143912746
2010-04-01,0.9414648297368917,1.1637191000640343,-20.177598143912746
2010-04-05,0.9414648297368917,1.1808542676758942,-20.177598143912746
2010-04-06,0.9414648297368917,1.1803263757572267,-20.177598143912746
2010-04-07,0.9414648297368917,1.1822290421538075,-20.177598143912746
2010-04-08,0.9414648297368917,1.1667876396604393,-20.177598143912746
2010-04-09,0.9414648297368917,1.1793915291122459,-20.177598143912746
2010-04-12,0.9414648297368917,1.1745413677158703,-20.177598143912746
2010-04-13,0.9414648297368917,1.1708569721150628,-20.177598143912746
2010-04-15,0.9414648297368917,1.1600017313566084,-20.177598143912746
2010-04-16,0.9414648297368917,1.157582128275481,-20.177598143912746
2010-04-19,0.9414648297368917,1.1446152124381004,-20.177598143912746
2010-04-20,0.9414648297368917,1.1504333009903318,-20.177598143912746
2010-04-21,0.9414648297368917,1.153688723992328,-20.177598143912746
2010-04-22,0.9414648297368917,1.1590668847116272,-20.177598143912746
2010-04-23,0.9414648297368917,1.166710630808825,-20.177598143912746
2010-04-26,0.9414648297368917,1.1707469901568297,-20.177598143912746
2010-04-27,0.9414648297368917,1.167645477453806,-20.177598143912746
2010-04-28,0.9414648297368917,1.1472108510949544,-20.177598143912746
2010-04-29,0.9414648297368917,1.1557233902196398,-20.177598143912746
2010-04-30,0.9414648297368917,1.160969551108208,-20.177598143912746
2010-05-03,0.9414648297368917,1.1488165447234546,-20.177598143912746
2010-05-04,0.9414648297368917,1.1324842239258448,-20.177598143912746
2010-05-05,0.9414648297368917,1.127293054016393,-20.177598143912746
2010-05-06,0.9414648297368917,1.1198033256224238,-20.177598143912746
2010-05-07,0.9414648297368917,1.1037898880611363,-20.177598143912746
2010-05-10,0.9414648297368917,1.1424046180393181,-20.177598143912746
2010-05-11,0.9414648297368917,1.1297676480766368,-20.177598143912746
2010-05-12,0.9414648297368917,1.1342769083641921,-20.177598143912746
2010-05-13,0.9414648297368917,1.1391711055055636,-20.177598143912746
2010-05-14,0.9414648297368917,1.1203862085202076,-20.177598143912746
2010-05-17,0.9414648297368917,1.1129953994460946,-20.177598143912746
2010-05-18,0.9414648297368917,1.1143812365623849,-20.177598143912746
2010-05-19,0.9414648297368917,1.0821454601617206,-20.177598143912746
2010-05-20,0.9449780909032778,1.0882934945886513,-19.87972515302574
2010-05-21,0.9418361485767838,1.0846750452010812,-20.146115755279194
2010-05-24,0.9442809695352,1.0874906477744013,-19.938830814997964
2010-05-25,0.9180761073638656,1.0573115554735466,-22.16061857886824
2010-05-26,0.939209936172092,1.0816505413496722,-20.368780028341128
2010-05-27,0.955578439154944,1.1005014919525218,-18.980971178121074
2010-05-28,0.9676971597134559,1.1144581380097436,-17.953481513240543
2010-05-31,0.9714693557129227,1.1188024253599496,-17.633654648297004
2010-06-01,0.9492946477623396,1.0932647005816374,-19.513744475516013
2010-06-02,0.9578283487092609,1.1041858875533292,-18.790211864642814
2010-06-03,0.9578283487092609,1.124125595100132,-18.790211864642814
2010-06-04,0.9578283487092609,1.1296246930117853,-18.790211864642814
2010-06-07,0.9578283487092609,1.1072983554904736,-18.790211864642814
2010-06-08,0.9578283487092609,1.0969820692890635,-18.790211864642814
2010-06-09,0.9578283487092609,1.0998855285438627,-18.790211864642814
2010-06-10,0.9578283487092609,1.117108767645714,-18.790211864642814
2010-06-11,0.9578283487092609,1.1260722972417088,-18.790211864642814
2010-06-14,0.9578283487092609,1.143306491577681,-18.790211864642814
2010-06-15,0.9578283487092609,1.1487285806377197,-18.790211864642814
2010-06-16,0.9578283487092609,1.1511481837188469,-18.790211864642814
2010-06-17,0.9578283487092609,1.160276686252191,-18.790211864642814
2010-06-18,0.9578283487092609,1.157582128275481,-18.790211864642814
2010-06-21,0.9578283487092609,1.1775327910564048,-18.790211864642814
2010-06-22,0.9578283487092609,1.1694491171262746,-18.790211864642814
2010-06-23,0.9578283487092609,1.1709009004558024,-18.790211864642814
2010-06-24,0.9578283487092609,1.1703400354305162,-18.790211864642814
2010-06-25,0.9578283487092609,1.159000831094134,-18.790211864642814
2010-06-28,0.9578283487092609,1.1731775484720781,-18.790211864642814
2010-06-29,0.9578283487092609,1.156163318052572,-18.790211864642814
2010-06-30,0.9578283487092609,1.1685583062262894,-18.790211864642814
2010-07-01,0.9578283487092609,1.155118489449358,-18.790211864642814
2010-07-02,0.9578283487092609,1.151973048405595,-18.790211864642814
2010-07-05,0.9578283487092609,1.1517090487441333,-18.790211864642814
2010-07-06,0.9578283487092609,1.1634001094234567,-18.790211864642814
2010-07-07,0.9578283487092609,1.1528529040714597,-18.790211864642814
2010-07-08,0.9578283487092609,1.1651158924144462,-18.790211864642814
2010-07-09,0.9578283487092609,1.177345907650814,-18.790211864642814
2010-07-12,0.9578283487092609,1.1840657623371516,-18.790211864642814
2010-07-13,0.9578283487092609,1.1879481039819275,-18.790211864642814
2010-07-14,0.9578283487092609,1.1847586271931687,-18.790211864642814
2010-07-15,0.9578283487092609,1.1831309156921705,-18.790211864642814
2010-07-16,0.9578283487092609,1.186463347545781,-18.790211864642814
2010-07-19,0.9578283487092609,1.1848246808106622,-18.790211864642814
2010-07-20,0.9578283487092609,1.1807663035901599,-18.790211864642814
2010-07-21,0.9578283487092609,1.187662193852224,-18.790211864642814
2010-07-22,0.9578283487092609,1.1970326781745322,-18.790211864642814
2010-07-23,0.9578283487092609,1.1986053986964138,-18.790211864642814
2010-07-26,0.9578283487092609,1.191896499244197,-18.790211864642814
2010-07-27,0.9578283487092609,1.1945360662417905,-18.790211864642814
2010-07-28,0.9578283487092609,1.1872661943600316,-18.790211864642814
2010-07-29,0.9578283487092609,1.1897628062927734,-18.790211864642814
2010-07-30,0.9578283487092609,1.180678339504425,-18.790211864642814
2010-08-02,0.9578283487092609,1.194766985392378,-18.790211864642814
2010-08-03,0.9578283487092609,1.1965046788516092,-18.790211864642814
2010-08-04,0.9578283487092609,1.2027297221301543,-18.790211864642814
2010-08-05,0.9578283487092609,1.1981654708634821,-18.790211864642814
2010-08-06,0.9578283487092609,1.1964387326383719,-18.790211864642814
2010-08-09,0.9578283487092609,1.2067550188397818,-18.790211864642814
2010-08-10,0.9578283487092609,1.2011570016082724,-18.790211864642814
2010-08-11,0.9578283487092609,1.1923364270771297,-18.790211864642814
2010-08-12,0.9578283487092609,1.1914235983046466,-18.790211864642814
2010-08-13,0.9578283487092609,1.1992652904458128,-18.790211864642814
2010-08-16,0.9578283487092609,1.1918304456267041,-18.790211864642814
2010-08-17,0.9578283487092609,1.1909176168542208,-18.790211864642814
2010-08-18,0.9578283487092609,1.205215271424519,-18.790211864642814
2010-08-19,0.9578283487092609,1.2186441329673297,-18.790211864642814
2010-08-20,0.9578283487092609,1.2165434131225246,-18.790211864642814
2010-08-23,0.9578283487092609,1.2193699709299655,-18.790211864642814
2010-08-24,0.9578283487092609,1.2109233780185176,-18.790211864642814
2010-08-25,0.9578283487092609,1.2015199205895908,-18.790211864642814
2010-08-26,0.9578283487092609,1.2049403165289367,-18.790211864642814
2010-08-27,0.9578283487092609,1.1897188779520347,-18.790211864642814
2010-08-30,0.9578283487092609,1.1912036343881809,-18.790211864642814
2010-08-31,0.9578283487092609,1.1883330408357442,-18.790211864642814
2010-09-01,0.9578283487092609,1.2036095777960192,-18.790211864642814
2010-09-02,0.9578283487092609,1.2067550188397824,-18.790211864642814
2010-09-03,0.9578283487092609,1.205270262403636,-18.790211864642814
2010-09-06,0.9578283487092609,1.2267278068974603,-18.790211864642814
2010-09-07,0.9578283487092609,1.2326777878761666,-18.790211864642814
2010-09-08,0.9578283487092609,1.2335246704354124,-18.790211864642814
2010-09-09,0.9578283487092609,1.240607444103068,-18.790211864642814
2010-09-13,0.9578283487092609,1.266992158844882,-18.790211864642814
2010-09-14,0.9578283487092609,1.2748118331135503,-18.790211864642814
2010-09-15,0.9578283487092609,1.2891975591738398,-18.790211864642814
2010-09-16,0.9578283487092609,1.2821037228678072,-18.790211864642814
2010-09-17,0.9578283487092609,1.2944766931690266,-18.790211864642814
2010-09-20,0.9578283487092609,1.3154832471915416,-18.790211864642814
2010-09-21,0.9578283487092609,1.321774129279068,-18.790211864642814
2010-09-22,0.9578283487092609,1.3178038235485567,-18.790211864642814
2010-09-23,0.9578283487092609,1.3108859154139947,-18.790211864642814
2010-09-24,0.9578283487092609,1.3238087955063793,-18.790211864642814
2010-09-27,0.9578283487092609,1.3276251909379178,-18.790211864642814
2010-09-28,0.9578283487092609,1.3262724343325023,-18.790211864642814
2010-09-29,0.9578283487092609,1.3178697697617938,-18.790211864642814
2010-09-30,0.9578283487092609,1.3263714610566144,-18.790211864642814
2010-10-01,0.9578283487092609,1.3513263029371425,-18.790211864642814
2010-10-04,0.9578283487092609,1.3548567882389775,-18.790211864642814
2010-10-05,0.9578283487092609,1.35185419485581,-18.790211864642814
2010-10-06,0.9578283487092609,1.360795813983563,-18.790211864642814
2010-10-07,0.9578283487092609,1.3462451149859238,-18.790211864642814
2010-10-08,0.9578283487092609,1.3425388089168744,-18.790211864642814
2010-10-11,0.9578283487092609,1.3496656183295255,-18.790211864642814
2010-10-12,0.9578283487092609,1.3397781973226708,-18.790211864642814
2010-10-13,0.9578283487092609,1.3712330373773265,-18.790211864642814
2010-10-14,0.9578283487092609,1.3587941208628695,-18.790211864642814
2010-10-15,0.9578283487092609,1.3335642166825026,-18.790211864642814
2010-10-18,0.9578283487092609,1.3364898012140556,-18.790211864642814
2010-10-19,0.9578283487092609,1.3257884707545737,-18.790211864642814
2010-10-20,0.9578283487092609,1.3158461661728587,-18.790211864642814
2010-10-21,0.9578283487092609,1.3421098363180628,-18.790211864642814
2010-10-22,0.9578283487092609,1.3343120725176363,-18.790211864642814
2010-10-25,0.9578283487092609,1.3430556381971648,-18.790211864642814
2010-10-26,0.9578283487092609,1.3378205399469734,-18.790211864642814
2010-10-27,0.9578283487092609,1.3225660208591965,-18.790211864642814
2010-10-28,0.9578283487092609,1.3170779855859203,-18.790211864642814
2010-10-29,0.9578283487092609,1.323676903079904,-18.790211864642814
2010-11-01,0.9578283487092609,1.3456402142156418,-18.790211864642814
2010-11-02,0.9578283487092609,1.3459592048562201,-18.790211864642814
2010-11-03,0.9578283487092609,1.3550877073895642,-18.790211864642814
2010-11-04,0.9578283487092609,1.3817692874952028,-18.790211864642814
2010-11-08,0.9578283487092609,1.3798776837369988,-18.790211864642814
2010-11-09,0.9578283487092609,1.3861135748454085,-18.790211864642814
2010-11-10,0.9578283487092609,1.380427593528164,-18.790211864642814
2010-11-11,0.9578283487092609,1.3625114895702957,-18.790211864642814
2010-11-12,0.9578283487092609,1.3355438919306974,-18.790211864642814
2010-11-15,0.9578283487092609,1.3465311325198828,-18.790211864642814
2010-11-16,0.9578283487092609,1.317297949502386,-18.790211864642814
2010-11-18,0.9447083352077458,1.319519499135289,-19.902596477425337
2010-11-19,0.9276214415444591,1.2956534141987144,-21.351314315184887
2010-11-22,0.9464721743442687,1.321983137961412,-19.753048802442752
2010-11-23,0.9346215868036021,1.305430853247336,-20.75780472217923
2010-11-24,0.9237552673310971,1.2902533430111733,-21.67910915356549
2010-11-25,0.9133613965313098,1.275735724524409,-22.560356870543664
2010-11-26,0.9058337451043863,1.2652214922790306,-23.198591245587032
2010-11-29,0.9181252539812123,1.2823896329975093,-22.156451666928678
2010-11-30,0.9232749752722114,1.289582496027654,-21.719830872021383
2010-12-01,0.9378164740463296,1.311182888182074,-20.486925167979464
2010-12-02,0.9378164740463296,1.3223571195811068,-20.486925167979464
2010-12-03,0.9378164740463296,1.3181997156364922,-20.486925167979464
2010-12-06,0.9378164740463296,1.3180787784441383,-20.486925167979464
2010-12-07,0.9378164740463296,1.3146253019939178,-20.486925167979464
2010-12-08,0.9378164740463296,1.2986010166027655,-20.486925167979464
2010-12-09,0.9378164740463296,1.2684219243019108,-20.486925167979464
2010-12-10,0.9525632104030425,1.2884056675937094,-19.23661832873166
2010-12-13,0.9607433161909725,1.299469809630253,-18.543065398441172
2010-12-14,0.9666711017062324,1.3074875373471455,-18.040476175168752
2010-12-15,0.9582469760269641,1.2960933420316465,-18.754718411328184
2010-12-16,0.9674273013239393,1.3085103480778617,-17.976361544583042
2010-12-20,0.9671508036794096,1.3081363664581669,-17.99980448732161
2010-12-21,0.9758676261759486,1.3199264538616025,-17.260745856293024
2010-12-22,0.973224937603305,1.3163520402190279,-17.484807066614604
2010-12-23,0.9725093947328695,1.315384220467428,-17.545474601656906
2010-12-24,0.9766759140747887,1.3223351017086087,-17.192214903846658
2010-12-27,0.9766759140747887,1.319365588836316,-17.192214903846658
2010-12-28,0.9766759140747887,1.318903643130886,-17.192214903846658
2010-12-29,0.9766759140747887,1.3330583426363323,-17.192214903846658
2010-12-30,0.9766759140747887,1.3421868451696766,-17.192214903846658
2010-12-31,0.9766759140747887,1.3493686455614444,-17.192214903846658
2011-01-03,0.9766759140747887,1.3544498335126631,-17.192214903846658
2011-01-04,0.9766759140747887,1.3519752394524192,-17.192214903846658
2011-01-05,0.9766759140747887,1.3373365763690448,-17.192214903846658
2011-01-06,0.9766759140747887,1.330396757766241,-17.192214903846658
2011-01-07,0.9766759140747887,1.2987989626467333,-17.192214903846658
2011-01-10,0.9527855583539832,1.2676190774876601,-19.217766485379396
2011-01-11,0.9513389002778017,1.2656943932185816,-19.340421860979127
2011-01-12,0.9693849103052303,1.289703433220008,-17.81038503027674
2011-01-13,0.9509751368128869,1.2652104296406537,-19.371263664687397
2011-01-14,0.9348800162424338,1.2437969208918251,-20.735893698138497
2011-01-17,0.9349131150042214,1.2438409566368207,-20.733087408853013
2011-01-18,0.9463706146761033,1.2590844130862207,-19.76165957194642
2011-01-19,0.9409146470745047,1.2518256038428384,-20.224245559922526
2011-01-20,0.9443122753363489,1.2563459267687709,-19.936176542463503
2011-01-21,0.9408714284066648,1.253024450149281,-20.227909868734738
2011-01-24,0.9408714284066648,1.2633077632440726,-20.227909868734738
2011-01-25,0.9408714284066648,1.2510227570285881,-20.227909868734738
2011-01-27,0.9408714284066648,1.2327437340894019,-20.227909868734738
2011-01-28,0.9408714284066648,1.2124740806678997,-20.227909868734738
2011-01-31,0.9408714284066648,1.2110993061899864,-20.227909868734738
2011-02-01,0.9408714284066648,1.1915885712419947,-20.227909868734738
2011-02-02,0.9408714284066648,1.1948439942439908,-20.227909868734738
2011-02-03,0.9408714284066648,1.2156855753291562,-20.227909868734738
2011-02-04,0.9408714284066648,1.186870302272094,-20.227909868734738
2011-02-07,0.9340134703460375,1.1869252932512104,-20.809364073859506
2011-02-08,0.9195687693592172,1.16856926146041,-22.034062746016193
2011-02-09,0.9093562425337137,1.1555913903889086,-22.899935155141904
2011-02-10,0.904552893052227,1.1494873917069737,-23.30718870350187
2011-02-11,0.9191274142953038,1.1680083964351238,-22.0714831786868
2011-02-14,0.9443990908465495,1.2001231282391782,-19.928815861189296
2011-02-15,0.9487264327217628,1.2056222261508314,-19.561920772576702
2011-02-16,0.9488476321016271,1.20577624385406,-19.55164484372768
2011-02-17,0.9600554475584296,1.2200189074452417,-18.60138656422108
2011-02-18,0.9439496955476246,1.2007720647544557,-19.966917987800905
2011-02-21,0.9439496955476246,1.213892890890809,-19.966917987800905
2011-02-22,0.9439496955476246,1.2030266948982338,-19.966917987800905
2011-02-23,0.9439496955476246,1.1960208226779363,-19.966917987800905
2011-02-24,0.9439496955476246,1.1576041461479787,-19.966917987800905
2011-02-25,0.9399012607826963,1.166589586212215,-20.310165846337025
2011-02-28,0.9451647639169628,1.1731225574929616,-19.86389802083407
2011-03-01,0.9786683900391226,1.21470669293918,-17.023282181040532
2011-03-03,0.9811318334223189,1.217764277301464,-16.81441833241629
2011-03-04,0.9815837127727141,1.2183251423267503,-16.77610559469268
2011-03-07,0.968185775594939,1.20169584876106,-17.912054056777926
2011-03-08,0.9784025582956499,1.2143767470644808,-17.04582081188828
2011-03-09,0.9802102487647721,1.2166204219741379,-16.892555187406046
2011-03-10,0.9737239369172856,1.2085697211506266,-17.44249924744986
2011-03-11,0.9640752890053069,1.1978025518821633,-18.260562999457576
2011-03-14,0.9640752890053069,1.216730403932371,-18.260562999457576
2011-03-15,0.9640752890053069,1.1987263358887674,-18.260562999457576
2011-03-16,0.9640752890053069,1.2122541167514342,-18.260562999457576
2011-03-17,0.9640752890053069,1.1980664441393691,-18.260562999457576
2011-03-18,0.9640752890053069,1.182020140875719,-18.260562999457576
2011-03-21,0.9640752890053069,1.1800514208616448,-18.260562999457576
2011-03-22,0.9640752890053069,1.1908516706409829,-18.260562999457576
2011-03-23,0.9640752890053069,1.2054572532134822,-18.260562999457576
2011-03-24,0.9640752890053069,1.214728710811678,-18.260562999457576
2011-03-25,0.9640752890053069,1.2437309746785878,-18.260562999457576
2011-03-28,0.9640752890053069,1.25098978392197,-18.260562999457576
2011-03-29,0.9640752890053069,1.2617900337013077,-18.260562999457576
2011-03-30,0.9640752890053069,1.2730741396543175,-18.260562999457576
2011-03-31,0.9640752890053069,1.283214497684257,-18.260562999457576
2011-04-01,0.9640752890053069,1.2815207325657654,-18.260562999457576
2011-04-04,0.9640752890053069,1.2996458452059791,-18.260562999457576
2011-04-05,0.9640752890053069,1.2999977015489201,-18.260562999457576
2011-04-06,0.9640752890053069,1.2959724048392924,-18.260562999457576
2011-04-07,0.9640752890053069,1.2946416661063747,-18.260562999457576
2011-04-08,0.9640752890053069,1.2850291999951025,-18.260562999457576
2011-04-11,0.9640752890053069,1.272645274459762,-18.260562999457576
2011-04-13,0.9640752890053069,1.300316692189498,-18.260562999457576
2011-04-15,0.9640752890053069,1.281190786691066,-18.260562999457576
2011-04-18,0.9640752890053069,1.260195295306928,-18.260562999457576
2011-04-19,0.9640752890053069,1.262757853452907,-18.260562999457576
2011-04-20,0.9640752890053069,1.287151830308149,-18.260562999457576
2011-04-21,0.9640752890053069,1.294421702189908,-18.260562999457576
2011-04-25,0.9640752890053069,1.292178027280251,-18.260562999457576
2011-04-26,0.9640752890053069,1.2908362259089563,-18.260562999457576
2011-04-27,0.9640752890053069,1.283247470790875,-18.260562999457576
2011-04-28,0.9640752890053069,1.2725902834806448,-18.260562999457576
2011-04-29,0.9640752890053069,1.2646825377219852,-18.260562999457576
2011-05-02,0.9640752890053069,1.2540802339866157,-18.260562999457576
2011-05-03,0.9640752890053069,1.2241541861131018,-18.260562999457576
2011-05-04,0.9578212768501174,1.2179731785795525,-18.79081145452084
2011-05-05,0.9444498856232506,1.2009700107984234,-19.9245092095227
2011-05-06,0.9602949546649191,1.2211187270275716,-18.581079876283578
2011-05-09,0.9602343944507212,1.2210417181759572,-18.586214493745125
2011-05-10,0.9585305155092798,1.2188750521179146,-18.730678424082136
2011-05-11,0.9626474275879858,1.224110150368106,-18.3816246942211
2011-05-12,0.9489992499985995,1.20675501883978,-19.53878987101023
2011-05-13,0.9591359487245801,1.2196449258255462,-18.67934657197012
2011-05-16,0.9512220716960126,1.2095815766472209,-19.350327210291486
2011-05-17,0.9398833792442867,1.1963727864251326,-20.311681938388116
2011-05-18,0.9398833792442867,1.192336427077128,-20.311681938388116
2011-05-19,0.9398833792442867,1.193986156450624,-20.311681938388116
2011-05-20,0.9398833792442867,1.2067990545847758,-20.311681938388116
2011-05-23,0.9398833792442867,1.1848465912789028,-20.311681938388116
2011-05-24,0.9398833792442867,1.1866723562281252,-20.311681938388116
2011-05-25,0.9398833792442867,1.1765760339431812,-20.311681938388116
2011-05-26,0.9398833792442867,1.1905217247662823,-20.311681938388116
2011-05-27,0.9398833792442867,1.2045444244409977,-20.311681938388116
2011-05-30,0.9398833792442867,1.2038845326915995,-20.311681938388116
2011-06-01,0.9398833792442867,1.2300382208785703,-20.311681938388116
2011-06-02,0.9398833792442867,1.2208767452386073,-20.311681938388116
2011-06-03,0.9398833792442867,1.2134859361644943,-20.311681938388116
2011-06-06,0.9398833792442867,1.2168513411247235,-20.311681938388116
2011-06-07,0.9398833792442867,1.2221524929924084,-20.311681938388116
2011-06-08,0.9398833792442867,1.2157075932016534,-20.311681938388116
2011-06-09,0.9398833792442867,1.2144317380435963,-20.311681938388116
2011-06-10,0.9398833792442867,1.2066780099881653,-20.311681938388116
2011-06-13,0.9398833792442867,1.206018118238767,-20.311681938388116
2011-06-14,0.9398833792442867,1.2099115225219197,-20.311681938388116
2011-06-15,0.9398833792442867,1.198253434949215,-20.311681938388116
2011-06-16,0.9398833792442867,1.1870902661885592,-20.311681938388116
2011-06-17,0.9398833792442867,1.1804143398429612,-20.311681938388116
2011-06-20,0.9398833792442867,1.1565482549063866,-20.311681938388116
2011-06-21,0.9380625407932991,1.160496650168656,-20.46606231878997
2011-06-22,0.9384981063153284,1.1610354973214445,-20.429132754311397
2011-06-23,0.9459125306151768,1.1702080355997844,-19.800498378070873
2011-06-24,0.9728052505880236,1.2034775779652858,-17.52039036673314
2011-06-27,0.9826466699383658,1.215652602222537,-16.68598242561352
2011-06-28,0.9859715359533455,1.2197658630178998,-16.404082578925117
2011-06-29,0.9957774467729902,1.2318969589344115,-15.572685240131934
2011-06-30,1.0041252505680225,1.2422242003699426,-14.864913979755634
2011-07-01,1.0005336798921551,1.2377809936998805,-15.169426467878788
2011-07-04,1.0036759238842166,1.2429061099918386,-14.90301028881207
2011-07-05,1.0036759238842166,1.238858795409713,-14.90301028881207
2011-07-06,1.0036759238842166,1.2373960568460645,-14.90301028881207
2011-07-07,1.0036759238842166,1.2601623222003084,-14.90301028881207
2011-07-08,1.0036759238842166,1.2451387222631185,-14.90301028881207
2011-07-11,1.0036759238842166,1.2353393727462552,-14.90301028881207
2011-07-12,1.0036759238842166,1.2155535754984248,-14.90301028881207
2011-07-13,1.0036759238842166,1.2285975001874196,-14.90301028881207
2011-07-15,1.0036759238842166,1.2276406356699407,-14.90301028881207
2011-07-18,1.0036759238842166,1.2245500782010381,-14.90301028881207
2011-07-19,1.0036759238842166,1.234778400316713,-14.90301028881207
2011-07-20,1.0036759238842166,1.2245500782010383,-14.90301028881207
2011-07-21,1.0036759238842166,1.218952060969529,-14.90301028881207
2011-07-22,1.0036759238842166,1.2392657501360267,-14.90301028881207
2011-07-25,1.0036759238842166,1.2494609917408266,-14.90301028881207
2011-07-26,1.0036759238842166,1.2262658611920274,-14.90301028881207
2011-07-27,1.0036759238842166,1.220095808892599,-14.90301028881207
2011-07-28,1.0036759238842166,1.207106982586977,-14.90301028881207
2011-07-29,1.0036759238842166,1.2058421900672966,-14.90301028881207
2011-08-01,1.0036759238842166,1.2134968913986153,-14.90301028881207
2011-08-02,1.0036759238842166,1.2002440654315312,-14.90301028881207
2011-08-03,1.0036759238842166,1.1888609327544093,-14.90301028881207
2011-08-04,1.0036759238842166,1.1728035668523822,-14.90301028881207
2011-08-05,1.0036759238842166,1.1462869596840932,-14.90301028881207
2011-08-08,1.009512983245465,1.1258853064318601,-14.40811331202152
2011-08-09,1.0005095312380599,1.1158439751260327,-15.171473919372024
2011-08-10,1.0178951854117113,1.1352337728816704,-13.697425574551747
2011-08-11,1.0134180647923547,1.1302405490161869,-14.077019702710869
2011-08-12,1.000529273327261,1.1158659929985304,-15.169800079916829
2011-08-16,0.993202165450231,1.1076942475784088,-15.791031304843884
2011-08-17,0.9973045715862596,1.112269561483458,-15.443207466051657
2011-08-18,0.9751262122746532,1.0875345761151396,-17.32360687510286
2011-08-19,0.955699226077588,1.0658681303432262,-18.97073021959166
2011-08-22,0.9652261910059001,1.0775591910225497,-18.16298339893866
2011-08-23,0.9652261910059001,1.0885794047183537,-18.16298339893866
2011-08-24,0.9652261910059001,1.0753815697303861,-18.16298339893866
2011-08-25,0.9652261910059001,1.0645373916103087,-18.16298339893866
2011-08-26,0.9652261910059001,1.0443446396361646,-18.16298339893866
2011-08-29,0.9652261910059001,1.0821345049275986,-18.16298339893866
2011-08-30,0.9652261910059001,1.1000395462470898,-18.16298339893866
2011-09-02,0.9652261910059001,1.1086181389892686,-18.16298339893866
2011-09-05,0.9652261910059001,1.1036030046555434,-18.16298339893866
2011-09-06,0.9652261910059001,1.113963219197693,-18.16298339893866
2011-09-07,0.9652261910059001,1.1272380630372747,-18.16298339893866
2011-09-08,0.9652261910059001,1.1335290525290571,-18.16298339893866
2011-09-09,0.9652261910059001,1.112896480126237,-18.16298339893866
2011-09-12,0.9652261910059001,1.0881174590129232,-18.16298339893866
2011-09-13,0.9571155974854181,1.0868307560250012,-18.850642709020615
2011-09-14,0.9709852177401799,1.1025800865205708,-17.674702443810364
2011-09-15,0.983218132759608,1.1164708937688115,-16.63753076441259
2011-09-16,0.9848743225810768,1.1183515422928945,-16.49711017162615
2011-09-19,0.9747432836446114,1.1068474724234185,-17.356073603571033
2011-09-20,0.9957124817405747,1.1306585663808766,-15.57819332153898
2011-09-21,0.9943661535898731,1.1291297741997346,-15.692342191768683
2011-09-22,0.9537643432555806,1.0830253158275835,-19.13477988909006
2011-09-23,0.9429359263891501,1.0707293543779783,-20.052870735690252
2011-09-26,0.9357264259715123,1.063613500199448,-20.664130573913987
2011-09-27,0.9357264259715123,1.0934956197322223,-20.664130573913987
2011-09-28,0.9357264259715123,1.087919512968955,-20.664130573913987
2011-09-29,0.9357264259715123,1.1032180678017276,-20.664130573913987
2011-09-30,0.9357264259715123,1.0873366300711709,-20.664130573913987
2011-10-03,0.9357264259715123,1.0667150129024716,-20.664130573913987
2011-10-04,0.9357264259715123,1.0497007824829656,-20.664130573913987
2011-10-05,0.9357264259715123,1.0451145133437958,-20.664130573913987
2011-10-07,0.9357264259715123,1.0751945789205384,-20.664130573913987
2011-10-10,0.9357264259715123,1.0953323399155657,-20.664130573913987
2011-10-11,0.9357264259715123,1.0941775293541185,-20.664130573913987
2011-10-12,0.9357264259715123,1.121683974146505,-20.664130573913987
2011-10-13,0.9357264259715123,1.1169437947083625,-20.664130573913987
2011-10-14,0.9357264259715123,1.1289207655173892,-20.664130573913987
2011-10-17,0.9357264259715123,1.1258303154527425,-20.664130573913987
2011-10-18,0.9357264259715123,1.108068229198103,-20.664130573913987
2011-10-19,0.9357264259715123,1.1304275398260333,-20.664130573913987
2011-10-20,0.9357264259715123,1.120034244773009,-20.664130573913987
2011-10-21,0.9357264259715123,1.1108068229198087,-20.664130573913987
2011-10-24,0.9357264259715123,1.1214530549959179,-20.664130573913987
2011-10-25,0.9357264259715123,1.1419646902063838,-20.664130573913987
2011-10-28,0.9357264259715123,1.1791606099616567,-20.664130573913987
2011-10-31,0.9357264259715123,1.1716598189293106,-20.664130573913987
2011-11-01,0.9357264259715123,1.1565593175447624,-20.664130573913987
2011-11-02,0.9357264259715123,1.1566692995029955,-20.664130573913987
2011-11-03,0.9357264259715123,1.1582749931314957,-20.664130573913987
2011-11-04,0.9357264259715123,1.162333370351998,-20.664130573913987
2011-11-08,0.9357264259715123,1.1634661630409473,-20.664130573913987
2011-11-09,0.9357264259715123,1.1484425631037574,-20.664130573913987
2011-11-11,0.9357264259715123,1.1369605111067793,-20.664130573913987
2011-11-14,0.9357264259715123,1.1324512508192237,-20.664130573913987
2011-11-15,0.9357264259715123,1.1148871106085523,-20.664130573913987
2011-11-16,0.9357264259715123,1.1065175265487186,-20.664130573913987
2011-11-17,0.9357264259715123,1.085466936781208,-20.664130573913987
2011-11-18,0.9357264259715123,1.0790989384378111,-20.664130573913987
2011-11-21,0.9357264259715123,1.0510646017267573,-20.664130573913987
2011-11-22,0.9382058662600344,1.0585433748866055,-20.453910422467768
2011-11-23,0.9175598393503006,1.0352492176136943,-22.2043905303449
2011-11-25,0.9182616117823426,1.0360410017895674,-22.14489052640144
2011-11-28,0.9457994209441847,1.0671109049904075,-19.810088418321513
2011-11-29,0.9367924211880106,1.0569486364922263,-20.5737498227055
2011-11-30,0.9420464805805353,1.0628765995984346,-20.128282687918254
2011-12-01,0.9624781299106492,1.0859288824866382,-18.395978652868116
2011-12-02,0.9845668265446907,1.1108507512605477,-16.52318132310232
2011-12-05,0.982422289194034,1.1084311481794202,-16.70500662001474
2011-12-07,0.986011668698281,1.1135893449822531,-16.400679911090222
2011-12-08,0.986011668698281,1.0874245941569052,-16.400679911090222
2011-12-09,0.984205833659912,1.0704984352273905,-16.55378822227247
2011-12-12,0.9635578570643297,1.048040097875348,-18.30443363489851
2011-12-13,0.9708382336213002,1.0559587988681283,-17.687164540144817
2011-12-14,0.9632848231941579,1.0477431251072673,-18.327582900401374
2011-12-15,0.9598671106153098,1.044025756399841,-18.617354773211158
2011-12-16,0.9407055639827278,1.0231841753146755,-20.241972737875415
2011-12-19,0.9329196057204121,1.0147155645307298,-20.90210774198701
2011-12-20,0.9189857936703846,0.999560072167065,-22.08349052944102
2011-12-21,0.949108292426994,1.0323236330821406,-19.529544673246335
2011-12-22,0.9563900937961574,1.0412762074440143,-18.912154775327362
2011-12-23,0.9563900937961574,1.0369099022213104,-18.912154775327362
2011-12-27,0.9563900937961574,1.0449385851723239,-18.912154775327362
2011-12-28,0.9563900937961574,1.0351061551445857,-18.912154775327362
2011-12-29,0.9563900937961574,1.0220073468807305,-18.912154775327362
2011-12-30,0.9563900937961574,1.0171790959525966,-18.912154775327362
2012-01-03,0.9563900937961574,1.0481940081743202,-18.912154775327362
2012-01-04,0.9563900937961574,1.0447515943624766,-18.912154775327362
2012-01-05,0.9563900937961574,1.0448176479799702,-18.912154775327362
2012-01-06,0.9563900937961574,1.0457304767524533,-18.912154775327362
2012-01-09,0.9563900937961574,1.0432448200538325,-18.912154775327362
2012-01-10,0.9563900937961574,1.0667259681365913,-18.912154775327362
2012-01-11,0.9563900937961574,1.06923364270771,-18.912154775327362
2012-01-12,0.9563900937961574,1.0627006714269638,-18.912154775327362
2012-01-13,0.9563900937961574,1.0703444175241617,-18.912154775327362
2012-01-16,0.9563900937961574,1.0720821109833927,-18.912154775327362
2012-01-17,0.9563900937961574,1.0926267193004775,-18.912154775327362
2012-01-18,0.9563900937961574,1.090097134261117,-18.912154775327362
2012-01-19,0.9563900937961574,1.1038668969127474,-18.912154775327362
2012-01-20,0.9563900937961574,1.110509850151727,-18.912154775327362
2012-01-23,0.9563900937961574,1.1099929134671804,-18.912154775327362
2012-01-24,0.9563900937961574,1.1278320085734344,-18.912154775327362
2012-01-25,0.9563900937961574,1.1346398273455072,-18.912154775327362
2012-01-27,0.9563900937961574,1.1448462389929401,-18.912154775327362
2012-01-30,0.9563900937961574,1.1190223892764122,-18.912154775327362
2012-01-31,0.9692423699997934,1.1436473926864974,-17.82247035644283
2012-02-01,0.9760374026855929,1.15166512040339,-17.246351299693032
2012-02-02,0.9824129001316222,1.159187821903978,-16.705802674725668
2012-02-03,0.992843116010189,1.17149484599196,-15.821473428419807
2012-02-06,0.9995169031027202,1.1793695112397449,-15.255634218737512
2012-02-07,0.9945767823535748,1.1735404674533927,-15.674483963518826
2012-02-08,1.000728630833643,1.180799276696775,-15.152897488885475
2012-02-09,1.0089684158140038,1.19052172476628,-14.454284638850567
2012-02-10,1.003236011548486,1.1837578343349466,-14.940308399304358
2012-02-13,1.0038360027398174,1.1856495454974065,-14.88943795096488
2012-02-14,1.0038360027398174,1.1913355268146508,-14.88943795096488
2012-02-15,1.0038360027398174,1.2168294306564795,-14.88943795096488
2012-02-16,1.0038360027398174,1.2146297914918183,-14.88943795096488
2012-02-17,1.0038360027398174,1.2239451774307537,-14.88943795096488
2012-02-21,1.0038360027398174,1.2333706527321784,-14.88943795096488
2012-02-22,1.0038360027398174,1.2109783689976292,-14.88943795096488
2012-02-23,1.0038360027398174,1.2061281001969975,-14.88943795096488
2012-02-24,1.0038360027398174,1.1942500487078267,-14.88943795096488
2012-02-27,1.0038360027398174,1.1616734786025984,-14.88943795096488
2012-02-28,1.0151190211157777,1.1824160329636513,-13.932803567493313
2012-02-29,1.0169508233239921,1.184549725915075,-13.777493621368365
2012-03-01,1.0083679272631334,1.1745523229499872,-14.505197255980363
2012-03-02,1.0120692447120379,1.1788636371935746,-14.19137985200366
2012-03-05,0.9971507436110897,1.1614864877927507,-15.456249820968038
2012-03-06,0.9862073252241316,1.1487395358718364,-16.38409110889718
2012-03-07,0.9858391390660021,1.1483106706772812,-16.415307892088403
2012-03-09,1.0071970713062266,1.173188503706195,-14.604468659176506
2012-03-12,1.0121069577445132,1.1789075655343142,-14.188182340276844
2012-03-13,1.0243043706067823,1.194294084452822,-13.154020722822967
2012-03-14,1.0243043706067823,1.2018608216984055,-13.154020722822967
2012-03-15,1.0243043706067823,1.183515852545982,-13.154020722822967
2012-03-16,1.0243043706067823,1.1697460898943512,-13.154020722822967
2012-03-19,1.0243043706067823,1.1563612640965364,-13.154020722822967
2012-03-20,1.0243043706067823,1.1602766862521872,-13.154020722822967
2012-03-21,1.0243043706067823,1.1800954566066362,-13.154020722822967
2012-03-22,1.0243043706067823,1.1500703820090101,-13.154020722822967
2012-03-23,1.0276750248189481,1.1610135868531997,-12.868238708940826
2012-03-26,1.0093827536418785,1.1403479339395048,-14.419154871326455
2012-03-27,1.0208506700457889,1.1533037871385083,-13.446843848406164
2012-03-28,1.0114271224345177,1.1426575550623992,-14.245822398191265
2012-03-29,1.0083313829909393,1.139160150271439,-14.508295673986515
2012-03-30,1.0310530248161605,1.164829874880482,-12.581833880283867
2012-04-02,1.035404628831482,1.1697460898943512,-12.212881718229518
2012-04-03,1.0433095405102002,1.1786766463837273,-11.54266121001164
2012-04-04,1.0363781377803578,1.170845909476682,-12.130342445307996
2012-04-09,1.0181106512474756,1.15137910286943,-13.679157233573536
2012-04-10,1.0181106512474756,1.1534028138626207,-13.679157233573536
2012-04-11,1.0181106512474756,1.149718418261813,-13.679157233573536
2012-04-12,1.0181106512474756,1.1607166140851193,-13.679157233573536
2012-04-13,1.0181106512474756,1.1454511397632214,-13.679157233573536
2012-04-16,1.0181106512474756,1.1495754631969612,-13.679157233573536
2012-04-17,1.0181106512474756,1.1635431718925602,-13.679157233573536
2012-04-18,1.0181106512474756,1.1658087572704587,-13.679157233573536
2012-04-19,1.0181106512474756,1.17293556668311,-13.679157233573536
2012-04-20,1.0181106512474756,1.163796108915645,-13.679157233573536
2012-04-23,1.0181106512474756,1.1439443654545773,-13.679157233573536
2012-04-24,1.0181106512474756,1.148794526850953,-13.679157233573536
2012-04-25,1.0181106512474756,1.1442522934567787,-13.679157233573536
2012-04-26,1.0181106512474756,1.1413927625427192,-13.679157233573536
2012-04-27,1.0181106512474756,1.141744726289916,-13.679157233573536
2012-04-30,1.0181106512474756,1.1544036067208392,-13.679157233573536
2012-05-02,1.0181106512474756,1.152423931472644,-13.679157233573536
2012-05-03,1.0181106512474756,1.1412607627119884,-13.679157233573536
2012-05-04,1.0181106512474756,1.1189234699565558,-13.679157233573536
2012-05-07,1.0181106512474756,1.1249284419143784,-13.679157233573536
2012-05-08,1.0181106512474756,1.0998086270965006,-13.679157233573536
2012-05-09,1.0185065916453295,1.0942764486739727,-13.645587298138562
2012-05-10,1.0166435996670187,1.0922748629575358,-13.803541679067433
2012-05-11,1.0091093586051303,1.0841801263890287,-14.442334758454967
2012-05-14,1.0047894684807073,1.0795388662707424,-14.808598047952682
2012-05-15,1.0119551298353606,1.0872376033470565,-14.201055118945316
2012-05-16,0.9946449793212832,1.0686396971715482,-15.668701861426603
2012-05-17,0.997091580827893,1.0712683089350208,-15.461265956787551
2012-05-18,1.0014421609360755,1.075942542159926,-15.092400607033063
2012-05-22,0.9951056289797968,1.069134615983597,-15.629645530276104
2012-05-23,0.9890228837955383,1.0636684911785625,-16.14537305949433
2012-05-24,0.9890228837955383,1.0825303970155327,-16.14537305949433
2012-05-25,0.9890228837955383,1.0823104330990665,-16.14537305949433
2012-05-28,0.9890228837955383,1.0966630786484812,-16.14537305949433
2012-05-29,0.9890228837955383,1.0976419610384578,-16.14537305949433
2012-05-30,0.9890228837955383,1.0889863594446647,-16.14537305949433
2012-05-31,0.9890228837955383,1.0831573156583123,-16.14537305949433
2012-06-01,0.9890228837955383,1.0649773194432384,-16.14537305949433
2012-06-04,0.9890228837955383,1.066418040134389,-16.14537305949433
2012-06-05,0.9890228837955383,1.0697504719879996,-16.14537305949433
2012-06-06,0.9890228837955383,1.0991817084537205,-16.14537305949433
2012-06-07,0.9890228837955383,1.1107407693023128,-16.14537305949433
2012-06-08,0.9890228837955383,1.1148541375019316,-16.14537305949433
2012-06-11,0.9890228837955383,1.1117196516922894,-16.14537305949433
2012-06-12,0.9890228837955383,1.1253133787681935,-16.14537305949433
2012-06-13,0.9890228837955383,1.1265342429471341,-16.14537305949433
2012-06-14,0.9890228837955383,1.111862606757141,-16.14537305949433
2012-06-15,0.9890228837955383,1.130405521953533,-16.14537305949433
2012-06-18,0.9890228837955383,1.1139522639635693,-16.14537305949433
2012-06-19,0.9890228837955383,1.1226628565364791,-16.14537305949433
2012-06-20,0.9890228837955383,1.1263361894989097,-16.14537305949433
2012-06-21,0.9890228837955383,1.1361136285475313,-16.14537305949433
2012-06-22,0.9890228837955383,1.131945269368796,-16.14537305949433
2012-06-25,0.9890228837955383,1.1250384238726108,-16.14537305949433
2012-06-26,0.9890228837955383,1.1263911804780262,-16.14537305949433
2012-06-27,0.9890228837955383,1.1310324405963128,-16.14537305949433
2012-06-28,0.9890228837955383,1.132627178990692,-16.14537305949433
2012-06-29,0.9890228837955383,1.1611674971521717,-16.14537305949433
2012-07-02,0.9890228837955383,1.1611015509389344,-16.14537305949433
2012-07-03,0.9890228837955383,1.163158235038744,-16.14537305949433
2012-07-04,0.9890228837955383,1.1663696222957445,-16.14537305949433
2012-07-05,0.9890228837955383,1.171813729228281,-16.14537305949433
2012-07-06,0.9890228837955383,1.1695371886162615,-16.14537305949433
2012-07-09,0.9890228837955383,1.1603426324654238,-16.14537305949433
2012-07-10,0.9890228837955383,1.1757841423630482,-16.14537305949433
2012-07-11,0.9890228837955383,1.1671944869824924,-16.14537305949433
2012-07-12,0.9890228837955383,1.1515660936792766,-16.14537305949433
2012-07-13,0.9890228837955383,1.1498063823475477,-16.14537305949433
2012-07-16,0.9890228837955383,1.143207464853564,-16.14537305949433
2012-07-17,0.9890228837955383,1.1422396451019643,-16.14537305949433
2012-07-18,0.9890228837955383,1.1473977345005413,-16.14537305949433
2012-07-19,0.9890228837955383,1.1532048678186517,-16.14537305949433
2012-07-20,0.9890228837955383,1.1449342030786742,-16.14537305949433
2012-07-23,0.9890228837955383,1.1257643692395027,-16.14537305949433
2012-07-24,0.9890228837955383,1.1280189993832805,-16.14537305949433
2012-07-25,0.9890228837955383,1.1239276490561594,-16.14537305949433
2012-07-26,0.9890228837955383,1.1092780307386643,-16.14537305949433
2012-07-27,0.9890228837955383,1.1217830008706144,-16.14537305949433
2012-07-30,0.9890228837955383,1.14376832987885,-16.14537305949433
2012-07-31,0.9890228837955383,1.150191319201363,-16.14537305949433
2012-08-01,0.9890228837955383,1.1527209042407236,-16.14537305949433
2012-08-02,0.9890228837955383,1.1499163643057804,-16.14537305949433
2012-08-03,0.9890228837955383,1.147265842074066,-16.14537305949433
2012-08-06,0.9890228837955383,1.1619703439664215,-16.14537305949433
2012-08-07,0.9890228837955383,1.1738814759664669,-16.14537305949433
2012-08-08,0.9890228837955383,1.1741673860961703,-16.14537305949433
2012-08-09,0.9890228837955383,1.1708569721150575,-16.14537305949433
2012-08-10,0.9890228837955383,1.1702959996855151,-16.14537305949433
2012-08-13,0.9890228837955383,1.1763450073883337,-16.14537305949433
2012-08-14,0.9890228837955383,1.183482879439362,-16.14537305949433
2012-08-16,0.9890228837955383,1.1796555287737025,-16.14537305949433
2012-08-17,0.9890228837955383,1.1803923219704593,-16.14537305949433
2012-08-21,0.9890228837955383,1.1924243911628587,-16.14537305949433
2012-08-22,0.9890228837955383,1.190631706724511,-16.14537305949433
2012-08-23,0.9890228837955383,1.1911816165156763,-16.14537305949433
2012-08-24,0.9890228837955383,1.184879671789773,-16.14537305949433
2012-08-27,0.9890228837955383,1.1768619440728803,-16.14537305949433
2012-08-29,0.9890228837955383,1.1631251545278685,-16.14537305949433
2012-08-30,0.9890228837955383,1.1691191712515703,-16.14537305949433
2012-08-31,0.9890228837955383,1.1566802547371133,-16.14537305949433
2012-09-03,0.9890228837955383,1.1556354261338992,-16.14537305949433
2012-09-04,0.9890228837955383,1.1600896954423383,-16.14537305949433
2012-09-05,0.9890228837955383,1.149465481238727,-16.14537305949433
2012-09-06,0.9890228837955383,1.1522589585352931,-16.14537305949433
2012-09-07,0.9890228837955383,1.1750692596345327,-16.14537305949433
2012-09-10,0.9890228837955383,1.1797655107319356,-16.14537305949433
2012-09-11,0.9890228837955383,1.1856055097524087,-16.14537305949433
2012-09-12,0.9890228837955383,1.1946240303275197,-16.14537305949433
2012-09-13,0.9890228837955383,1.1955808948449986,-16.14537305949433
2012-09-14,0.9890228837955383,1.2268817171964257,-16.14537305949433
2012-09-17,0.9890228837955383,1.233997571374956,-16.14537305949433
2012-09-18,0.9890228837955383,1.2318088874444155,-16.14537305949433
2012-09-20,0.9890228837955383,1.2217345830319695,-16.14537305949433
2012-09-21,0.9890228837955383,1.2518476217153307,-16.14537305949433
2012-09-24,0.9890228837955383,1.2471074422771882,-16.14537305949433
2012-09-25,0.9890228837955383,1.2480532441562902,-16.14537305949433
2012-09-26,0.9890228837955383,1.2457546856717727,-16.14537305949433
2012-09-27,0.9890228837955383,1.242686146075368,-16.14537305949433
2012-09-28,0.9890228837955383,1.254520161819543,-16.14537305949433
2012-10-01,0.9890228837955383,1.2579296025247677,-16.14537305949433
2012-10-03,0.9890228837955383,1.2606681962464732,-16.14537305949433
2012-10-04,0.9890228837955383,1.2730631844201905,-16.14537305949433
2012-10-05,0.9890228837955383,1.264121672696694,-16.14537305949433
2012-10-08,0.9890228837955383,1.24851518986172,-16.14537305949433
2012-10-09,0.9890228837955383,1.2548061793535024,-16.14537305949433
2012-10-10,0.9890228837955383,1.2432690289731516,-16.14537305949433
2012-10-11,0.9890228837955383,1.2555649904227566,-16.14537305949433
2012-10-12,0.9890228837955383,1.2485261450958405,-16.14537305949433
2012-10-15,0.9890228837955383,1.2509897839219637,-16.14537305949433
2012-10-16,0.9890228837955383,1.2423562002006683,-16.14537305949433
2012-10-17,0.9890228837955383,1.2450507581773782,-16.14537305949433
2012-10-18,0.9890228837955383,1.2579076920565255,-16.14537305949433
2012-10-19,0.9890228837955383,1.250329892172565,-16.14537305949433
2012-10-22,0.9890228837955383,1.2575666835434491,-16.14537305949433
2012-10-23,0.9890228837955383,1.2519026126944464,-16.14537305949433
2012-10-25,0.9890228837955383,1.2549600896524742,-16.14537305949433
2012-10-29,0.9890228837955383,1.2462275866113228,-16.14537305949433
2012-10-30,0.9890228837955383,1.2313359865048639,-16.14537305949433
2012-10-31,0.9890228837955383,1.2361312643263789,-16.14537305949433
2012-11-01,0.9890228837955383,1.2417072636853903,-16.14537305949433
2012-11-02,0.9890228837955383,1.2532884498107366,-16.14537305949433
2012-11-05,0.9890228837955383,1.2547182152677663,-16.14537305949433
2012-11-06,0.9890228837955383,1.2591614219378282,-16.14537305949433
2012-11-07,0.9890228837955383,1.2670141767173713,-16.14537305949433
2012-11-08,0.9890228837955383,1.2623179256199684,-16.14537305949433
2012-11-09,0.9890228837955383,1.2507698200054969,-16.14537305949433
2012-11-12,0.9890228837955383,1.2502089549802107,-16.14537305949433
2012-11-15,0.9890228837955383,1.2386168136207434,-16.14537305949433
2012-11-16,0.9890228837955383,1.2260898256162953,-16.14537305949433
2012-11-19,0.9890228837955383,1.2255069427185112,-16.14537305949433
2012-11-20,0.9890228837955383,1.2255399158251299,-16.14537305949433
2012-11-21,0.9890228837955383,1.2350533552122898,-16.14537305949433
2012-11-22,0.9890228837955383,1.2379019308922283,-16.14537305949433
2012-11-23,0.9890228837955383,1.2376489938691435,-16.14537305949433
2012-11-26,0.9890228837955383,1.239694615330576,-16.14537305949433
2012-11-27,0.9890228837955383,1.2598323763256032,-16.14537305949433
2012-11-29,0.9890228837955383,1.2812898134151713,-16.14537305949433
2012-11-30,0.9890228837955383,1.2933548557141894,-16.14537305949433
2012-12-03,0.9890228837955383,1.2913971983384922,-16.14537305949433
2012-12-04,0.9890228837955383,1.2954224950481197,-16.14537305949433
2012-12-05,0.9890228837955383,1.2978970891083637,-16.14537305949433
2012-12-06,0.9890228837955383,1.3045839706880826,-16.14537305949433
2012-12-07,0.9890228837955383,1.2994148186511287,-16.14537305949433
2012-12-10,0.9890228837955383,1.299744764525828,-16.14537305949433
2012-12-11,0.9890228837955383,1.2975231074886688,-16.14537305949433
2012-12-12,0.9890228837955383,1.295147540152537,-16.14537305949433
2012-12-13,0.9890228837955383,1.2871188572015235,-16.14537305949433
2012-12-14,0.9890228837955383,1.2932998647350729,-16.14537305949433
2012-12-17,0.9890228837955383,1.2885266047860555,-16.14537305949433
2012-12-18,0.9890228837955383,1.2970831796557365,-16.14537305949433
2012-12-19,0.9890228837955383,1.304298060558379,-16.14537305949433
2012-12-20,0.9890228837955383,1.3013944938993236,-16.14537305949433
2012-12-21,0.9890228837955383,1.2862830372806546,-16.14537305949433
2012-12-24,0.9890228837955383,1.2880537038465043,-16.14537305949433
2012-12-26,0.9890228837955383,1.2990189265631917,-16.14537305949433
2012-12-27,0.9890228837955383,1.2912102075286445,-16.14537305949433
2012-12-28,0.9890228837955383,1.2996238273334735,-16.14537305949433
2012-12-31,0.9890228837955383,1.2989089446049586,-16.14537305949433
2013-01-02,0.9890228837955383,1.318298742360596,-16.14537305949433
2013-01-03,0.9890228837955383,1.3218731560031705,-16.14537305949433
2013-01-04,0.9890228837955383,1.323335894566819,-16.14537305949433
2013-01-07,0.9890228837955383,1.317231895884884,-16.14537305949433
2013-01-08,0.9890228837955383,1.3201574804164373,-16.14537305949433
2013-01-09,0.9890228837955383,1.313514527177458,-16.14537305949433
2013-01-10,0.9890228837955383,1.3128876085346783,-16.14537305949433
2013-01-11,0.9890228837955383,1.30907121310314,-16.14537305949433
2013-01-14,0.9890228837955383,1.3250735880260505,-16.14537305949433
2013-01-15,0.9890228837955383,1.3322334779495764,-16.14537305949433
2013-01-16,0.9890228837955383,1.320190453523056,-16.14537305949433
2013-01-17,0.9890228837955383,1.328406127283917,-16.14537305949433
2013-01-18,0.9890228837955383,1.3339491535363097,-16.14537305949433
2013-01-21,0.9890228837955383,1.3378864861602022,-16.14537305949433
2013-01-22,0.9890228837955383,1.3304517487453498,-16.14537305949433
2013-01-23,0.9890228837955383,1.3317274964991508,-16.14537305949433
2013-01-24,0.9890228837955383,1.3240398220612135,-16.14537305949433
2013-01-25,0.9890228837955383,1.336203783680088,-16.14537305949433
2013-01-28,0.9890228837955383,1.3362367567867066,-16.14537305949433
2013-01-29,0.9890228837955383,1.3307596767475514,-16.14537305949433
2013-01-30,0.9890228837955383,1.3320464871397293,-16.14537305949433
2013-01-31,0.9890228837955383,1.3274272448939406,-16.14537305949433
2013-02-01,0.9890228837955383,1.3195415170077789,-16.14537305949433
2013-02-04,0.9890228837955383,1.3169789588617997,-16.14537305949433
2013-02-05,0.9890228837955383,1.3103030325162017,-16.14537305949433
2013-02-06,0.9890228837955383,1.3108090139666275,-16.14537305949433
2013-02-07,0.9890228837955383,1.3063216641473137,-16.14537305949433
2013-02-08,0.9890228837955383,1.298556980857762,-16.14537305949433
2013-02-11,0.9890228837955383,1.2973142062105796,-16.14537305949433
2013-02-12,0.9890228837955383,1.3027362952706183,-16.14537305949433
2013-02-13,0.9890228837955383,1.3050349611593917,-16.14537305949433
2013-02-14,0.9890228837955383,1.297116260166611,-16.14537305949433
2013-02-15,0.9890228837955383,1.295015540321806,-16.14537305949433
2013-02-18,0.9890228837955383,1.2973912150621938,-16.14537305949433
2013-02-19,0.9890228837955383,1.3065197175955379,-16.14537305949433
2013-02-20,0.9890228837955383,1.3072565107922944,-16.14537305949433
2013-02-21,0.9890228837955383,1.287283830138873,-16.14537305949433
2013-02-22,0.9890228837955383,1.2868548575400616,-16.14537305949433
2013-02-25,0.9890228837955383,1.2878337399300384,-16.14537305949433
2013-02-26,0.9890228837955383,1.2672891316129535,-16.14537305949433
2013-02-27,0.9890228837955383,1.275108805881622,-16.14537305949433
2013-02-28,0.9890228837955383,1.2522655316757638,-16.14537305949433
2013-03-01,0.9890228837955383,1.258127655972991,-16.14537305949433
2013-03-04,0.9890228837955383,1.2534643779822068,-16.14537305949433
2013-03-05,0.9890228837955383,1.272326283819177,-16.14537305949433
2013-03-06,0.9890228837955383,1.2798820658306396,-16.14537305949433
2013-03-07,0.9890228837955383,1.2897143884541218,-16.14537305949433
2013-03-08,0.9890228837955383,1.3078395010943353,-16.14537305949433
2013-03-11,0.9890228837955383,1.3071026004933226,-16.14537305949433
2013-03-12,0.9890228837955383,1.3008886198531546,-16.14537305949433
2013-03-13,0.9890228837955383,1.2870529109882867,-16.14537305949433
2013-03-14,0.9890228837955383,1.2997558271642053,-16.14537305949433
2013-03-15,0.9890228837955383,1.2917601173198106,-16.14537305949433
2013-03-18,0.9890228837955383,1.2835444435589496,-16.14537305949433
2013-03-19,0.9890228837955383,1.2639017087802271,-16.14537305949433
2013-03-20,0.9890228837955383,1.2525625044438449,-16.14537305949433
2013-03-21,0.9890228837955383,1.2447208123026787,-16.14537305949433
2013-03-22,0.9890228837955383,1.2430931008016806,-16.14537305949433
2013-03-25,0.9890228837955383,1.2392437322635232,-16.14537305949433
2013-03-26,0.9890228837955383,1.2409484526161356,-16.14537305949433
2013-03-28,0.9890228837955383,1.2499559105528697,-16.14537305949433
2013-04-01,0.9890228837955383,1.2547621436085057,-16.14537305949433
2013-04-02,0.9890228837955383,1.2643746097197777,-16.14537305949433
2013-04-03,0.9890228837955383,1.2478332802398227,-16.14537305949433
2013-04-04,0.9890228837955383,1.226243843319524,-16.14537305949433
2013-04-05,0.9890228837955383,1.2215146191155024,-16.14537305949433
2013-04-08,0.9890228837955383,1.2192490337376036,-16.14537305949433
2013-04-09,0.9890228837955383,1.2087237388538483,-16.14537305949433
2013-04-10,0.9890228837955383,1.222713465421945,-16.14537305949433
2013-04-11,0.9890228837955383,1.2304781487114969,-16.14537305949433
2013-04-12,0.9890228837955383,1.2160814674170866,-16.14537305949433
2013-04-15,0.9890228837955383,1.224847050969113,-16.14537305949433
2013-04-16,0.9890228837955383,1.2513637655416578,-16.14537305949433
2013-04-17,0.9890228837955383,1.2513087745625413,-16.14537305949433
2013-04-18,0.9890228837955383,1.272073346796092,-16.14537305949433
2013-04-22,0.9890228837955383,1.2833574527491018,-16.14537305949433
2013-04-23,0.9890228837955383,1.2839073625402673,-16.14537305949433
2013-04-25,0.9890228837955383,1.3013724760268264,-16.14537305949433
2013-04-26,0.9890228837955383,1.2915071802967257,-16.14537305949433
2013-04-29,0.9890228837955383,1.2986889806884934,-16.14537305949433
2013-04-30,0.9890228837955383,1.3044300603891104,-16.14537305949433
2013-05-02,0.9890228837955383,1.3196405437318917,-16.14537305949433
2013-05-03,0.9890228837955383,1.3074655194746405,-16.14537305949433
2013-05-06,0.9890228837955383,1.3134155004533468,-16.14537305949433
2013-05-07,0.9890228837955383,1.3293628843971408,-16.14537305949433
2013-05-08,0.9890228837955383,1.3350269552461436,-16.14537305949433
2013-05-09,0.9890228837955383,1.3308146677266686,-16.14537305949433
2013-05-10,0.9890228837955383,1.3406250798819088,-16.14537305949433
2013-05-13,0.9890228837955383,1.3154832471915334,-16.14537305949433
2013-05-14,0.9890228837955383,1.3187716433001484,-16.14537305949433
2013-05-15,0.9890228837955383,1.3520632035381477,-16.14537305949433
2013-05-16,0.9890228837955383,1.3571553467234871,-16.14537305949433
2013-05-17,0.9890228837955383,1.3609826973891466,-16.14537305949433
2013-05-20,0.9890228837955383,1.3542958158094276,-16.14537305949433
2013-05-21,0.9890228837955383,1.34488140314638,-16.14537305949433
2013-05-22,0.9890228837955383,1.3405700889027927,-16.14537305949433
2013-05-23,0.9890228837955383,1.3125356447874827,-16.14537305949433
2013-05-24,0.983566435027974,1.3161650494091737,-16.60799984328336
2013-05-27,0.9999385412488416,1.3380734769700509,-15.219885491355988
2013-05-28,1.004557590772595,1.3442544845036002,-14.828257874866857
2013-05-29,1.003415128680793,1.3427256923224582,-14.925121894973314
2013-05-30,1.0066616023838422,1.347069979672664,-14.64986856595365
2013-05-31,0.9839610074351187,1.3166930487320971,-16.574545893385707
2013-06-03,0.9762926901489906,1.3064316461055476,-17.224706669061586
2013-06-04,0.9730298428147255,1.3020654482871,-17.501348241730376
2013-06-05,0.9737530917896606,1.3030332680386996,-17.440027342111208
2013-06-06,0.9723765794751182,1.3024943134816551,-17.55673538649133
2013-06-07,0.9723765794751182,1.2936077927372749,-17.55673538649133
2013-06-10,0.9723765794751182,1.2929479009878764,-17.55673538649133
2013-06-11,0.9723765794751182,1.2733270766773956,-17.55673538649133
2013-06-12,0.9723765794751182,1.2670361945898694,-17.55673538649133
2013-06-13,0.9723765794751182,1.253596377812938,-17.55673538649133
2013-06-14,0.9723765794751182,1.277638390920983,-17.55673538649133
2013-06-17,0.9723765794751182,1.2867998665609457,-17.55673538649133
2013-06-18,0.9723765794751182,1.2787822462483092,-17.55673538649133
2013-06-19,0.9723765794751182,1.28068491264489,-17.55673538649133
2013-06-20,0.9723765794751182,1.244093893659899,-17.55673538649133
2013-06-21,0.9761885874676497,1.2466784696783761,-17.233533048764592
2013-06-24,0.9628573297786676,1.2296532840247494,-18.363828068701103
2013-06-25,0.9661040458817692,1.233799625330987,-18.088554187714134
2013-06-26,0.9625903934514757,1.2293123829159294,-18.386460352038824
2013-06-27,0.9787205298326278,1.2499119822121307,-17.018861491686653
2013-06-28,1.0062529010493275,1.2850732357400918,-14.684520441554639
2013-07-01,1.0160102059467695,1.2975341701270464,-13.857244171687356
2013-07-02,1.0088966976408855,1.2884495959344417,-14.460365287488964
2013-07-03,0.9939722320809757,1.2693897440535034,-15.725740955046696
2013-07-04,1.0043546757013144,1.2839184251786444,-14.84546209519545
2013-07-05,1.0043546757013144,1.2907262439507172,-14.84546209519545
2013-07-08,1.0043546757013144,1.278331255777,-14.84546209519545
2013-07-09,1.0043546757013144,1.2887685865750198,-14.84546209519545
2013-07-10,1.0043546757013144,1.2794641558702051,-14.84546209519545
2013-07-11,1.0043546757013144,1.3055078620989429,-14.84546209519545
2013-07-12,1.0043546757013144,1.3217631740449383,-14.84546209519545
2013-07-15,1.0043546757013144,1.3265583444621976,-14.84546209519545
2013-07-16,1.0043546757013144,1.3099401135348843,-14.84546209519545
2013-07-17,1.0043546757013144,1.3139104192653954,-14.84546209519545
2013-07-18,1.0043546757013144,1.328153082856577,-14.84546209519545
2013-07-19,1.0043546757013144,1.3262064881192568,-14.84546209519545
2013-07-22,1.0043546757013144,1.3267783083786637,-14.84546209519545
2013-07-23,1.0043546757013144,1.3368966485361053,-14.84546209519545
2013-07-24,1.0043546757013144,1.3176938415903152,-14.84546209519545
2013-07-25,1.0043546757013144,1.2994368365236268,-14.84546209519545
2013-07-26,1.0043546757013144,1.2947516480646009,-14.84546209519545
2013-07-29,1.0043546757013144,1.28275255197882,-14.84546209519545
2013-07-30,1.0043546757013144,1.2659032944966637,-14.84546209519545
2013-07-31,1.0043546757013144,1.2630328083484832,-14.84546209519545
2013-08-01,1.0043546757013144,1.2599203404113388,-14.84546209519545
2013-08-02,1.0043546757013144,1.2489330998221535,-14.84546209519545
2013-08-05,1.0043546757013144,1.2505828291956493,-14.84546209519545
2013-08-06,1.0043546757013144,1.219095016034375,-14.84546209519545
2013-08-07,0.9978845473191673,1.2140028728490355,-15.394034034865832
2013-08-08,1.0063010155760317,1.2242421501988312,-14.680441035755953
2013-08-12,1.014753680278921,1.2345254632936227,-13.963779109194807
2013-08-13,1.0304656746580767,1.2536403061536776,-12.63163255450721
2013-08-14,1.038240318128114,1.263098754561721,-11.972456878739745
2013-08-16,0.9958504836206112,1.211528278788792,-15.566492787246844
2013-08-19,0.9790174588228675,1.1910496166849445,-16.99368627065555
2013-08-20,0.9766127788306247,1.1881241395576474,-17.197567846061556
2013-08-21,0.9587310282223276,1.166369622295743,-18.713677888477818
2013-08-22,0.9769196874370597,1.1896638869729104,-17.17154650002487
2013-08-23,0.9769196874370597,1.2035875599235135,-17.17154650002487
2013-08-26,0.9769196874370597,1.2046323885267276,-17.17154650002487
2013-08-27,0.9769196874370597,1.1630482530805093,-17.17154650002487
2013-08-28,0.9855654864539795,1.1625092985234649,-16.438509617820362
2013-08-29,1.0086987326415588,1.1897957793993852,-14.477149814356638
2013-08-30,1.0204005745100522,1.2035985151576345,-13.485005344823664
2013-09-02,1.0351234860803078,1.2209647093243374,-12.236718497846045
2013-09-03,0.9960925184697953,1.1749263045696803,-15.545971783822699
2013-09-04,1.0159809693465573,1.1983854347799412,-13.859723006347258
2013-09-05,1.0429931277116449,1.2302472295609104,-11.569488372069037
2013-09-06,1.0593010582793858,1.2494830096133192,-10.186815173768915
2013-09-10,1.0996467894508046,1.2970722244216164,-6.7660892315766
2013-09-11,1.1016054544364184,1.3006796111708097,-6.600023183600268
2013-09-12,1.1016054544364184,1.2869429290300538,-6.600023183600268
2013-09-13,1.1016054544364184,1.2869209111575561,-6.600023183600268
2013-09-16,1.1016054544364184,1.284710209354518,-6.600023183600268
2013-09-17,1.1016054544364184,1.2868329470718207,-6.600023183600268
2013-09-18,1.1016054544364184,1.2976661699577772,-6.600023183600268
2013-09-19,1.1016054544364184,1.3452002863827015,-6.600023183600268
2013-09-20,1.1016054544364184,1.3224450836668347,-6.600023183600268
2013-09-23,1.1016054544364184,1.2955324770063532,-6.600023183600268
2013-09-24,1.107550021386074,1.2961264225425142,-6.0960111409534505
2013-09-25,1.1040539309866422,1.292035072215393,-6.392428302778441
2013-09-26,1.105632783876712,1.2938827476328572,-6.258564746879058
2013-09-27,1.0964133402785565,1.2830935604918963,-7.040238271515298
2013-09-30,1.0780118984103366,1.261559007146458,-8.600410506464284
2013-10-01,1.0864231470105292,1.271402392408317,-7.887260057643308
2013-10-03,1.1107923462654778,1.2999208001015548,-5.821109571296212
2013-10-04,1.110341166773088,1.2993928007786313,-5.859362971331161
2013-10-07,1.1101250301366807,1.2991398637555465,-5.877688186360119
2013-10-08,1.1131970342988187,1.3040340608969176,-5.617227314123097
2013-10-09,1.1131970342988187,1.3214222729361182,-5.617227314123097
2013-10-10,1.1131970342988187,1.324391785808411,-5.617227314123097
2013-10-11,1.1131970342988187,1.3409440705224869,-5.617227314123097
2013-10-14,1.1131970342988187,1.3445734751441778,-5.617227314123097
2013-10-15,1.1131970342988187,1.339371242596349,-5.617227314123097
2013-10-17,1.1131970342988187,1.3298688658475661,-5.617227314123097
2013-10-18,1.1131970342988187,1.361433687860455,-5.617227314123097
2013-10-21,1.1131970342988187,1.3648651464381778,-5.617227314123097
2013-10-22,1.1131970342988187,1.3643921380943709,-5.617227314123097
2013-10-23,1.1131970342988187,1.359014084779328,-5.617227314123097
2013-10-24,1.1131970342988187,1.3559345899488022,-5.617227314123097
2013-10-25,1.1131970342988187,1.3516562488118335,-5.617227314123097
2013-10-28,1.1131970342988187,1.3420218722323196,-5.617227314123097
2013-10-29,1.1131970342988187,1.368373506463259,-5.617227314123097
2013-10-30,1.1131970342988187,1.375148459532969,-5.617227314123097
2013-10-31,1.1131970342988187,1.385585682926733,-5.617227314123097
2013-11-01,1.1131970342988187,1.3873564568968388,-5.617227314123097
2013-11-05,1.1131970342988187,1.3754673427692912,-5.617227314123097
2013-11-06,1.1131970342988187,1.3671087139435785,-5.617227314123097
2013-11-07,1.1131970342988187,1.360971742155025,-5.617227314123097
2013-11-08,1.1131970342988187,1.3507434200393502,-5.617227314123097
2013-11-11,1.1131970342988187,1.3371166124525713,-5.617227314123097
2013-11-12,1.1131970342988187,1.3237538045272543,-5.617227314123097
2013-11-13,1.1131970342988187,1.3174958955463467,-5.617227314123097
2013-11-14,1.1131970342988187,1.3321344512254647,-5.617227314123097
2013-11-18,1.1131970342988187,1.3613566790088405,-5.617227314123097
2013-11-19,1.1131970342988187,1.3645131826909807,-5.617227314123097
2013-11-20,1.1131970342988187,1.3468170426495787,-5.617227314123097
2013-11-21,1.1131970342988187,1.3195744901143982,-5.617227314123097
2013-11-22,1.1061922138963514,1.318782705938525,-6.2111332906763845
2013-11-25,1.1283143788879455,1.345156358041962,-4.335498335327936
2013-11-26,1.1179359569171787,1.3327833877407427,-5.215436218311953
2013-11-27,1.117566946358218,1.3323434599078106,-5.246722898595834
2013-11-28,1.1239785048201587,1.3399872060050084,-4.703116828663467
2013-11-29,1.139523074616374,1.3585191659672793,-3.3851654217051608
2013-12-02,1.1472261700346766,1.36770265947974,-2.7320559707792347
2013-12-03,1.1442740855629918,1.3641832368162818,-2.982349413050245
2013-12-04,1.1367278376503414,1.3551867341136685,-3.622160497185578
2013-12-05,1.1503791899449436,1.3728168205375773,-2.464726151981955
2013-12-06,1.1503791899449436,1.3769520992054378,-2.464726151981955
2013-12-09,1.1503791899449436,1.3998283465179147,-2.464726151981955
2013-12-10,1.1503791899449436,1.392998509873344,-2.464726151981955
2013-12-11,1.1503791899449436,1.3875103671958118,-2.464726151981955
2013-12-12,1.1503791899449436,1.3719259022333357,-2.464726151981955
2013-12-13,1.1503791899449436,1.3568254008487874,-2.464726151981955
2013-12-16,1.1503791899449436,1.3538119596357552,-2.464726151981955
2013-12-17,1.1503791899449436,1.3503694384196556,-2.464726151981955
2013-12-18,1.1503791899449436,1.3675486417765113,-2.464726151981955
2013-12-19,1.1503791899449436,1.356440463994972,-2.464726151981955
2013-12-20,1.1503791899449436,1.3801086028875782,-2.464726151981955
2013-12-23,1.1503791899449436,1.382363233031356,-2.464726151981955
2013-12-24,1.1503791899449436,1.3788217924954,-2.464726151981955
2013-12-26,1.1503791899449436,1.3811314136182944,-2.464726151981955
2013-12-27,1.1503791899449436,1.388808132822111,-2.464726151981955
2013-12-30,1.1503791899449436,1.3838150163608836,-2.464726151981955
2013-12-31,1.1503791899449436,1.3866525294024454,-2.464726151981955
2014-01-02,1.1503791899449436,1.3684284974423757,-2.464726151981955
2014-01-03,1.1503791899449436,1.3662288582777145,-2.464726151981955
2014-01-06,1.1503791899449436,1.3618956335658856,-2.464726151981955
2014-01-07,1.1503791899449436,1.3554726442433724,-2.464726151981955
2014-01-08,1.1503791899449436,1.3581892200925803,-2.464726151981955
2014-01-09,1.1503791899449436,1.356814445614667,-2.464726151981955
2014-01-10,1.1503791899449436,1.357496355236563,-2.464726151981955
2014-01-13,1.1503791899449436,1.379778657012879,-2.464726151981955
2014-01-14,1.1503791899449436,1.3729817934749269,-2.464726151981955
2014-01-15,1.1503791899449436,1.3903698981098715,-2.464726151981955
2014-01-16,1.1503791899449436,1.3899299702769392,-2.464726151981955
2014-01-17,1.1503791899449436,1.3773370360592536,-2.464726151981955
2014-01-20,1.1503791899449436,1.3866415741683245,-2.464726151981955
2014-01-21,1.1503791899449436,1.388808132822111,-2.464726151981955
2014-01-22,1.1503791899449436,1.3943403112446389,-2.464726151981955
2014-01-23,1.1503791899449436,1.3958140050424084,-2.464726151981955
2014-01-24,1.1503791899449436,1.3784588735140826,-2.464726151981955
2014-01-27,1.1503791899449436,1.3496656183295181,-2.464726151981955
2014-01-28,1.1481781921484102,1.347553943250592,-2.6513384661651096
2014-01-29,1.1470536756574263,1.3462341597517953,-2.7466809626683464
2014-01-30,1.138329338486897,1.3359948824019996,-3.4863767277757973
2014-01-31,1.1412905286411337,1.3394702693204619,-3.235311257247475
2014-02-03,1.1248538093258968,1.3201793908846804,-4.628903851400157
2014-02-04,1.1246851501549264,1.3199814448407121,-4.643203674077201
2014-02-05,1.1287146675809523,1.3247106690447337,-4.3015597282738955
2014-02-06,1.1313197791490543,1.3277681460027615,-4.080684496506503
2014-02-07,1.136361434627675,1.333685261279105,-3.6532260966565033
2014-02-10,1.1333977338951984,1.3315406130935603,-3.9045044273776086
2014-02-11,1.1333977338951984,1.333575279320872,-3.9045044273776086
2014-02-12,1.1333977338951984,1.338260467779898,-3.9045044273776086
2014-02-13,1.1333977338951984,1.3200254805857075,-3.9045044273776086
2014-02-14,1.1333977338951984,1.330418775638732,-3.9045044273776086
2014-02-18,1.1333977338951984,1.3477409340604394,-3.9045044273776086
2014-02-19,1.1333977338951984,1.3533829870369443,-3.9045044273776086
2014-02-20,1.1333977338951984,1.3398992419192732,-3.9045044273776086
2014-02-21,1.1333977338951984,1.353976932573105,-3.9045044273776086
2014-02-24,1.1333977338951984,1.3607188051319403,-3.9045044273776086
2014-02-25,1.1333977338951984,1.3637872373240891,-3.9045044273776086
2014-02-26,1.1333977338951984,1.3723108390871515,-3.9045044273776086
2014-02-28,1.1333977338951984,1.380702548423739,-3.9045044273776086
2014-03-03,1.1333977338951984,1.3684945510598692,-3.9045044273776086
2014-03-04,1.1333977338951984,1.3853217906695279,-3.9045044273776086
2014-03-05,1.1333977338951984,1.3920746184624841,-3.9045044273776086
2014-03-06,1.1333977338951984,1.4080220024062782,-3.9045044273776086
2014-03-07,1.1333977338951984,1.4356274739227766,-3.9045044273776086
2014-03-10,1.1333977338951984,1.4379591129181686,-3.9045044273776086
2014-03-11,1.1333977338951984,1.432383006154901,-3.9045044273776086
2014-03-12,1.1333977338951984,1.4334828257372316,-3.9045044273776086
2014-03-13,1.1333977338951984,1.4282477274870404,-3.9045044273776086
2014-03-14,1.1333977338951984,1.4306893484406655,-3.9045044273776086
2014-03-18,1.1333977338951984,1.433427834758115,-3.9045044273776086
2014-03-19,1.1333977338951984,1.4350555462591132,-3.9045044273776086
2014-03-20,1.1333977338951984,1.4260480883223792,-3.9045044273776086
2014-03-21,1.1333977338951984,1.428269745359538,-3.9045044273776086
2014-03-24,1.1333977338951984,1.4481324440547265,-3.9045044273776086
2014-03-25,1.1333977338951984,1.4495072185326396,-3.9045044273776086
2014-03-26,1.1333977338951984,1.4520697766786188,-3.9045044273776086
2014-03-27,1.1333977338951984,1.4609453421888783,-3.9045044273776086
2014-03-28,1.1333977338951984,1.4728563667846677,-3.9045044273776086
2014-03-31,1.1333977338951984,1.47468213173389,-3.9045044273776086
2014-04-01,1.1333977338951984,1.4783884378029395,-3.9045044273776086
2014-04-02,1.1333977338951984,1.4853173011716225,-3.9045044273776086
2014-04-03,1.1333977338951984,1.4816989591883085,-3.9045044273776086
2014-04-04,1.1333977338951984,1.472515465675848,-3.9045044273776086
2014-04-07,1.1333977338951984,1.4726693759748204,-3.9045044273776086
2014-04-09,1.1333977338951984,1.4949188120487737,-3.9045044273776086
2014-04-10,1.1333977338951984,1.4949627403895134,-3.9045044273776086
2014-04-11,1.1333977338951984,1.4905414441876932,-3.9045044273776086
2014-04-15,1.1333977338951984,1.4810390674389102,-3.9045044273776086
2014-04-16,1.1333977338951984,1.4683250886246146,-3.9045044273776086
2014-04-17,1.1333977338951984,1.4912233538095896,-3.9045044273776086
2014-04-21,1.1333977338951984,1.4996369736144186,-3.9045044273776086
2014-04-22,1.1333977338951984,1.499131099568249,-3.9045044273776086
2014-04-23,1.1333977338951984,1.504729116799758,-3.9045044273776086
2014-04-25,1.1333977338951984,1.491960254410602,-3.9045044273776086
2014-04-28,1.1333977338951984,1.4872310302065803,-3.9045044273776086
2014-04-29,1.1333977338951984,1.4771126900491387,-3.9045044273776086
2014-04-30,1.1333977338951984,1.472966348742901,-3.9045044273776086
2014-05-02,1.1333977338951984,1.472614384995704,-3.9045044273776086
2014-05-05,1.1333977338951984,1.4736152852581785,-3.9045044273776086
2014-05-06,1.1333977338951984,1.4771236452832595,-3.9045044273776086
2014-05-07,1.1333977338951984,1.4633209095250101,-3.9045044273776086
2014-05-08,1.1333977338951984,1.4649267105577666,-3.9045044273776086
2014-05-09,1.1333977338951984,1.5086884672961483,-3.9045044273776086
2014-05-12,1.1333977338951984,1.5428819010725097,-3.9045044273776086
2014-05-13,1.1333977338951984,1.5636684911785583,-3.9045044273776086
2014-05-14,1.1333977338951984,1.5636684911785583,-3.9045044273776086
2014-05-15,1.1333977338951984,1.5668359500948195,-3.9045044273776086
2014-05-16,1.1333977338951984,1.584400090305491,-3.9045044273776086
2014-05-19,1.1333977338951984,1.5977188624858123,-3.9045044273776086
2014-05-20,1.1333977338951984,1.600347474249285,-3.9045044273776086
2014-05-21,1.1333977338951984,1.5953762682562993,-3.9045044273776086
2014-05-22,1.1333977338951984,1.600545420293253,-3.9045044273776086
2014-05-23,1.1333977338951984,1.620496190478433,-3.9045044273776086
2014-05-26,1.1333977338951984,1.618725416508327,-3.9045044273776086
2014-05-27,1.1333977338951984,1.609695940699095,-3.9045044273776086
2014-05-28,1.1333977338951984,1.612258498845074,-3.9045044273776086
2014-05-29,1.1333977338951984,1.5915818906972585,-3.9045044273776086
2014-05-30,1.1333977338951984,1.5903281608159554,-3.9045044273776086
2014-06-02,1.1333977338951984,1.6194843349818375,-3.9045044273776086
2014-06-03,1.1333977338951984,1.6312194314061566,-3.9045044273776086
2014-06-04,1.1333977338951984,1.628227900661366,-3.9045044273776086
2014-06-05,1.1333977338951984,1.644032329540308,-3.9045044273776086
2014-06-06,1.1333977338951984,1.668074342648353,-3.9045044273776086
2014-06-09,1.1333977338951984,1.6837358164624434,-3.9045044273776086
2014-06-10,1.1333977338951984,1.6841317085503797,-3.9045044273776086
2014-06-11,1.1333977338951984,1.6776318177805083,-3.9045044273776086
2014-06-12,1.1333977338951984,1.6827019430933499,-3.9045044273776086
2014-06-13,1.1333977338951984,1.6589898758600041,-3.9045044273776086
2014-06-16,1.1333977338951984,1.6571091199316652,-3.9045044273776086
2014-06-17,1.1333977338951984,1.6786986642562203,-3.9045044273776086
2014-06-18,1.1333977338951984,1.66253131639596,-3.9045044273776086
2014-06-19,1.1333977338951984,1.658681947857803,-3.9045044273776086
2014-06-20,1.1333977338951984,1.6522480033011688,-3.9045044273776086
2014-06-23,1.1333977338951984,1.6482666349322808,-3.9045044273776086
2014-06-24,1.1333977338951984,1.6673705225582147,-3.9045044273776086
2014-06-25,1.1333977338951984,1.6649618747112083,-3.9045044273776086
2014-06-26,1.1333977338951984,1.6482336618256619,-3.9045044273776086
2014-06-27,1.1333977338951984,1.6516650129991284,-3.9045044273776086
2014-06-30,1.1333977338951984,1.674222377075283,-3.9045044273776086
2014-07-01,1.1333977338951984,1.6793585560056181,-3.9045044273776086
2014-07-02,1.1333977338951984,1.6992542278074254,-3.9045044273776086
2014-07-03,1.1333977338951984,1.6969775797911497,-3.9045044273776086
2014-07-04,1.1333977338951984,1.7050723163596566,-3.9045044273776086
2014-07-07,1.1333977338951984,1.7128919906283249,-3.9045044273776086
2014-07-08,1.1333977338951984,1.6768289709662576,-3.9045044273776086
2014-07-09,1.1244070407035078,1.6684263063955491,-4.666783274387187
2014-07-10,1.121849885601051,1.6646319288365086,-4.883592501614187
2014-07-11,1.1058176493918608,1.6408428527515486,-6.242890864038775
2014-07-14,1.105009707667064,1.6396440064451059,-6.3113924660062715
2014-07-15,1.1157571711411582,1.6555913903889,-5.400165279110158
2014-07-16,1.1302477167217473,1.6770928632234634,-4.1715796581571425
2014-07-17,1.1326270262035425,1.6806233485252984,-3.9698491297326943
2014-07-18,1.1361032313041848,1.6857814379238754,-3.6751179494344366
2014-07-21,1.1391125645068751,1.6902467698706913,-3.419970654881599
2014-07-22,1.1503737867016923,1.7086467300022314,-2.465184267718734
2014-07-23,1.1503737867016923,1.714783701790785,-2.465184267718734
2014-07-24,1.1503737867016923,1.7224494657604805,-2.465184267718734
2014-07-25,1.1503737867016923,1.7136179359952168,-2.465184267718734
2014-07-28,1.1503737867016923,1.7044344424827562,-2.465184267718734
2014-07-30,1.1503737867016923,1.713826837273306,-2.465184267718734
2014-07-31,1.1503737867016923,1.6984073452481796,-2.465184267718734
2014-08-01,1.1503737867016923,1.6722976928062043,-2.465184267718734
2014-08-04,1.1503737867016923,1.6901257252740811,-2.465184267718734
2014-08-05,1.1503737867016923,1.703961434138949,-2.465184267718734
2014-08-06,1.1503737867016923,1.687574122362223,-2.465184267718734
2014-08-07,1.1503737867016923,1.6825589880284977,-2.465184267718734
2014-08-08,1.1503737867016923,1.664807857007979,-2.465184267718734
2014-08-11,1.1503737867016923,1.6774338717365396,-2.465184267718734
2014-08-12,1.1503737867016923,1.69967213776786,-2.465184267718734
2014-08-13,1.1503737867016923,1.7024216867236865,-2.465184267718734
2014-08-14,1.1503737867016923,1.7138928908907998,-2.465184267718734
2014-08-18,1.1503737867016923,1.732050869233376,-2.465184267718734
2014-08-19,1.1503737867016923,1.7371650302912132,-2.465184267718734
2014-08-20,1.1503737867016923,1.7322817883839627,-2.465184267718734
2014-08-21,1.1503737867016923,1.7357572827066814,-2.465184267718734
2014-08-22,1.1503737867016923,1.7406185067414341,-2.465184267718734
2014-08-25,1.1503737867016923,1.7391006697944131,-2.465184267718734
2014-08-26,1.1503737867016923,1.7387597686855931,-2.465184267718734
2014-08-27,1.1503737867016923,1.7456445963092804,-2.465184267718734
2014-08-28,1.1503737867016923,1.749670000423164,-2.465184267718734
2014-09-01,1.1503737867016923,1.7658043751768053,-2.465184267718734
2014-09-02,1.1503737867016923,1.7779792920298003,-2.465184267718734
2014-09-03,1.1503737867016923,1.7849192180368603,-2.465184267718734
2014-09-04,1.1503737867016923,1.7808169124756181,-2.465184267718734
2014-09-05,1.1503737867016923,1.7788152193549251,-2.465184267718734
2014-09-08,1.1503737867016923,1.7979630353215987,-2.465184267718734
2014-09-09,1.1503737867016923,1.793354855714187,-2.465184267718734
2014-09-10,1.1503737867016923,1.7804099577493044,-2.465184267718734
2014-09-11,1.1503737867016923,1.77856228233184,-2.465184267718734
2014-09-12,1.1503737867016923,1.7829175249161668,-2.465184267718734
2014-09-15,1.1503737867016923,1.768949816220568,-2.465184267718734
2014-09-16,1.1503737867016923,1.7449517314532625,-2.465184267718734
2014-09-17,1.1503737867016923,1.7543222157755705,-2.465184267718734
2014-09-18,1.1503737867016923,1.7849521911434783,-2.465184267718734
2014-09-19,1.1503737867016923,1.786425992345504,-2.465184267718734
2014-09-22,1.1503737867016923,1.7918920097462823,-2.465184267718734
2014-09-23,1.1503737867016923,1.7635716555012688,-2.465184267718734
2014-09-24,1.1503737867016923,1.760239223647658,-2.465184267718734
2014-09-25,1.1503737867016923,1.7403215339733529,-2.465184267718734
2014-09-26,1.1503737867016923,1.752859477211922,-2.465184267718734
2014-09-29,1.1503737867016923,1.7506707932813814,-2.465184267718734
2014-09-30,1.1503737867016923,1.7519685589076803,-2.465184267718734
2014-10-01,1.1503737867016923,1.7477342535157074,-2.465184267718734
2014-10-07,1.1503737867016923,1.7272446361777394,-2.465184267718734
2014-10-08,1.1503737867016923,1.7251110506305718,-2.465184267718734
2014-10-09,1.1503737867016923,1.7510337122626998,-2.465184267718734
2014-10-10,1.1503737867016923,1.7289054281896126,-2.465184267718734
2014-10-13,1.1503737867016923,1.734250508398037,-2.465184267718734
2014-10-14,1.1503737867016923,1.7297962390895982,-2.465184267718734
2014-10-16,1.1503737867016923,1.7043244605245236,-2.465184267718734
2014-10-17,1.1503737867016923,1.7112533238932066,-2.465184267718734
2014-10-20,1.1503737867016923,1.7331836619223253,-2.465184267718734
2014-10-21,1.1503737867016923,1.7438189387643137,-2.465184267718734
2014-10-22,1.1503737867016923,1.7588094581906288,-2.465184267718734
2014-10-27,1.1503737867016923,1.7578856741840247,-2.465184267718734
2014-10-28,1.1503737867016923,1.7657823573043077,-2.465184267718734
2014-10-29,1.1503737867016923,1.7796071109350549,-2.465184267718734
2014-10-30,1.1503737867016923,1.796929269356762,-2.465184267718734
2014-10-31,1.1503737867016923,1.8305837485760788,-2.465184267718734
2014-11-03,1.1503737867016923,1.8310127211748903,-2.465184267718734
2014-11-05,1.1503737867016923,1.8341250817077788,-2.465184267718734
2014-11-07,1.1503737867016923,1.8338391715780753,-2.465184267718734
2014-11-10,1.1503737867016923,1.8354339099724548,-2.465184267718734
2014-11-11,1.1503737867016923,1.8394813319588366,-2.465184267718734
2014-11-12,1.1503737867016923,1.8440234579487547,-2.465184267718734
2014-11-13,1.1503737867016923,1.8384253333129894,-2.465184267718734
2014-11-14,1.1503737867016923,1.8454753486825384,-2.465184267718734
2014-11-17,1.1503737867016923,1.8544607887467746,-2.465184267718734
2014-11-18,1.1503737867016923,1.8533940496753187,-2.465184267718734
2014-11-19,1.1503737867016923,1.8438034940322885,-2.465184267718734
2014-11-20,1.1503737867016923,1.848114915680132,-2.465184267718734
2014-11-21,1.1503737867016923,1.8647110213306912,-2.465184267718734
2014-11-24,1.1503737867016923,1.8763252879669123,-2.465184267718734
2014-11-25,1.1503737867016923,1.861576535521049,-2.465184267718734
2014-11-26,1.1503737867016923,1.8643591649877502,-2.465184267718734
2014-11-27,1.1503737867016923,1.8684175422082527,-2.465184267718734
2014-11-28,1.1503737867016923,1.889105105590189,-2.465184267718734
2014-12-01,1.1503737867016923,1.881989358815915,-2.465184267718734
2014-12-02,1.1503737867016923,1.8751264416604694,-2.465184267718734
2014-12-03,1.1503737867016923,1.8779750173404084,-2.465184267718734
2014-12-04,1.1503737867016923,1.8838590521058773,-2.465184267718734
2014-12-05,1.1503737867016923,1.8781178650010042,-2.465184267718734
2014-12-08,1.1503737867016923,1.8561105181202708,-2.465184267718734
2014-12-09,1.1503737867016923,1.8346530810307027,-2.465184267718734
2014-12-10,1.1503737867016923,1.8379415845435738,-2.465184267718734
2014-12-11,1.1503737867016923,1.8241388487853245,-2.465184267718734
2014-12-12,1.1503737867016923,1.8090051594856453,-2.465184267718734
2014-12-15,1.1503737867016923,1.8080153218615478,-2.465184267718734
2014-12-16,1.1503737867016923,1.774580913962953,-2.465184267718734
2014-12-17,1.1503737867016923,1.7662662134779799,-2.465184267718734
2014-12-18,1.1503737867016923,1.794751540660343,-2.465184267718734
2014-12-19,1.1503737867016923,1.8092472486788653,-2.465184267718734
2014-12-22,1.1503737867016923,1.8309796406640162,-2.465184267718734
2014-12-23,1.1503737867016923,1.8184416974254471,-2.465184267718734
2014-12-24,1.1503737867016923,1.7980070710665954,-2.465184267718734
2014-12-26,1.1503737867016923,1.8038581327254457,-2.465184267718734
2014-12-29,1.1503737867016923,1.8138884013928962,-2.465184267718734
2014-12-30,1.1503737867016923,1.8143173739917078,-2.465184267718734
2014-12-31,1.1503737867016923,1.8218951738756684,-2.465184267718734
2015-01-02,1.1503737867016923,1.846696105457224,-2.465184267718734
2015-01-05,1.1503737867016923,1.842945763643179,-2.465184267718734
2015-01-06,1.1503737867016923,1.787723757971805,-2.465184267718734
2015-01-07,1.146878384897212,1.7821696690810354,-2.761543046796766
2015-01-08,1.165634117876076,1.8113147806085406,-1.1713321247777686
2015-01-09,1.1726976790165138,1.8222910659636051,-0.5724457956467699
2015-01-12,1.1781474781162948,1.830759676747551,-0.11038280610393691
2015-01-13,1.1748068773389686,1.8255686142423553,-0.3936167297365456
2015-01-14,1.1717138564669718,1.8207622737824631,-0.6558595105558784
2015-01-15,1.2023743675904581,1.8684065869741329,0.0
2015-01-16,1.205155805488355,1.8727287490475848,0.0
2015-01-19,1.2103791747249704,1.8808455034885896,0.0
2015-01-20,1.2296797746753523,1.9127181460994238,0.0
2015-01-21,1.2296797746753523,1.9201750087910303,0.0
2015-01-22,1.2296797746753523,1.9271919436497045,0.0
2015-01-23,1.2296797746753523,1.9435130944046812,0.0
2015-01-27,1.2296797746753523,1.9599884776713985,0.0
2015-01-28,1.2296797746753523,1.9608242975922674,0.0
2015-01-29,1.2296797746753523,1.9691938816521009,0.0
2015-01-30,1.2296797746753523,1.9376402296818451,0.0
2015-02-02,1.2296797746753523,1.9351106446424848,0.0
2015-02-03,1.2296797746753523,1.9261249897697363,0.0
2015-02-04,1.2296797746753523,1.918899261037229,0.0
2015-02-05,1.2296797746753523,1.9162596940396357,0.0
2015-02-06,1.2296797746753523,1.9051184357472217,0.0
2015-02-09,1.2296797746753523,1.8754892532375322,0.0
2015-02-10,1.2296797746753523,1.884111881724707,0.0
2015-02-11,1.2296797746753523,1.8977167788432439,0.0
2015-02-12,1.2296797746753523,1.9162266135287607,0.0
2015-02-13,1.2296797746753523,1.9368922664424553,0.0
2015-02-16,1.2296797746753523,1.937739041597445,0.0
2015-02-18,1.2296797746753523,1.9508818856062957,0.0
2015-02-19,1.2296797746753523,1.9566449831794108,0.0
2015-02-20,1.2296797746753523,1.9430731665717484,0.0
2015-02-23,1.2296797746753523,1.9257731334267951,0.0
2015-02-24,1.2296797746753523,1.9273457465444204,0.0
2015-02-25,1.2296797746753523,1.9284786466376258,0.0
2015-02-26,1.2296797746753523,1.9101335700809463,0.0
2015-02-27,1.2296797746753523,1.9454927696528759,0.0
2015-03-02,1.2296797746753523,1.9701618088079564,0.0
2015-03-03,1.2296797746753523,1.9788503835083684,0.0
2015-03-04,1.2296797746753523,1.9626611251798667,0.0
2015-03-05,1.2296797746753523,1.9659824943951005,0.0
2015-03-09,1.2296797746753523,1.9261690255147321,0.0
2015-03-10,1.2203594693787865,1.916336595486994,-0.7579457260754263
2015-03-11,1.2186645900785533,1.9136751180211586,-0.8957766748426077
2015-03-12,1.2293174331379286,1.930403330906705,-0.02946633301497137
2015-03-13,1.2113525333202508,1.9021929586199244,-1.490407643724967
2015-03-16,1.2093074610411156,1.898981571362924,-1.6567169806151472
2015-03-17,1.221935337783846,1.9188111895472377,-0.6297929795219148
2015-03-18,1.21669653289595,1.910584667956512,-1.0558229912198014
2015-03-19,1.209517576828457,1.8993115172376231,-1.639629947741339
2015-03-20,1.2005876558664534,1.8852888175629077,-2.365828844877882
2015-03-23,1.1965855243793702,1.8808895392335852,-2.6912901210170204
2015-03-24,1.1965855243793702,1.879140783135977,-2.6912901210170204
2015-03-25,1.1965855243793702,1.8764681356275088,-2.6912901210170204
2015-03-26,1.1965855243793702,1.8349720716712816,-2.6912901210170204
2015-03-27,1.187607483136209,1.834807098733932,-3.421402254928596
2015-03-30,1.2090917981132132,1.8679995248435628,-1.674255117969592
2015-03-31,1.208906738326942,1.8677136147138593,-1.689304547104098
2015-04-01,1.2224679639570963,1.8886651777572576,-0.5864787619329515
2015-04-06,1.2329539436422892,1.9048656061283924,0.0
2015-04-07,1.2330108102482882,1.9049534628098714,0.0
2015-04-08,1.2407133850789653,1.916853639575796,0.0
2015-04-09,1.2498110687717343,1.9309092049528742,0.0
2015-04-10,1.2501029098621799,1.9313600880199273,0.0
2015-04-13,1.256491285192859,1.9431612380617398,0.0
2015-04-16,1.256491285192859,1.9151598744573046,0.0
2015-04-17,1.256491285192859,1.8930094651074636,0.0
2015-04-20,1.256491285192859,1.8582770767740577,0.0
2015-04-21,1.256491285192859,1.8428027011740709,0.0
2015-04-22,1.256491285192859,1.8542298695961885,0.0
2015-04-23,1.256491285192859,1.8473229166957474,0.0
2015-04-24,1.256491285192859,1.826855317230277,0.0
2015-04-27,1.256491285192859,1.8067395741077474,0.0
2015-04-28,1.256491285192859,1.8225329403483128,0.0
2015-04-29,1.256491285192859,1.8124476807017458,0.0
2015-04-30,1.256491285192859,1.7996347825675942,0.0
2015-05-04,1.256491285192859,1.8327283967616248,0.0
2015-05-05,1.256491285192859,1.8311555688354872,0.0
2015-05-06,1.256491285192859,1.7810478316262066,0.0
2015-05-07,1.2521701506333374,1.772315221180799,-0.34390485715611874
2015-05-08,1.2730259562819883,1.8018344217322553,0.0
2015-05-11,1.2938117979047334,1.8312545955595996,0.0
2015-05-12,1.2629943897996445,1.7876357938860694,-2.381908107113895
2015-05-13,1.2798561753403388,1.811501878822644,-1.0786439408726256
2015-05-14,1.2781078335216034,1.8090272847624003,-1.213775018017449
2015-05-15,1.2840365638296682,1.8174187792904757,-0.7555375589321178
2015-05-18,1.301333613635652,1.841900935039965,0.0
2015-05-19,1.300090348342329,1.8401412237082362,-0.0955377837239979
2015-05-20,1.3077417073995998,1.85281105937328,0.0
2015-05-21,1.3077417073995998,1.8523161405612312,0.0
2015-05-22,1.3077417073995998,1.8606638141528231,0.0
2015-05-25,1.3077417073995998,1.8411529718005755,0.0
2015-05-26,1.3077417073995998,1.8343560008583675,0.0
2015-05-27,1.3077417073995998,1.8333111722551534,0.0
2015-05-28,1.3077417073995998,1.8298798210816867,0.0
2015-05-29,1.3077417073995998,1.8550987700279329,0.0
2015-06-01,1.3077417073995998,1.8550437790488163,0.0
2015-06-02,1.3077417073995998,1.8117218427391106,0.0
2015-06-03,1.290969701724106,1.7894284783244176,-1.2825166912237118
2015-06-04,1.2902634943946045,1.7884495959344409,-1.336518741132009
2015-06-05,1.2877324144716111,1.78494123590936,-1.530064600277714
2015-06-08,1.2765366959706606,1.7694227171601213,-2.3861754391078738
2015-06-09,1.273085159950767,1.764638501976983,-2.650106458541124
2015-06-10,1.2892796547563912,1.7870858840949049,-1.4117506950145242
2015-06-11,1.2640318516378113,1.7520896035042932,-3.3423921187544114
2015-06-12,1.2668168531560182,1.7559499272765713,-3.1294294593509075
2015-06-15,1.2717362838050617,1.762768808687021,-2.753251914411581
2015-06-16,1.2757648218201247,1.7701155820161385,-2.445198879758914
2015-06-17,1.2757648218201247,1.7798489853197645,-2.445198879758914
2015-06-18,1.2757648218201247,1.7981170530248298,-2.445198879758914
2015-06-19,1.2757648218201247,1.8091922576997506,-2.445198879758914
2015-06-22,1.2757648218201247,1.837380504709777,-2.445198879758914
2015-06-23,1.2757648218201247,1.8436385210949406,-2.445198879758914
2015-06-24,1.2757648218201247,1.8390852250623895,-2.445198879758914
2015-06-25,1.2757648218201247,1.8472569704825108,-2.445198879758914
2015-06-26,1.2757648218201247,1.8435394943708283,-2.445198879758914
2015-06-29,1.2757648218201247,1.829747928655212,-2.445198879758914
2015-06-30,1.2757648218201247,1.84076803494676,-2.445198879758914
2015-07-01,1.2757648218201247,1.8593659411222685,-2.445198879758914
2015-07-02,1.2757648218201247,1.8575733640881769,-2.445198879758914
2015-07-03,1.2757648218201247,1.866371920746822,-2.445198879758914
2015-07-06,1.2757648218201247,1.874565576635185,-2.445198879758914
2015-07-07,1.2757648218201247,1.8720688572981872,-2.445198879758914
2015-07-08,1.2757648218201247,1.8395691886403174,-2.445198879758914
2015-07-09,1.2757648218201247,1.831980433522236,-2.445198879758914
2015-07-10,1.2757648218201247,1.839019278849152,-2.445198879758914
2015-07-13,1.2757648218201247,1.860817831856052,-2.445198879758914
2015-07-14,1.2757648218201247,1.8595968602728552,-2.445198879758914
2015-07-15,1.2757648218201247,1.8749283882122463,-2.445198879758914
2015-07-16,1.2757648218201247,1.8934603481745171,-2.445198879758914
2015-07-17,1.2757648218201247,1.8938562402624537,-2.445198879758914
2015-07-20,1.2757648218201247,1.8924486000821779,-2.445198879758914
2015-07-21,1.2757648218201247,1.8761712702636848,-2.445198879758914
2015-07-22,1.2757648218201247,1.8990584728102826,-2.445198879758914
2015-07-23,1.2757648218201247,1.8894460066990104,-2.445198879758914
2015-07-24,1.2757648218201247,1.8744334694001974,-2.445198879758914
2015-07-27,1.2757648218201247,1.8391183055732636,-2.445198879758914
2015-07-28,1.2757648218201247,1.8338391715780766,-2.445198879758914
2015-07-29,1.2757648218201247,1.84220875563791,-2.445198879758914
2015-07-30,1.2757648218201247,1.8524920687327013,-2.445198879758914
2015-07-31,1.2757648218201247,1.876919018694562,-2.445198879758914
2015-08-03,1.2757648218201247,1.8791626936042187,-2.445198879758914
2015-08-04,1.2757648218201247,1.873410766073737,-2.445198879758914
2015-08-05,1.2757648218201247,1.8846398810476301,-2.445198879758914
2015-08-06,1.2757648218201247,1.8891931770801813,-2.445198879758914
2015-08-07,1.2757648218201247,1.8839028730423613,-2.445198879758914
2015-08-10,1.2757648218201247,1.8753242803001824,-2.445198879758914
2015-08-11,1.2757648218201247,1.8614115625837,-2.445198879758914
2015-08-12,1.2757648218201247,1.836577765299782,-2.445198879758914
2015-08-13,1.2757648218201247,1.8379854054800577,-2.445198879758914
2015-08-14,1.2757648218201247,1.8737735776507984,-2.445198879758914
2015-08-17,1.2757648218201247,1.864700066096571,-2.445198879758914
2015-08-18,1.2757648218201247,1.86233545399456,-2.445198879758914
2015-08-19,1.2757648218201247,1.8686265508905986,-2.445198879758914
2015-08-20,1.2757648218201247,1.8417028815917402,-2.445198879758914
2015-08-21,1.2757648218201247,1.8256895514347087,-2.445198879758914
2015-08-24,1.2757648218201247,1.7176982236839626,-2.445198879758914
2015-08-25,1.27211382973262,1.733469679456286,-2.7243818458481894
2015-08-26,1.2577715206483537,1.7139258639974198,-3.821105228081323
2015-08-27,1.2831308417654965,1.7484822167550989,-1.881936279530394
2015-08-28,1.2916861771170343,1.7601403043278032,-1.227729466126104
2015-08-31,1.2867385474858548,1.7533983243647118,-1.6060633223596632
2015-09-01,1.2568029921179906,1.7126060804986227,-3.895166376768633
2015-09-02,1.2456891114682669,1.6974615433690787,-4.745019263377504
2015-09-03,1.2627997821713428,1.720777718514488,-3.4366056365689013
2015-09-04,1.2356890228646498,1.6838347357823,-5.5097030344183455
2015-09-07,1.218916522000549,1.6626632088224356,-6.79225759157569
2015-09-08,1.218916522000549,1.6911375807706777,-6.79225759157569
2015-09-09,1.218916522000549,1.7198098987628883,-6.79225759157569
2015-09-10,1.218916522000549,1.7131009993106714,-6.79225759157569
2015-09-11,1.218916522000549,1.713364891567877,-6.79225759157569
2015-09-14,1.218916522000549,1.7316109414004446,-6.79225759157569
2015-09-15,1.218916522000549,1.7221195198857826,-6.79225759157569
2015-09-16,1.218916522000549,1.7375279492725322,-6.79225759157569
2015-09-18,1.218916522000549,1.7557299633601038,-6.79225759157569
2015-09-21,1.218916522000549,1.7546741795227687,-6.79225759157569
2015-09-22,1.218916522000549,1.7183581154333605,-6.79225759157569
2015-09-23,1.2348061053723522,1.7258259333590877,-5.5772177039667525
2015-09-24,1.2383550237072807,1.7307860767136964,-5.30584008292373
2015-09-28,1.2268976933571918,1.7147727465566651,-6.181955778038439
2015-09-29,1.2343889833611361,1.7252429430570477,-5.6091140646055475
2015-09-30,1.2510084675622668,1.7484711541167215,-4.338260339661815
2015-10-01,1.251323230229537,1.7489110819496536,-4.314191162584324
2015-10-05,1.2778262314444062,1.7859529840016977,-2.2875676279132784
2015-10-06,1.2831142596238143,1.7933437930758107,-1.883204277758821
2015-10-07,1.2869701022978726,1.7987329090292308,-1.588356858559703
2015-10-08,1.2781209898529529,1.7881636858047358,-2.2650281304820274
2015-10-09,1.2781209898529529,1.8014385296443176,-2.2650281304820274
2015-10-12,1.2781209898529529,1.791298171614378,-2.2650281304820274
2015-10-13,1.2781209898529529,1.7886806224892824,-2.2650281304820274
2015-10-14,1.2781209898529529,1.783445416834835,-2.2650281304820274
2015-10-15,1.2781209898529529,1.799194854734661,-2.2650281304820274
2015-10-16,1.2781209898529529,1.8120958243588041,-2.2650281304820274
2015-10-19,1.2781209898529529,1.8202123639912968,-2.2650281304820274
2015-10-20,1.2781209898529529,1.817264976395758,-2.2650281304820274
2015-10-21,1.2781209898529529,1.8150762924652177,-2.2650281304820274
2015-10-23,1.2781209898529529,1.8246997138106107,-2.2650281304820274
2015-10-26,1.2781209898529529,1.817022887202538,-2.2650281304820274
2015-10-27,1.2781209898529529,1.810941013797357,-2.2650281304820274
2015-10-28,1.2781209898529529,1.7973691971896948,-2.2650281304820274
2015-10-29,1.2781209898529529,1.7842922993940813,-2.2650281304820274
2015-10-30,1.2781209898529529,1.7741849144707607,-2.2650281304820274
2015-11-02,1.2781209898529529,1.7708854557237688,-2.2650281304820274
2015-11-03,1.2781209898529529,1.773063184420188,-2.2650281304820274
2015-11-04,1.2781209898529529,1.7685539241326327,-2.2650281304820274
2015-11-05,1.2781209898529529,1.7499119822121287,-2.2650281304820274
2015-11-06,1.2781209898529529,1.749658937784788,-2.2650281304820274
2015-11-09,1.2781209898529529,1.7410584345743674,-2.2650281304820274
2015-11-10,1.2781209898529529,1.7120561707074577,-2.2650281304820274
2015-11-13,1.2781209898529529,1.7074149105891712,-2.2650281304820274
2015-11-16,1.2781209898529529,1.717170331765295,-2.2650281304820274
2015-11-17,1.2781209898529529,1.723978150537368,-2.2650281304820274
2015-11-18,1.2781209898529529,1.7007169663710753,-2.2650281304820274
2015-11-19,1.2781209898529529,1.7251220058646943,-2.2650281304820274
2015-11-20,1.2781209898529529,1.7281574649502245,-2.2650281304820274
2015-11-23,1.2781209898529529,1.7265517713217242,-2.2650281304820274
2015-11-24,1.2781209898529529,1.7226694296769482,-2.2650281304820274
2015-11-26,1.2781209898529529,1.7341514816739263,-2.2650281304820274
2015-11-27,1.2781209898529529,1.747107442277186,-2.2650281304820274
2015-11-30,1.2781209898529529,1.7454686681378109,-2.2650281304820274
2015-12-01,1.2781209898529529,1.749790937615519,-2.2650281304820274
2015-12-02,1.2781209898529529,1.744610830344444,-2.2650281304820274
2015-12-03,1.2781209898529529,1.7298292121962182,-2.2650281304820274
2015-12-04,1.2781209898529529,1.7117371800668795,-2.2650281304820274
2015-12-07,1.2781209898529529,1.7081077754451883,-2.2650281304820274
2015-12-08,1.2781209898529529,1.69409613840885,-2.2650281304820274
2015-12-09,1.2781209898529529,1.6744753140983692,-2.2650281304820274
2015-12-10,1.2781209898529529,1.6900487164224687,-2.2650281304820274
2015-12-11,1.2781209898529529,1.6740244310313164,-2.2650281304820274
2015-12-14,1.2781209898529529,1.68273491619997,-2.2650281304820274
2015-12-15,1.2781209898529529,1.6939201028331239,-2.2650281304820274
2015-12-16,1.2781209898529529,1.70491829865643,-2.2650281304820274
2015-12-17,1.2781209898529529,1.7254739696118915,-2.2650281304820274
2015-12-18,1.2781209898529529,1.707348964375934,-2.2650281304820274
2015-12-21,1.2781209898529529,1.7232963483197279,-2.2650281304820274
2015-12-22,1.2781209898529529,1.7126610714777397,-2.2650281304820274
2015-12-23,1.2781209898529529,1.730225211688411,-2.2650281304820274
2015-12-24,1.2781209898529529,1.729147302574322,-2.2650281304820274
2015-12-28,1.2781209898529529,1.7432470111006517,-2.2650281304820274
2015-12-29,1.2781209898529529,1.7440829384257768,-2.2650281304820274
2015-12-30,1.2781209898529529,1.7368900753956322,-2.2650281304820274
2015-12-31,1.2781209898529529,1.7479102890914362,-2.2650281304820274
2016-01-04,1.2781209898529529,1.7138048194008102,-2.2650281304820274
2016-01-05,1.2781209898529529,1.7123420808371617,-2.2650281304820274
2016-01-06,1.2781209898529529,1.7027406773642666,-2.2650281304820274
2016-01-07,1.2781209898529529,1.6647528660288646,-2.2650281304820274
2016-01-08,1.2751133625495703,1.6720227379106238,-2.4950144715434552
2016-01-11,1.2688228022568202,1.6637740910431442,-2.9760391461528424
2016-01-12,1.2598398330137708,1.6519949588738296,-3.6629461395003116
2016-01-13,1.268579534495499,1.663455100402566,-2.9946412722412385
2016-01-14,1.2642851622873141,1.657824002660182,-3.3230220361096796
2016-01-15,1.2476780831144538,1.6360475749300358,-4.5929271770784545
2016-01-18,1.2331175656535032,1.6169547499424788,-5.706336451904114
2016-01-19,1.2472252119183782,1.635453736798131,-4.627557195645049
2016-01-20,1.22612242984463,1.607782211664139,-6.2412383954066115
2016-01-21,1.219444488494402,1.60063338437899,-6.751885208339337
2016-01-22,1.219444488494402,1.6326712147356857,-6.751885208339337
2016-01-25,1.219444488494402,1.6356846559487177,-6.751885208339337
2016-01-27,1.219444488494402,1.6360366196959146,-6.751885208339337
2016-01-28,1.219444488494402,1.6331550709093572,-6.751885208339337
2016-01-29,1.219444488494402,1.6637080374256505,-6.751885208339337
2016-02-01,1.219444488494402,1.662036397583913,-6.751885208339337
2016-02-02,1.219444488494402,1.6399519344473092,-6.751885208339337
2016-02-03,1.219444488494402,1.6193303172786102,-6.751885208339337
2016-02-04,1.219444488494402,1.6286128375151832,-6.751885208339337
2016-02-05,1.219444488494402,1.6473317882873015,-6.751885208339337
2016-02-08,1.219444488494402,1.6249284419143755,-6.751885208339337
2016-02-09,1.219444488494402,1.6053406981147695,-6.751885208339337
2016-02-10,1.219444488494402,1.5871936750063143,-6.751885208339337
2016-02-11,1.219444488494402,1.5345452901192962,-6.751885208339337
2016-02-12,1.2108115306441143,1.5355571456158914,-7.412027635658114
2016-02-15,1.2423785369128597,1.575590578412726,-4.998171283893105
2016-02-16,1.2224843512839805,1.550360674232359,-6.519433893803905
2016-02-17,1.232925779541175,1.5636025449653224,-5.721001894723832
2016-02-18,1.2473737216112606,1.581925496245248,-4.6162010010661
2016-02-19,1.250669178309646,1.5861048106581044,-4.364205008299438
2016-02-22,1.2547971375611033,1.5913399089082956,-4.048549460411033
2016-02-23,1.2331165013875145,1.56384441935003,-5.70641783387601
2016-02-24,1.2173590827685383,1.5438607834624876,-6.911351386871667
2016-02-25,1.2077989979481758,1.5332804975996157,-7.642389080803791
2016-02-26,1.2077989979481758,1.5462913417777358,-7.642389080803791
2016-02-29,1.2077989979481758,1.53689883958293,-7.642389080803791
2016-03-01,1.2077989979481758,1.5886453509315857,-7.642389080803791
2016-03-02,1.2077989979481758,1.6208811273322499,-7.642389080803791
2016-03-03,1.2077989979481758,1.6443622754150085,-7.642389080803791
2016-03-04,1.2077989979481758,1.646506923600553,-7.642389080803791
2016-03-08,1.2077989979481758,1.6464958609621758,-7.642389080803791
2016-03-09,1.2077989979481758,1.6567241830778505,-7.642389080803791
2016-03-10,1.2077989979481758,1.6466828517720231,-7.642389080803791
2016-03-11,1.2077989979481758,1.6519730484055872,-7.642389080803791
2016-03-14,1.2077989979481758,1.6582529752589925,-7.642389080803791
2016-03-15,1.2077989979481758,1.6410628166680161,-7.642389080803791
2016-03-16,1.2077989979481758,1.6494544186003477,-7.642389080803791
2016-03-17,1.2077989979481758,1.6524898776858776,-7.642389080803791
2016-03-18,1.2077989979481758,1.6726826296600215,-7.642389080803791
2016-03-21,1.2077989979481758,1.694657003434136,-7.642389080803791
2016-03-22,1.2077989979481758,1.6969995976636492,-7.642389080803791
2016-03-23,1.2077989979481758,1.697351561410846,-7.642389080803791
2016-03-28,1.2077989979481758,1.6750472417620323,-7.642389080803791
2016-03-29,1.2077989979481758,1.6710658733931443,-7.642389080803791
2016-03-30,1.2077989979481758,1.7014649296104651,-7.642389080803791
2016-03-31,1.2077989979481758,1.7021687497006028,-7.642389080803791
2016-04-01,1.2077989979481758,1.6965926429373355,-7.642389080803791
2016-04-04,1.2077989979481758,1.7066559921156605,-7.642389080803791
2016-04-05,1.2077989979481758,1.6724296926369364,-7.642389080803791
2016-04-06,1.203158942079401,1.6748822688246827,-7.9972034789773545
2016-04-07,1.192429940441251,1.6599467403774841,-8.81762555295742
2016-04-08,1.1938125457336497,1.6618714246465627,-8.711900906830783
2016-04-11,1.2121734977241143,1.6874311672973727,-7.307881146156891
2016-04-12,1.2181068958715096,1.6956908768032295,-6.854167839177205
2016-04-13,1.2404655986000115,1.726815770983186,-5.144449276100904
2016-04-18,1.2506178717470522,1.7409484526161345,-4.368128303113961
2016-04-20,1.2506257414869977,1.7409594078502553,-4.36752652220409
2016-04-21,1.2501990781350465,1.7403654623140943,-4.400152487219733
2016-04-22,1.246934225630845,1.7375609223791513,-4.649808247659881
2016-04-25,1.246934225630845,1.7278275190755252,-4.649808247659881
2016-04-26,1.246934225630845,1.7514956579681313,-4.649808247659881
2016-04-27,1.246934225630845,1.755290035527172,-4.649808247659881
2016-04-28,1.246934225630845,1.7261118434887919,-4.649808247659881
2016-04-29,1.246934225630845,1.726672708514078,-4.649808247659881
2016-05-02,1.246934225630845,1.7170163140620665,-4.649808247659881
2016-05-03,1.246934225630845,1.704060460863063,-4.649808247659881
2016-05-04,1.246934225630845,1.6951628774803058,-4.649808247659881
2016-05-05,1.246934225630845,1.7015308758237027,-4.649808247659881
2016-05-06,1.246934225630845,1.7010799927566496,-4.649808247659881
2016-05-09,1.246934225630845,1.7302471221566529,-4.649808247659881
2016-05-10,1.246934225630845,1.735031337339791,-4.649808247659881
2016-05-11,1.246934225630845,1.726463807235989,-4.649808247659881
2016-05-12,1.246934225630845,1.7378029041681153,-4.649808247659881
2016-05-13,1.246934225630845,1.7189959893102618,-4.649808247659881
2016-05-16,1.246934225630845,1.7290813563610847,-4.649808247659881
2016-05-17,1.246934225630845,1.7356802738550685,-4.649808247659881
2016-05-18,1.246934225630845,1.7311489956950152,-4.649808247659881
2016-05-19,1.246934225630845,1.712067125941579,-4.649808247659881
2016-05-20,1.246934225630845,1.7046544063992242,-4.649808247659881
2016-05-23,1.246934225630845,1.700551993433726,-4.649808247659881
2016-05-24,1.246934225630845,1.7044674155893766,-4.649808247659881
2016-05-25,1.246934225630845,1.7453916592861967,-4.649808247659881
2016-05-26,1.246934225630845,1.775031797030007,-4.649808247659881
2016-05-27,1.246934225630845,1.7941686577625595,-4.649808247659881
2016-05-30,1.246934225630845,1.7989748908181957,-4.649808247659881
2016-05-31,1.246934225630845,1.7949275762360701,-4.649808247659881
2016-06-01,1.246934225630845,1.7992938814587738,-4.649808247659881
2016-06-02,1.246934225630845,1.8078724742009529,-4.649808247659881
2016-06-03,1.246934225630845,1.8082793215230104,-4.649808247659881
2016-06-06,1.246934225630845,1.8039350341728047,-4.649808247659881
2016-06-07,1.246934225630845,1.818320760233094,-4.649808247659881
2016-06-08,1.246934225630845,1.8197724361583656,-4.649808247659881
2016-06-09,1.246934225630845,1.8044958991980908,-4.649808247659881
2016-06-10,1.246934225630845,1.7971161527623547,-4.649808247659881
2016-06-13,1.246934225630845,1.7840393623709974,-4.649808247659881
2016-06-14,1.246934225630845,1.7836544255171818,-4.649808247659881
2016-06-15,1.246934225630845,1.8051557909474893,-4.649808247659881
2016-06-16,1.246934225630845,1.7906712529716,-4.649808247659881
2016-06-17,1.246934225630845,1.79714923327323,-4.649808247659881
2016-06-20,1.246934225630845,1.8121727258061637,-4.649808247659881
2016-06-21,1.246934225630845,1.8080814828832987,-4.649808247659881
2016-06-22,1.246934225630845,1.804518024474845,-4.649808247659881
2016-06-23,1.246934225630845,1.8192006158989589,-4.649808247659881
2016-06-24,1.246934225630845,1.779200156208743,-4.649808247659881
2016-06-27,1.254272305158964,1.7805419575800376,-4.088682186863801
2016-06-28,1.2594088764247617,1.7878337399300384,-3.6959003984774808
2016-06-29,1.2712082897749482,1.8045839706880826,-2.7936264032824343
2016-06-30,1.2841853368579141,1.8230059486921206,-1.8013014656026227
2016-07-01,1.2904762388568325,1.8319363977772405,-1.3202506615086151
2016-07-04,1.2970384543517832,1.841251998524688,-0.8184531385100224
2016-07-05,1.291653948248702,1.8336082524274904,-1.2301939335473078
2016-07-07,1.291956130653374,1.8340372250263017,-1.2070867402107166
2016-07-08,1.2896783380957728,1.8308037124925474,-1.3812642971940847
2016-07-11,1.3108099283843597,1.862632534166898,0.0
2016-07-12,1.3108099283843597,1.874323487441965,0.0
2016-07-13,1.3108099283843597,1.873982586333145,0.0
2016-07-14,1.3108099283843597,1.8839909445323537,0.0
2016-07-15,1.3108099283843597,1.878799882027158,0.0
2016-07-18,1.3108099283843597,1.8716070189970135,0.0
2016-07-19,1.3108099283843597,1.8759732168154613,0.0
2016-07-20,1.3108099283843597,1.8841778279379453,0.0
2016-07-21,1.3108099283843597,1.871914839594959,0.0
2016-07-22,1.3108099283843597,1.8787558462821627,0.0
2016-07-25,1.3108099283843597,1.8995314811540904,0.0
2016-07-26,1.3108099283843597,1.8896331049131148,0.0
2016-07-27,1.3108099283843597,1.8951650685271304,0.0
2016-07-28,1.3108099283843597,1.9062732463086696,0.0
2016-07-29,1.3108099283843597,1.900158292392614,0.0
2016-08-01,1.3108099283843597,1.8997293197938026,0.0
2016-08-02,1.3108099283843597,1.8967269412191472,0.0
2016-08-03,1.3108099283843597,1.8795585856921564,0.0
2016-08-04,1.3108099283843597,1.8809333601700697,0.0
2016-08-05,1.3108099283843597,1.909979767186231,0.0
2016-08-08,1.3108099283843597,1.9161825777837662,0.0
2016-08-09,1.3108099283843597,1.9089018580721422,0.0
2016-08-10,1.3108099283843597,1.8862565299102523,0.0
2016-08-11,1.3108099283843597,1.8899630507878138,0.0
2016-08-16,1.3108099283843597,1.9010491032925991,0.0
2016-08-17,1.3108099283843597,1.8969797708379759,0.0
2016-08-18,1.3108099283843597,1.9078020384898116,0.0
2016-08-19,1.3108099283843597,1.9064053535436567,0.0
2016-08-22,1.3108099283843597,1.8981017156970605,0.0
2016-08-23,1.3108099283843597,1.898860419362059,0.0
2016-08-24,1.3108099283843597,1.9027538236452122,0.0
2016-08-25,1.3108099283843597,1.8899740060219352,0.0
2016-08-26,1.3108099283843597,1.885651629139971,0.0
2016-08-29,1.3108099283843597,1.8933284557480436,0.0
2016-08-30,1.3108099283843597,1.9234413870271487,0.0
2016-08-31,1.3108099283843597,1.9326470058163634,0.0
2016-09-01,1.3108099283843597,1.9301064655428821,0.0
2016-09-02,1.3108099283843597,1.9378052026191963,0.0
2016-09-06,1.3108099283843597,1.967137304956549,0.0
2016-09-07,1.3108099283843597,1.9616272518107751,0.0
2016-09-08,1.3108099283843597,1.9692269621629772,0.0
2016-09-09,1.3108099283843597,1.9503541010918861,0.0
2016-09-12,1.3108099283843597,1.9171174244287474,0.0
2016-09-14,1.3108099283843597,1.9195370275098746,0.0
2016-09-15,1.3108099283843597,1.923045494939212,0.0
2016-09-16,1.3108099283843597,1.931250106061696,0.0
2016-09-19,1.3108099283843597,1.9375302477236134,0.0
2016-09-20,1.3108099283843597,1.9303814204384642,0.0
2016-09-21,1.3108099283843597,1.9306563753340467,0.0
2016-09-22,1.3108099283843597,1.9505190740292353,0.0
2016-09-23,1.3108099283843597,1.9426222835046967,0.0
2016-09-26,1.3108099283843597,1.9187561985681223,0.0
2016-09-27,1.3108099283843597,1.9150939282440687,0.0
2016-09-28,1.3108099283843597,1.923617530007131,0.0
2016-09-29,1.3108099283843597,1.8897649973395896,0.0
2016-09-30,1.3108099283843597,1.8941423652006701,0.0
2016-10-03,1.3108099283843597,1.9220666125492347,0.0
2016-10-04,1.3108099283843597,1.9288966640023175,0.0
2016-10-05,1.3108099283843597,1.9233535303456688,0.0
2016-10-06,1.3108099283843597,1.9157866856958292,0.0
2016-10-07,1.3108099283843597,1.9131580739323566,0.0
2016-10-10,1.3108099283843597,1.9156217127584794,0.0
2016-10-13,1.3108099283843597,1.8858275573114405,0.0
2016-10-14,1.3108099283843597,1.8880383665187346,0.0
2016-10-17,1.3108099283843597,1.874180639781369,0.0
2016-10-18,1.3108099283843597,1.9088249566247835,0.0
2016-10-19,1.3108099283843597,1.9046894631484106,0.0
2016-10-20,1.3108099283843597,1.913554180828805,0.0
2016-10-21,1.3108099283843597,1.9121572810741378,0.0
2016-10-24,1.3108099283843597,1.915654793269354,0.0
2016-10-25,1.3108099283843597,1.9117723442203218,0.0
2016-10-26,1.3108099283843597,1.8950441313347755,0.0
2016-10-27,1.3108099283843597,1.8950441313347755,0.0
2016-10-28,1.3108099283843597,1.90004831043438,0.0
2016-11-01,1.3108099283843597,1.897463734415903,0.0
2016-11-02,1.3108099283843597,1.8727727847925808,0.0
2016-11-03,1.3108099283843597,1.8663828759809422,0.0
2016-11-04,1.3108099283843597,1.8551206804961742,0.0
2016-11-07,1.3108099283843597,1.8690443534467776,0.0
2016-11-08,1.3108099283843597,1.8792726755624523,0.0
2016-11-09,1.3108099283843597,1.8547357436423584,0.0
2016-11-10,1.3108099283843597,1.8753573608110576,0.0
2016-11-11,1.3108099283843597,1.824886597216203,0.0
2016-11-15,1.2815896072135917,1.7835664614314464,-2.2291806415277615
2016-11-16,1.2820874683350452,1.7842593262874635,-2.191199458240023
2016-11-17,1.2770850097966029,1.7772974898121618,-2.572830572722662
2016-11-18,1.2761603664705863,1.776010679419984,-2.6433704203385755
2016-11-21,1.253242239261345,1.744115911532396,-4.391764807119669
2016-11-22,1.2648118957952856,1.7602172057751628,-3.509130621688916
2016-11-23,1.2697116333365717,1.7670360871856126,-3.1353359596874464
2016-11-24,1.258995464035952,1.7521225766109119,-3.952858704104545
2016-11-25,1.282514173363803,1.7848531644193686,-2.1586466815545657
2016-11-28,1.2832231808520587,1.787624731247693,-2.1045574140793333
2016-11-29,1.2832231808520587,1.7909791809738012,-2.1045574140793333
2016-11-30,1.2832231808520587,1.8090932309756376,-2.1045574140793333
2016-12-01,1.2832231808520587,1.802142457138713,-2.1045574140793333
2016-12-02,1.2832231808520587,1.77880415671655,-2.1045574140793333
2016-12-05,1.2832231808520587,1.7880316859740064,-2.1045574140793333
2016-12-06,1.2832231808520587,1.7911991448902673,-2.1045574140793333
2016-12-07,1.2832231808520587,1.7821586064426584,-2.1045574140793333
2016-12-08,1.2832231808520587,1.8140093385852507,-2.1045574140793333
2016-12-09,1.2832231808520587,1.8172868868640009,-2.1045574140793333
2016-12-12,1.2832231808520587,1.7972811256997046,-2.1045574140793333
2016-12-13,1.2832231808520587,1.8084992854394768,-2.1045574140793333
2016-12-14,1.2832231808520587,1.7998437912499397,-2.1045574140793333
2016-12-15,1.2832231808520587,1.7934978107790407,-2.1045574140793333
2016-12-16,1.2832231808520587,1.7903853428418963,-2.1045574140793333
2016-12-19,1.2832231808520587,1.7826645878930842,-2.1045574140793333
2016-12-20,1.2832231808520587,1.7778363369649504,-2.1045574140793333
2016-12-21,1.2832231808520587,1.7731950768466638,-2.1045574140793333
2016-12-22,1.2832231808520587,1.755114107355702,-2.1045574140793333
2016-12-23,1.2832231808520587,1.7565768459193505,-2.1045574140793333
2016-12-26,1.2832231808520587,1.7395296423932258,-2.1045574140793333
2016-12-27,1.2832231808520587,1.7669371678657562,-2.1045574140793333
2016-12-28,1.2832231808520587,1.7673770956986883,-2.1045574140793333
2016-12-29,1.2832231808520587,1.7824996149557344,-2.1045574140793333
2016-12-30,1.2832231808520587,1.800580584446696,-2.1045574140793333
2017-01-02,1.2832231808520587,1.799194854734662,-2.1045574140793333
2017-01-03,1.2832231808520587,1.801999394669605,-2.1045574140793333
2017-01-04,1.2832231808520587,1.801614457815789,-2.1045574140793333
2017-01-05,1.2832231808520587,1.8199374090957148,-2.1045574140793333
2017-01-06,1.2832231808520587,1.8133384916017312,-2.1045574140793333
2017-01-09,1.2832231808520587,1.8116337712491186,-2.1045574140793333
2017-01-10,1.2832231808520587,1.8231928320977109,-2.1045574140793333
2017-01-11,1.2832231808520587,1.8434406824552274,-2.1045574140793333
2017-01-12,1.2832231808520587,1.8492806814757003,-2.1045574140793333
2017-01-13,1.2832231808520587,1.8477737997628,-2.1045574140793333
2017-01-16,1.2832231808520587,1.8505123934845058,-2.1045574140793333
2017-01-17,1.2832231808520587,1.8472569704825097,-2.1045574140793333
2017-01-18,1.2832231808520587,1.851436284895366,-2.1045574140793333
2017-01-19,1.2832231808520587,1.855417545859998,-2.1045574140793333
2017-01-20,1.2832231808520587,1.8365556400230278,-2.1045574140793333
2017-01-23,1.2832231808520587,1.8458272050254798,-2.1045574140793333
2017-01-24,1.2832231808520587,1.8643701202218717,-2.1045574140793333
2017-01-25,1.2832231808520587,1.8922945823789485,-2.1045574140793333
2017-01-27,1.2832231808520587,1.900763193162894,-2.1045574140793333
2017-01-30,1.2832231808520587,1.898893499872932,-2.1045574140793333
2017-01-31,1.2832231808520587,1.883177035079725,-2.1045574140793333
2017-02-01,1.2832231808520587,1.9172935674087281,-2.1045574140793333
2017-02-02,1.2832231808520587,1.9212198373942437,-2.1045574140793333
2017-02-03,1.2832231808520587,1.9226936385962694,-2.1045574140793333
2017-02-06,1.2832231808520587,1.9359133840524785,-2.1045574140793333
2017-02-07,1.2832231808520587,1.928709565788213,-2.1045574140793333
2017-02-08,1.2832231808520587,1.9288745387255624,-2.1045574140793333
2017-02-09,1.2832231808520587,1.9309313302296278,-2.1045574140793333
2017-02-10,1.2832231808520587,1.9342636546789824,-2.1045574140793333
2017-02-13,1.2832231808520587,1.936793239718343,-2.1045574140793333
2017-02-14,1.2832231808520587,1.9339886997834,-2.1045574140793333
2017-02-15,1.2832231808520587,1.9191192249536948,-2.1045574140793333
2017-02-16,1.2832231808520587,1.930843258739637,-2.1045574140793333
2017-02-17,1.2832231808520587,1.940455724850909,-2.1045574140793333
2017-02-20,1.2832231808520587,1.9531036500477112,-2.1045574140793333
2017-02-21,1.2832231808520587,1.9594054873693583,-2.1045574140793333
2017-02-22,1.2832231808520587,1.9635959718248475,-2.1045574140793333
2017-02-23,1.2832231808520587,1.9663674312489157,-2.1045574140793333
2017-02-27,1.2832231808520587,1.9569530185858681,-2.1045574140793333
2017-02-28,1.2832231808520587,1.95319150672919,-2.1045574140793333
2017-03-01,1.2832231808520587,1.9677531609609498,-2.1045574140793333
2017-03-02,1.2832231808520587,1.9576238655693872,-2.1045574140793333
2017-03-03,1.2832231808520587,1.9571399019914593,-2.1045574140793333
2017-03-06,1.2832231808520587,1.9716356100099819,-2.1045574140793333
2017-03-07,1.2832231808520587,1.96799525015417,-2.1045574140793333
2017-03-08,1.2832231808520587,1.9630239367569282,-2.1045574140793333
2017-03-09,1.2832231808520587,1.9636178822930892,-2.1045574140793333
2017-03-10,1.2832231808520587,1.9652785669007058,-2.1045574140793333
2017-03-14,1.2832231808520587,1.9988121089276687,-2.1045574140793333
2017-03-15,1.2832231808520587,1.9983281453497408,-2.1045574140793333
2017-03-16,1.2832231808520587,2.0134837451176617,-2.1045574140793333
2017-03-17,1.2832231808520587,2.014880430063817,-2.1045574140793333
2017-03-20,1.2832231808520587,2.007577585075439,-2.1045574140793333
2017-03-21,1.2832231808520587,2.0064008640457502,-2.1045574140793333
2017-03-22,1.2832231808520587,1.9863731924132122,-2.1045574140793333
2017-03-23,1.2832231808520587,1.9986580912244405,-2.1045574140793333
2017-03-24,1.2832231808520587,2.003431351173458,-2.1045574140793333
2017-03-27,1.2832231808520587,1.9896176601810875,-2.1045574140793333
2017-03-28,1.2832231808520587,2.0018475680131993,-2.1045574140793333
2017-03-29,1.2832231808520587,2.011306016421243,-2.1045574140793333
2017-03-30,1.2832231808520587,2.017893978681106,-2.1045574140793333
2017-03-31,1.2832231808520587,2.017893978681106,-2.1045574140793333
2017-04-03,1.2832231808520587,2.031993579803179,-2.1045574140793333
2017-04-05,1.2832231808520587,2.037998766569514,-2.1045574140793333
2017-04-06,1.2832231808520587,2.0372948390751198,-2.1045574140793333
2017-04-07,1.2832231808520587,2.023294049868646,-2.1045574140793333
2017-04-10,1.2832231808520587,2.0195877437995966,-2.1045574140793333
2017-04-11,1.2832231808520587,2.0318066963975876,-2.1045574140793333
2017-04-12,1.2832231808520587,2.0244269499618515,-2.1045574140793333
2017-04-13,1.2832231808520587,2.012845763836505,-2.1045574140793333
2017-04-17,1.2832231808520587,2.0103161787971446,-2.1045574140793333
2017-04-18,1.2832231808520587,2.002804539934934,-2.1045574140793333
2017-04-19,1.2832231808520587,2.00244151354936,-2.1045574140793333
2017-04-20,1.2832231808520587,2.0096784123245004,-2.1045574140793333
2017-04-21,1.2832231808520587,2.0059390257445764,-2.1045574140793333
2017-04-24,1.2832231808520587,2.0276164267506105,-2.1045574140793333
2017-04-25,1.2832231808520587,2.0471160990602253,-2.1045574140793333
2017-04-26,1.2832231808520587,2.0570694662803173,-2.1045574140793333
2017-04-27,1.2832231808520587,2.0549359881374056,-2.1045574140793333
2017-04-28,1.2832231808520587,2.046555234034939,-2.1045574140793333
2017-05-02,1.2832231808520587,2.048699882220484,-2.1045574140793333
2017-05-03,1.2832231808520587,2.0482930348984265,-2.1045574140793333
2017-05-04,1.2832231808520587,2.0588403476546797,-2.1045574140793333
2017-05-05,1.2832231808520587,2.0424309106011997,-2.1045574140793333
2017-05-08,1.2832231808520587,2.048754873199601,-2.1045574140793333
2017-05-09,1.2832231808520587,2.0493707292040035,-2.1045574140793333
2017-05-10,1.2832231808520587,2.0692665084100668,-2.1045574140793333
2017-05-11,1.2832231808520587,2.0725880924338127,-2.1045574140793333
2017-05-12,1.2832231808520587,2.067858868229791,-2.1045574140793333
2017-05-15,1.2832231808520587,2.0776472625125333,-2.1045574140793333
2017-05-16,1.2832231808520587,2.0923517644048886,-2.1045574140793333
2017-05-17,1.2832231808520587,2.0953212772771814,-2.1045574140793333
2017-05-18,1.2832231808520587,2.074138795083196,-2.1045574140793333
2017-05-19,1.2832231808520587,2.073797893974376,-2.1045574140793333
2017-05-22,1.2832231808520587,2.076074434586396,-2.1045574140793333
2017-05-23,1.2832231808520587,2.064614400461916,-2.1045574140793333
2017-05-24,1.2832231808520587,2.0589831953152755,-2.1045574140793333
2017-05-25,1.2832231808520587,2.0918018546137236,-2.1045574140793333
2017-05-26,1.2832231808520587,2.1105756889607026,-2.1045574140793333
2017-05-29,1.2832231808520587,2.1127315071888804,-2.1045574140793333
2017-05-30,1.2832231808520587,2.1170536692623325,-2.1045574140793333
2017-05-31,1.2832231808520587,2.1163278312996967,-2.1045574140793333
2017-06-01,1.2832231808520587,2.1151949312064913,-2.1045574140793333
2017-06-02,1.2832231808520587,2.1234216676057294,-2.1045574140793333
2017-06-05,1.2832231808520587,2.128172802277993,-2.1045574140793333
2017-06-06,1.2832231808520587,2.1198253434949135,-2.1045574140793333
2017-06-07,1.2832231808520587,2.125709378260382,-2.1045574140793333
2017-06-08,1.2832231808520587,2.1220468931278162,-2.1045574140793333
2017-06-09,1.2832231808520587,2.126666135373605,-2.1045574140793333
2017-06-12,1.2832231808520587,2.1152610922282413,-2.1045574140793333
2017-06-13,1.2832231808520587,2.113171435021813,-2.1045574140793333
2017-06-14,1.2832231808520587,2.115646029082057,-2.1045574140793333
2017-06-15,1.2832231808520587,2.1068253471466583,-2.1045574140793333
2017-06-16,1.2832231808520587,2.1090249863113195,-2.1045574140793333
2017-06-19,1.2832231808520587,2.1243124785057153,-2.1045574140793333
2017-06-20,1.2832231808520587,2.12342166760573,-2.1045574140793333
2017-06-21,1.2832231808520587,2.119044299744649,-2.1045574140793333
2017-06-22,1.2832231808520587,2.1182525155687757,-2.1045574140793333
2017-06-23,1.2832231808520587,2.106143544929018,-2.1045574140793333
2017-06-27,1.2832231808520587,2.092164880999298,-2.1045574140793333
2017-06-28,1.2832231808520587,2.0877325221591003,-2.1045574140793333
2017-06-29,1.2832231808520587,2.090558972562285,-2.1045574140793333
2017-06-30,1.2832231808520587,2.0942545382057256,-2.1045574140793333
2017-07-03,1.2832231808520587,2.114953056821783,-2.1045574140793333
2017-07-04,1.2832231808520587,2.114579075202088,-2.1045574140793333
2017-07-05,1.2832231808520587,2.1199241554105126,-2.1045574140793333
2017-07-06,1.2832231808520587,2.1280518650856384,-2.1045574140793333
2017-07-07,1.2832231808520587,2.12612718081656,-2.1045574140793333
2017-07-10,1.2832231808520587,2.1492783830246194,-2.1045574140793333
2017-07-11,1.2832231808520587,2.152577841771611,-2.1045574140793333
2017-07-12,1.2832231808520587,2.1591877144997156,-2.1045574140793333
2017-07-13,1.2832231808520587,2.175817115469662,-2.1045574140793333
2017-07-14,1.2832231808520587,2.174640179631461,-2.1045574140793333
2017-07-17,1.2832231808520587,2.1811512404439655,-2.1045574140793333
2017-07-18,1.2832231808520587,2.161618487623476,-2.1045574140793333
2017-07-19,1.2832231808520587,2.1775547015246373,-2.1045574140793333
2017-07-20,1.2832231808520587,2.1717696934832804,-2.1045574140793333
2017-07-21,1.2832231808520587,2.180997222740737,-2.1045574140793333
2017-07-24,1.2832231808520587,2.192248462991384,-2.1045574140793333
2017-07-25,1.2832231808520587,2.1918414008608145,-2.1045574140793333
2017-07-26,1.2832231808520587,2.204181505459671,-2.1045574140793333
2017-07-27,1.2832231808520587,2.2041593801829173,-2.1045574140793333
2017-07-28,1.2832231808520587,2.2028286414499996,-2.1045574140793333
2017-07-31,1.2832231808520587,2.216598296697374,-2.1045574140793333
2017-08-01,1.2832231808520587,2.2248581136074868,-2.1045574140793333
2017-08-02,1.2832231808520587,2.21756622385323,-2.1045574140793333
2017-08-03,1.2832231808520587,2.202641758044408,-2.1045574140793333
2017-08-04,1.2832231808520587,2.2142448546379963,-2.1045574140793333
2017-08-07,1.2832231808520587,2.212265179389801,-2.1045574140793333
2017-08-08,1.2832231808520587,2.19492089569134,-2.1045574140793333
2017-08-09,1.2832231808520587,2.179413439580478,-2.1045574140793333
2017-08-10,1.2832231808520587,2.160100650676455,-2.1045574140793333
2017-08-11,1.2832231808520587,2.1360255570575353,-2.1045574140793333
2017-08-14,1.2832231808520587,2.154359678380094,-2.1045574140793333
2017-08-16,1.2832231808520587,2.177048827478467,-2.1045574140793333
2017-08-17,1.2832231808520587,2.1785557091913677,-2.1045574140793333
2017-08-18,1.2832231808520587,2.163873117767254,-2.1045574140793333
2017-08-21,1.2832231808520587,2.1456049426579322,-2.1045574140793333
2017-08-22,1.2832231808520587,2.148068581484055,-2.1045574140793333
2017-08-23,1.2832231808520587,2.1671944869824866,-2.1045574140793333
2017-08-24,1.2832231808520587,2.168195279840705,-2.1045574140793333
2017-08-28,1.2832231808520587,2.1804582681836915,-2.1045574140793333
2017-08-29,1.2832231808520587,2.1547774809362714,-2.1045574140793333
2017-08-30,1.2832231808520587,2.174211421841161,-2.1045574140793333
2017-08-31,1.2832231808520587,2.1815802130427757,-2.1045574140793333
2017-09-01,1.2832231808520587,2.1940081743231117,-2.1045574140793333
2017-09-04,1.2832231808520587,2.180469223417812,-2.1045574140793333
2017-09-05,1.2832231808520587,2.189124932415861,-2.1045574140793333
2017-09-06,1.2832231808520587,2.1812062314230807,-2.1045574140793333
2017-09-07,1.2832231808520587,2.184219780040369,-2.1045574140793333
2017-09-08,1.2832231808520587,2.1852974743459455,-2.1045574140793333
2017-09-11,1.2832231808520587,2.200969903394157,-2.1045574140793333
2017-09-12,1.2832231808520587,2.22010676412671,-2.1045574140793333
2017-09-13,1.2832231808520587,2.217082260275301,-2.1045574140793333
2017-09-14,1.2832231808520587,2.218687953903801,-2.1045574140793333
2017-09-15,1.2832231808520587,2.2184241690508513,-2.1045574140793333
2017-09-18,1.2832231808520587,2.233315554348798,-2.1045574140793333
2017-09-19,1.2832231808520587,2.2320947975741134,-2.1045574140793333
2017-09-20,1.2832231808520587,2.2306871573938376,-2.1045574140793333
2017-09-21,1.2832231808520587,2.2264528520018647,-2.1045574140793333
2017-09-22,1.2832231808520587,2.19180853515845,-2.1045574140793333
2017-09-25,1.2832231808520587,2.17161567578005,-2.1045574140793333
2017-09-26,1.2832231808520587,2.1713738013953425,-2.1045574140793333
2017-09-27,1.2832231808520587,2.141513699735066,-2.1045574140793333
2017-09-28,1.2832231808520587,2.148816544723444,-2.1045574140793333
2017-09-29,1.2832231808520587,2.1531387067968963,-2.1045574140793333
2017-10-03,1.2832231808520587,2.1687342343977494,-2.1045574140793333
2017-10-04,1.2832231808520587,2.1809203212933777,-2.1045574140793333
2017-10-05,1.2832231808520587,2.1751572237202628,-2.1045574140793333
2017-10-06,1.2832231808520587,2.1951739401186803,-2.1045574140793333
2017-10-09,1.2832231808520587,2.197164570600996,-2.1045574140793333
2017-10-10,1.2832231808520587,2.2033675960070433,-2.1045574140793333
2017-10-11,1.2832231808520587,2.1962956701692526,-2.1045574140793333
2017-10-12,1.2832231808520587,2.2208437721319796,-2.1045574140793333
2017-10-13,1.2832231808520587,2.2364721654351953,-2.1045574140793333
2017-10-16,1.2832231808520587,2.2504177488540407,-2.1045574140793333
2017-10-17,1.2832231808520587,2.251209747838426,-2.1045574140793333
2017-10-18,1.2832231808520587,2.246018470524718,-2.1045574140793333
2017-10-19,1.2832231808520587,2.2318748336576486,-2.1045574140793333
2017-10-23,1.2832231808520587,2.240299408696599,-2.1045574140793333
2017-10-24,1.2832231808520587,2.2453257130729574,-2.1045574140793333
2017-10-25,1.2832231808520587,2.2646054214661056,-2.1045574140793333
2017-10-26,1.2832231808520587,2.275262716180592,-2.1045574140793333
2017-10-27,1.2832231808520587,2.2706984649139197,-2.1045574140793333
2017-10-30,1.2832231808520587,2.279629128807551,-2.1045574140793333
2017-10-31,1.2832231808520587,2.2733930228906294,-2.1045574140793333
2017-11-01,1.2832231808520587,2.296533269864568,-2.1045574140793333
2017-11-02,1.2832231808520587,2.2928598294978815,-2.1045574140793333
2017-11-03,1.2832231808520587,2.299172836862162,-2.1045574140793333
2017-11-06,1.2832231808520587,2.299018819158933,-2.1045574140793333
2017-11-07,1.2832231808520587,2.276659615935259,-2.1045574140793333
2017-11-08,1.2832231808520587,2.266321311861351,-2.1045574140793333
2017-11-09,1.2832231808520587,2.2675970596151522,-2.1045574140793333
2017-11-10,1.2832231808520587,2.270412554784216,-2.1045574140793333
2017-11-13,1.2832231808520587,2.249120090631998,-2.1045574140793333
2017-11-14,1.2832231808520587,2.240684345550415,-2.1045574140793333
2017-11-15,1.2832231808520587,2.2256058620383645,-2.1045574140793333
2017-11-16,1.2832231808520587,2.246876415722341,-2.1045574140793333
2017-11-17,1.2832231808520587,2.2620208454476285,-2.1045574140793333
2017-11-20,1.2832231808520587,2.265353384705495,-2.1045574140793333
2017-11-21,1.2832231808520587,2.271545454877421,-2.1045574140793333
2017-11-22,1.2832231808520587,2.2749327703058926,-2.1045574140793333
2017-11-23,1.2832231808520587,2.2763515805288015,-2.1045574140793333
2017-11-24,1.2832231808520587,2.2853591458697915,-2.1045574140793333
2017-11-27,1.2832231808520587,2.287525704523578,-2.1045574140793333
2017-11-28,1.2832231808520587,2.2810808047328233,-2.1045574140793333
2017-11-29,1.2832231808520587,2.279112084718749,-2.1045574140793333
2017-11-30,1.2832231808520587,2.2494719469749387,-2.1045574140793333
2017-12-01,1.2832231808520587,2.226430726725112,-2.1045574140793333
2017-12-04,1.2832231808520587,2.2277395549897885,-2.1045574140793333
2017-12-05,1.2832231808520587,2.2256498977833603,-2.1045574140793333
2017-12-06,1.2832231808520587,2.2093394874539922,-2.1045574140793333
2017-12-07,1.2832231808520587,2.236307192497846,-2.1045574140793333
2017-12-08,1.2832231808520587,2.258072664993872,-2.1045574140793333
2017-12-11,1.2832231808520587,2.2705225367424497,-2.1045574140793333
2017-12-12,1.2832231808520587,2.252463585123986,-2.1045574140793333
2017-12-13,1.2832231808520587,2.2420812453050822,-2.1045574140793333
2017-12-14,1.2832231808520587,2.2550919820789463,-2.1045574140793333
2017-12-15,1.2832231808520587,2.272942139823577,-2.1045574140793333
2017-12-18,1.2832231808520587,2.285150137187447,-2.1045574140793333
2017-12-19,1.2832231808520587,2.301526493730053,-2.1045574140793333
2017-12-20,1.2832231808520587,2.2973471793171965,-2.1045574140793333
2017-12-21,1.2832231808520587,2.2964892341195737,-2.1045574140793333
2017-12-22,1.2832231808520587,2.3080813754790412,-2.1045574140793333
2017-12-26,1.2832231808520587,2.316549986262987,-2.1045574140793333
2017-12-27,1.2832231808520587,2.3075864566669924,-2.1045574140793333
2017-12-28,1.2832231808520587,2.3047600062638076,-2.1045574140793333
2017-12-29,1.2832231808520587,2.3163740580915166,-2.1045574140793333
2018-01-02,1.2832231808520587,2.2969072514842646,-2.1045574140793333
2018-01-03,1.2832231808520587,2.2971272154007307,-2.1045574140793333
2018-01-04,1.2832231808520587,2.310676906731639,-2.1045574140793333
2018-01-05,1.2832231808520587,2.322565913454931,-2.1045574140793333
2018-01-08,1.2832231808520587,2.3368085770461122,-2.1045574140793333
2018-01-09,1.2832231808520587,2.339756179450163,-2.1045574140793333
2018-01-10,1.2832231808520587,2.338700395612828,-2.1045574140793333
2018-01-11,1.2832231808520587,2.3428797100256844,-2.1045574140793333
2018-01-12,1.2832231808520587,2.349489582753789,-2.1045574140793333
2018-01-15,1.2832231808520587,2.362753363954994,-2.1045574140793333
2018-01-16,1.2832231808520587,2.353712932911641,-2.1045574140793333
2018-01-17,1.2832231808520587,2.3730916680289016,-2.1045574140793333
2018-01-18,1.2832231808520587,2.3793496844140654,-2.1045574140793333
2018-01-19,1.2832231808520587,2.3964409236851854,-2.1045574140793333
2018-01-22,1.2832231808520587,2.4121683437125134,-2.1045574140793333
2018-01-23,1.2832231808520587,2.4380141038972827,-2.1045574140793333
2018-01-24,1.2832231808520587,2.4385199779434528,-2.1045574140793333
2018-01-25,1.2832231808520587,2.4349236538326364,-2.1045574140793333
2018-01-29,1.2832231808520587,2.448286461757953,-2.1045574140793333
2018-01-30,1.2832231808520587,2.4305243755033135,-2.1045574140793333
2018-01-31,1.2832231808520587,2.42569612457518,-2.1045574140793333
2018-02-01,1.2832231808520587,2.423320557239048,-2.1045574140793333
2018-02-02,1.2832231808520587,2.366943633601971,-2.1045574140793333
2018-02-05,1.2894728117473175,2.3462560702200346,-1.6277811279123644
2018-02-06,1.2691271492471954,2.309236186040488,-3.179925497554059
2018-02-07,1.2665220062767115,2.3044960066023457,-3.3786684971356062
2018-02-08,1.2786290089074277,2.3265252639513205,-2.455040870539993
2018-02-09,1.263892661814908,2.2997117914192073,-3.5792577972978634
2018-02-12,1.2741440593697164,2.3183646885738325,-2.797191890347972
2018-02-14,1.2694475533810554,2.3098191763425286,-3.155482279134514
2018-02-15,1.274839173422837,2.319629481093513,-2.7441625351326437
2018-02-16,1.2635722576810482,2.2991288011171678,-3.6037010157173865
2018-02-19,1.2533750295568962,2.2828735965754285,-4.38163440661874
2018-02-20,1.2533750295568962,2.2789142460790384,-4.38163440661874
2018-02-21,1.2533750295568962,2.287063866222406,-4.38163440661874
2018-02-22,1.2533750295568962,2.2838193984545305,-4.38163440661874
2018-02-23,1.2533750295568962,2.30765240288023,-4.38163440661874
2018-02-26,1.2533750295568962,2.3277900564710015,-4.38163440661874
2018-02-27,1.2533750295568962,2.3215651205967127,-4.38163440661874
2018-02-28,1.2533750295568962,2.308048294968167,-4.38163440661874
2018-03-01,1.2533750295568962,2.3004595398500856,-4.38163440661874
2018-03-05,1.2533750295568962,2.278573130161706,-4.38163440661874
2018-03-06,1.2533750295568962,2.2544651708404237,-4.38163440661874
2018-03-07,1.2533750295568962,2.2335576435420212,-4.38163440661874
2018-03-08,1.2533750295568962,2.253013494915152,-4.38163440661874
2018-03-09,1.2533750295568962,2.2495378931881778,-4.38163440661874
2018-03-12,1.2533750295568962,2.292332044983472,-4.38163440661874
2018-03-13,1.2533750295568962,2.2935306764814025,-4.38163440661874
2018-03-14,1.2533750295568962,2.2900224238605777,-4.38163440661874
2018-03-15,1.2533750295568962,2.278859255099922,-4.38163440661874
2018-03-16,1.2533750295568962,2.2425652088830113,-4.38163440661874
2018-03-19,1.2533750295568962,2.2203707637881744,-4.38163440661874
2018-03-20,1.2533750295568962,2.2269915917503997,-4.38163440661874
2018-03-21,1.2533750295568962,2.2337885626926077,-4.38163440661874
2018-03-22,1.2533750295568962,2.2248800240757296,-4.38163440661874
2018-03-23,1.2533750295568962,2.1992101920624307,-4.38163440661874
2018-03-26,1.2533750295568962,2.2283775362709464,-4.38163440661874
2018-03-27,1.2533750295568962,2.240145605801884,-4.38163440661874
2018-03-28,1.2533750295568962,2.224649104925143,-4.38163440661874
2018-04-02,1.2533750295568962,2.2462274792070653,-4.38163440661874
2018-04-03,1.2533750295568962,2.253530324195443,-4.38163440661874
2018-04-04,1.2533750295568962,2.227882617458898,-4.38163440661874
2018-04-05,1.2533750295568962,2.271160518023608,-4.38163440661874
2018-04-06,1.2533750295568962,2.272579113438005,-4.38163440661874
2018-04-09,1.2533750295568962,2.2830823904492625,-4.38163440661874
2018-04-10,1.2533750295568962,2.2881196500597416,-4.38163440661874
2018-04-11,1.2533750295568962,2.2913971983384918,-4.38163440661874
2018-04-12,1.2533750295568962,2.300525700871836,-4.38163440661874
2018-04-13,1.2533750295568962,2.305353736991458,-4.38163440661874
2018-04-16,1.2533750295568962,2.3158570140027153,-4.38163440661874
2018-04-17,1.2533750295568962,2.320333408587908,-4.38163440661874
2018-04-18,1.2533750295568962,2.31538422046742,-4.38163440661874
2018-04-19,1.2533750295568962,2.3239847236778406,-4.38163440661874
2018-04-20,1.2533750295568962,2.323709768782258,-4.38163440661874
2018-04-23,1.2533750295568962,2.328252109580688,-4.38163440661874
2018-04-24,1.2533750295568962,2.3347739108188015,-4.38163440661874
2018-04-25,1.2533750295568962,2.325139534239288,-4.38163440661874
2018-04-26,1.2533750295568962,2.3355328292923128,-4.38163440661874
2018-04-27,1.2533750295568962,2.351920141069039,-4.38163440661874
2018-04-30,1.2533750295568962,2.362269400377068,-4.38163440661874
2018-05-02,1.2533750295568962,2.357584211918042,-4.38163440661874
2018-05-03,1.2533750295568962,2.34913772641085,-4.38163440661874
2018-05-04,1.2533750295568962,2.335631856016425,-4.38163440661874
2018-05-07,1.2533750295568962,2.3570233468927557,-4.38163440661874
2018-05-08,1.2533750295568962,2.3575292209389254,-4.38163440661874
2018-05-09,1.2533750295568962,2.3627864444658706,-4.38163440661874
2018-05-10,1.2533750295568962,2.3572542660433426,-4.38163440661874
2018-05-11,1.2533750295568962,2.3770400632911732,-4.38163440661874
2018-05-14,1.2533750295568962,2.377061973759415,-4.38163440661874
2018-05-15,1.2533750295568962,2.376017145156201,-4.38163440661874
2018-05-16,1.2533750295568962,2.3626543372308837,-4.38163440661874
2018-05-17,1.2533750295568962,2.349808573394369,-4.38163440661874
2018-05-18,1.2533750295568962,2.3308257303650453,-4.38163440661874
2018-05-21,1.2533750295568962,2.3132945632609925,-4.38163440661874
2018-05-22,1.2533750295568962,2.317693841590315,-4.38163440661874
2018-05-23,1.2533750295568962,2.2943005501890354,-4.38163440661874
2018-05-24,1.2533750295568962,2.312667537213957,-4.38163440661874
2018-05-25,1.2533750295568962,2.332750414634124,-4.38163440661874
2018-05-28,1.2533750295568962,2.3511174016590455,-4.38163440661874
2018-05-29,1.2533750295568962,2.3389422699975384,-4.38163440661874
2018-05-30,1.2533750295568962,2.334773910818803,-4.38163440661874
2018-05-31,1.2533750295568962,2.3615656876911864,-4.38163440661874
2018-06-01,1.2533750295568962,2.352778086266662,-4.38163440661874
2018-06-04,1.2533750295568962,2.337886486160203,-4.38163440661874
2018-06-05,1.2533750295568962,2.33011084763653,-4.38163440661874
2018-06-06,1.2533750295568962,2.3502375459931804,-4.38163440661874
2018-06-07,1.2533750295568962,2.3686483539545855,-4.38163440661874
2018-06-08,1.2533750295568962,2.368494551059869,-4.38163440661874
2018-06-11,1.2533750295568962,2.3727398116859626,-4.38163440661874
2018-06-12,1.2533750295568962,2.3850356657313116,-4.38163440661874
2018-06-13,1.2533750295568962,2.388082294859475,-4.38163440661874
2018-06-14,1.2533750295568962,2.377380964399993,-4.38163440661874
2018-06-15,1.2533750295568962,2.379503702117296,-4.38163440661874
2018-06-18,1.2533750295568962,2.3755772173232685,-4.38163440661874
2018-06-19,1.2533750295568962,2.355912572076304,-4.38163440661874
2018-06-20,1.2533750295568962,2.3694622634072124,-4.38163440661874
2018-06-21,1.2533750295568962,2.3626543372308837,-4.38163440661874
2018-06-22,1.2533750295568962,2.3804164234855234,-4.38163440661874
2018-06-25,1.2533750295568962,2.3673506957325428,-4.38163440661874
2018-06-26,1.2533750295568962,2.368824496934568,-4.38163440661874
2018-06-27,1.2533750295568962,2.3473230241000045,-4.38163440661874
2018-06-28,1.2533750295568962,2.329219821928033,-4.38163440661874
2018-06-29,1.2533750295568962,2.356759347231294,-4.38163440661874
2018-07-02,1.2533750295568962,2.344221403992725,-4.38163440661874
2018-07-03,1.2533750295568962,2.3535919957192895,-4.38163440661874
2018-07-04,1.2533750295568962,2.368989469871918,-4.38163440661874
2018-07-05,1.2533750295568962,2.3645571110317207,-4.38163440661874
2018-07-06,1.2533750295568962,2.3695943706422,-4.38163440661874
2018-07-09,1.2533750295568962,2.3872464749386064,-4.38163440661874
2018-07-10,1.2533750295568962,2.4079999845337805,-4.38163440661874
2018-07-11,1.2533750295568962,2.4082309036843674,-4.38163440661874
2018-07-12,1.2533750295568962,2.424706286951085,-4.38163440661874
2018-07-13,1.2533750295568962,2.423760485071983,-4.38163440661874
2018-07-16,1.2533750295568962,2.4057122738791277,-4.38163440661874
2018-07-17,1.2533750295568962,2.4213737476932184,-4.38163440661874
2018-07-18,1.2533750295568962,2.415302829522158,-4.38163440661874
2018-07-19,1.2533750295568962,2.4101665431875667,-4.38163440661874
2018-07-20,1.2533750295568962,2.4218467560370254,-4.38163440661874
2018-07-23,1.2533750295568962,2.4382450230478723,-4.38163440661874
2018-07-24,1.2533750295568962,2.4491441921470662,-4.38163440661874
2018-07-25,1.2533750295568962,2.4486383181008966,-4.38163440661874
2018-07-26,1.2533750295568962,2.4564030013904485,-4.38163440661874
2018-07-27,1.2533750295568962,2.4808299513523093,-4.38163440661874
2018-07-30,1.2533750295568962,2.489892507672416,-4.38163440661874
2018-07-31,1.2533750295568962,2.4980202173475416,-4.38163440661874
2018-08-01,1.2533750295568962,2.495754631969643,-4.38163440661874
2018-08-02,1.2533750295568962,2.4734282944483317,-4.38163440661874
2018-08-03,1.2533750295568962,2.4989660192266436,-4.38163440661874
2018-08-06,1.2533750295568962,2.5047510272680005,-4.38163440661874
2018-08-07,1.2533750295568962,2.505268071356803,-4.38163440661874
2018-08-08,1.2533750295568962,2.5185868435371246,-4.38163440661874
2018-08-09,1.2533750295568962,2.523140139569676,-4.38163440661874
2018-08-10,1.2533750295568962,2.5140775832495694,-4.38163440661874
2018-08-13,1.2533750295568962,2.4978552444101925,-4.38163440661874
2018-08-14,1.2533750295568962,2.5153092952583744,-4.38163440661874
2018-08-16,1.2533750295568962,2.5043001442009474,-4.38163440661874
2018-08-17,1.2533750295568962,2.5231510948037963,-4.38163440661874
2018-08-20,1.2533750295568962,2.540968172037552,-4.38163440661874
2018-08-21,1.2533750295568962,2.545180566961283,-4.38163440661874
2018-08-23,1.2533750295568962,2.5477870534480016,-4.38163440661874
2018-08-24,1.2533750295568962,2.5421448930672406,-4.38163440661874
2018-08-27,1.2533750295568962,2.5718071560878046,-4.38163440661874
2018-08-28,1.2533750295568962,2.5820464334376,-4.38163440661874
2018-08-29,1.2533750295568962,2.5717962008536834,-4.38163440661874
2018-08-30,1.2533750295568962,2.5684746168299375,-4.38163440661874
2018-08-31,1.2533750295568962,2.5692885262825644,-4.38163440661874
2018-09-03,1.2533750295568962,2.5476989819580096,-4.38163440661874
2018-09-04,1.2533750295568962,2.534050263902989,-4.38163440661874
2018-09-05,1.2533750295568962,2.5245149140475873,-4.38163440661874
2018-09-06,1.2533750295568962,2.5377017938014337,-4.38163440661874
2018-09-07,1.2533750295568962,2.549183738394156,-4.38163440661874
2018-09-10,1.2533750295568962,2.515969187007771,-4.38163440661874
2018-09-11,1.2533750295568962,2.4828427071113777,-4.38163440661874
2018-09-12,1.2533750295568962,2.500967819751591,-4.38163440661874
2018-09-14,1.2533750295568962,2.5329285338524166,-4.38163440661874
2018-09-17,1.2533750295568962,2.5026944505724456,-4.38163440661874
2018-09-18,1.2533750295568962,2.480951103353174,-4.38163440661874
2018-09-19,1.2533750295568962,2.4711515390277987,-4.38163440661874
2018-09-21,1.2533750295568962,2.4510798316502647,-4.38163440661874
2018-09-24,1.2533750295568962,2.4124323433739763,-4.38163440661874
2018-09-25,1.2533750295568962,2.4344396902547096,-4.38163440661874
2018-09-26,1.2533750295568962,2.431437096871542,-4.38163440661874
2018-09-27,1.2533750295568962,2.4146648482410003,-4.38163440661874
2018-09-28,1.2533750295568962,2.4043046336988505,-4.38163440661874
2018-10-01,1.2533750295568962,2.4214287386723337,-4.38163440661874
2018-10-03,1.2533750295568962,2.388423195968294,-4.38163440661874
2018-10-04,1.2533750295568962,2.331452541603568,-4.38163440661874
2018-10-05,1.2285600706165687,2.2692467889886503,-6.274735641434159
2018-10-08,1.2323231885098578,2.276197562825575,-5.987652227446949
2018-10-09,1.226726076884658,2.265859258751667,-6.414648659500122
2018-10-10,1.2456669175400235,2.300844476703902,-4.969676337791274
2018-10-11,1.218818737898367,2.2512537835834237,-7.017889359396035
2018-10-12,1.2471436488277725,2.3035721151914865,-4.857018411132962
2018-10-15,1.2519071480832618,2.3123706718501316,-4.493617192364319
2018-10-16,1.2605112186134892,2.3282630648148093,-3.8372237409634358
2018-10-17,1.2448273740555174,2.2992937740545183,-5.03372402817922
2018-10-19,1.2257789682140707,2.2664091685428325,-6.486902359298885
2018-10-22,1.2257789682140707,2.25358531517456,-6.486902359298885
2018-10-23,1.2257789682140707,2.231929824636768,-6.486902359298885
2018-10-24,1.2257789682140707,2.249076054887005,-6.486902359298885
2018-10-25,1.2257789682140707,2.227112743751267,-6.486902359298885
2018-10-26,1.2257789682140707,2.206238082155227,-6.486902359298885
2018-10-29,1.2257789682140707,2.254817027183366,-6.486902359298885
2018-10-30,1.2257789682140707,2.2432800916115276,-6.486902359298885
2018-10-31,1.2257789682140707,2.2846771288436427,-6.486902359298885
2018-11-01,1.2257789682140707,2.2833244796424834,-6.486902359298885
2018-11-02,1.2257789682140707,2.321279210467011,-6.486902359298885
2018-11-05,1.2257789682140707,2.3149002568894934,-6.486902359298885
2018-11-06,1.2257789682140707,2.31622004038829,-6.486902359298885
2018-11-07,1.2257789682140707,2.3312656581979776,-6.486902359298885
2018-11-09,1.2257789682140707,2.328362091538922,-6.486902359298885
2018-11-12,1.2257789682140707,2.3057058081429114,-6.486902359298885
2018-11-13,1.2257789682140707,2.3277681460027613,-6.486902359298885
2018-11-14,1.2257789682140707,2.326404326758969,-6.486902359298885
2018-11-15,1.2257789682140707,2.3352909549076055,-6.486902359298885
2018-11-16,1.2257789682140707,2.3496985914361366,-6.486902359298885
2018-11-19,1.2257789682140707,2.3675597044148886,-6.486902359298885
2018-11-20,1.2257789682140707,2.3439795296080175,-6.486902359298885
2018-11-21,1.2257789682140707,2.3316284697750396,-6.486902359298885
2018-11-22,1.2257789682140707,2.3155051576597754,-6.486902359298885
2018-11-26,1.2257789682140707,2.3379083966284453,-6.486902359298885
2018-11-27,1.2257789682140707,2.3504463398670143,-6.486902359298885
2018-11-28,1.2257789682140707,2.359959779254174,-6.486902359298885
2018-11-29,1.2257789682140707,2.3885222226924077,-6.486902359298885
2018-11-30,1.2257789682140707,2.3924925284229186,-6.486902359298885
2018-12-03,1.2257789682140707,2.394032275838182,-6.486902359298885
2018-12-04,1.2257789682140707,2.3908977900285393,-6.486902359298885
2018-12-05,1.2257789682140707,2.3718490007859776,-6.486902359298885
2018-12-06,1.2257789682140707,2.3318705589682596,-6.486902359298885
2018-12-07,1.2257789682140707,2.352228176475497,-6.486902359298885
2018-12-10,1.2257789682140707,2.307080582620825,-6.486902359298885
2018-12-11,1.2257789682140707,2.320432435312021,-6.486902359298885
2018-12-12,1.2257789682140707,2.361884463523252,-6.486902359298885
2018-12-13,1.2257789682140707,2.373751559778302,-6.486902359298885
2018-12-14,1.2257789682140707,2.376809144140586,-6.486902359298885
2018-12-17,1.2257789682140707,2.39504402393052,-6.486902359298885
2018-12-18,1.2257789682140707,2.399520418515713,-6.486902359298885
2018-12-19,1.2257789682140707,2.4124102180972233,-6.486902359298885
2018-12-20,1.2257789682140707,2.4089788669237566,-6.486902359298885
2018-12-21,1.2257789682140707,2.3654919576767015,-6.486902359298885
2018-12-24,1.2257789682140707,2.345585223236517,-6.486902359298885
2018-12-26,1.2257789682140707,2.3601797431706397,-6.486902359298885
2018-12-27,1.2257789682140707,2.3711669837598253,-6.486902359298885
2018-12-28,1.2257789682140707,2.3887862223538687,-6.486902359298885
2018-12-31,1.2257789682140707,2.3893689978473964,-6.486902359298885
2019-01-02,1.2257789682140707,2.373960568460647,-6.486902359298885
2019-01-03,1.2257789682140707,2.347509907505595,-6.486902359298885
2019-01-04,1.2257789682140707,2.359629833379474,-6.486902359298885
2019-01-07,1.2257789682140707,2.3694072724280955,-6.486902359298885
2019-01-08,1.2257789682140707,2.3760833061779496,-6.486902359298885
2019-01-09,1.2257789682140707,2.3877413937506544,-6.486902359298885
2019-01-10,1.2257789682140707,2.380361432506406,-6.486902359298885
2019-01-11,1.2257789682140707,2.374499523017691,-6.486902359298885
2019-01-14,1.2257789682140707,2.3618844635232517,-6.486902359298885
2019-01-15,1.2257789682140707,2.3947031228216997,-6.486902359298885
2019-01-16,1.2257789682140707,2.3954729965293313,-6.486902359298885
2019-01-17,1.2257789682140707,2.3987505448080815,-6.486902359298885
2019-01-18,1.2257789682140707,2.3991354816618973,-6.486902359298885
2019-01-21,1.2257789682140707,2.41121137179078,-6.486902359298885
2019-01-22,1.2257789682140707,2.4026108685803593,-6.486902359298885
2019-01-23,1.2257789682140707,2.3825391612028253,-6.486902359298885
2019-01-24,1.2257789682140707,2.386564457912453,-6.486902359298885
2019-01-25,1.2257789682140707,2.371331956697174,-6.486902359298885
2019-01-28,1.2257789682140707,2.345156250637705,-6.486902359298885
2019-01-29,1.2257789682140707,2.3430996739421515,-6.486902359298885
2019-01-30,1.2257789682140707,2.3430116024521603,-6.486902359298885
2019-01-31,1.2257789682140707,2.3824182240104714,-6.486902359298885
2019-02-01,1.2257789682140707,2.3962100045345998,-6.486902359298885
2019-02-04,1.2257789682140707,2.4003012474574645,-6.486902359298885
2019-02-05,1.2257789682140707,2.405162364087961,-6.486902359298885
2019-02-06,1.2257789682140707,2.433339870672379,-6.486902359298885
2019-02-07,1.2257789682140707,2.4348686628535208,-6.486902359298885
2019-02-08,1.2257789682140707,2.4071970303152725,-6.486902359298885
2019-02-11,1.2257789682140707,2.395143050654631,-6.486902359298885
2019-02-12,1.2257789682140707,2.382517250734583,-6.486902359298885
2019-02-14,1.2257789682140707,2.363743201579092,-6.486902359298885
2019-02-15,1.2257789682140707,2.358981111672708,-6.486902359298885
2019-02-18,1.2257789682140707,2.3406250798819075,-6.486902359298885
2019-02-19,1.2257789682140707,2.33257427165414,-6.486902359298885
2019-02-20,1.2257789682140707,2.3614116699879566,-6.486902359298885
2019-02-21,1.2257789682140707,2.3733775781586064,-6.486902359298885
2019-02-22,1.2257789682140707,2.3737736850550553,-6.486902359298885
2019-02-25,1.2257789682140707,2.393229321619674,-6.486902359298885
2019-02-26,1.2257789682140707,2.3833749811236937,-6.486902359298885
2019-02-27,1.2257789682140707,2.3770731438020465,-6.486902359298885
2019-02-28,1.2257789682140707,2.373960568460646,-6.486902359298885
2019-03-01,1.2257789682140707,2.389578006529741,-6.486902359298885
2019-03-05,1.2257789682140707,2.4168425769374196,-6.486902359298885
2019-03-06,1.2257789682140707,2.431261168700072,-6.486902359298885
2019-03-07,1.2257789682140707,2.4324050240273984,-6.486902359298885
2019-03-08,1.2257789682140707,2.427389889693673,-6.486902359298885
2019-03-11,1.2257789682140707,2.4565679743277977,-6.486902359298885
2019-03-12,1.2257789682140707,2.485856255728667,-6.486902359298885
2019-03-13,1.2257789682140707,2.494764794345545,-6.486902359298885
2019-03-14,1.2257789682140707,2.495105695454365,-6.486902359298885
2019-03-15,1.2257789682140707,2.513494592947528,-6.486902359298885
2019-03-18,1.2257789682140707,2.5212704462797126,-6.486902359298885
2019-03-19,1.2257789682140707,2.5367119561773372,-6.486902359298885
2019-03-20,1.2257789682140707,2.5342152368403394,-6.486902359298885
2019-03-22,1.2257789682140707,2.520104680484145,-6.486902359298885
2019-03-25,1.2257789682140707,2.4975252985354923,-6.486902359298885
2019-03-26,1.2257789682140707,2.5259006437596225,-6.486902359298885
2019-03-27,1.2257789682140707,2.517497979188914,-6.486902359298885
2019-03-28,1.2257789682140707,2.544982513513059,-6.486902359298885
2019-04-01,1.2257789682140707,2.56679202175408,-6.486902359298885
2019-04-02,1.2257789682140707,2.5764813893127103,-6.486902359298885
2019-04-03,1.2257789682140707,2.561248888097431,-6.486902359298885
2019-04-04,1.2257789682140707,2.5511415031741103,-6.486902359298885
2019-04-05,1.2257789682140707,2.566088094259686,-6.486902359298885
2019-04-08,1.2257789682140707,2.5525712686311404,-6.486902359298885
2019-04-09,1.2257789682140707,2.567407877758483,-6.486902359298885
2019-04-10,1.2257789682140707,2.5481279545568225,-6.486902359298885
2019-04-11,1.2257789682140707,2.5508555930444072,-6.486902359298885
2019-04-12,1.2257789682140707,2.561138906139199,-6.486902359298885
2019-04-15,1.2257789682140707,2.571455084936353,-6.486902359298885
2019-04-16,1.2257789682140707,2.5927477638970835,-6.486902359298885
2019-04-18,1.2257789682140707,2.5851918744813647,-6.486902359298885
2019-04-22,1.2257789682140707,2.550360674232359,-6.486902359298885
2019-04-23,1.2257789682140707,2.5462913417777355,-6.486902359298885
2019-04-24,1.2257789682140707,2.5793299649926498,-6.486902359298885
2019-04-25,1.2257789682140707,2.560775879753625,-6.486902359298885
2019-04-26,1.2257789682140707,2.5855989366119347,-6.486902359298885
2019-04-30,1.2257789682140707,2.584169171154905,-6.486902359298885
2019-05-02,1.2257789682140707,2.579021929586193,-6.486902359298885
2019-05-03,1.2257789682140707,2.5762723806303662,-6.486902359298885
2019-05-06,1.2257789682140707,2.551196494153228,-6.486902359298885
2019-05-07,1.2257789682140707,2.5291232010592575,-6.486902359298885
2019-05-08,1.2257789682140707,2.4986691538628203,-6.486902359298885
2019-05-09,1.2257789682140707,2.4859881481551436,-6.486902359298885
2019-05-10,1.2257789682140707,2.480951103353177,-6.486902359298885
2019-05-13,1.2257789682140707,2.452201776509352,-6.486902359298885
2019-05-14,1.2257789682140707,2.4684460258169705,-6.486902359298885
2019-05-15,1.2257789682140707,2.4541374160125513,-6.486902359298885
2019-05-16,1.2257789682140707,2.4761557181274054,-6.486902359298885
2019-05-17,1.2257789682140707,2.509161475639957,-6.486902359298885
2019-05-20,1.2257789682140707,2.601788194940437,-6.486902359298885
2019-05-21,1.2257789682140707,2.5755794083700936,-6.486902359298885
2019-05-22,1.2257789682140707,2.5819145410111277,-6.486902359298885
2019-05-23,1.2257789682140707,2.564130329479734,-6.486902359298885
2019-05-24,1.2257789682140707,2.6052745370930204,-6.486902359298885
2019-05-27,1.2257789682140707,2.623014712879418,-6.486902359298885
2019-05-28,1.2257789682140707,2.623894568545283,-6.486902359298885
2019-05-29,1.2257789682140707,2.6090139236729444,-6.486902359298885
2019-05-30,1.2257789682140707,2.6276670356360814,-6.486902359298885
2019-05-31,1.2257789682140707,2.6225857402806065,-6.486902359298885
2019-06-03,1.2257789682140707,2.6590447594348667,-6.486902359298885
2019-06-04,1.2257789682140707,2.6443293023083903,-6.486902359298885
2019-06-06,1.2257789682140707,2.605197635645662,-6.486902359298885
2019-06-07,1.2257789682140707,2.6111147509220056,-6.486902359298885
2019-06-10,1.2257789682140707,2.622563829812365,-6.486902359298885
2019-06-11,1.2257789682140707,2.6320001529436543,-6.486902359298885
2019-06-12,1.2257789682140707,2.618934425190674,-6.486902359298885
2019-06-13,1.2257789682140707,2.620661056011528,-6.486902359298885
2019-06-14,1.2257789682140707,2.600699330592227,-6.486902359298885
2019-06-17,1.2257789682140707,2.5674519135034797,-6.486902359298885
2019-06-18,1.2257789682140707,2.571708129363694,-6.486902359298885
2019-06-19,1.2257789682140707,2.5716971741295733,-6.486902359298885
2019-06-20,1.2257789682140707,2.602558068648068,-6.486902359298885
2019-06-21,1.2257789682140707,2.5788788671170844,-6.486902359298885
2019-06-24,1.2257789682140707,2.5735009212062976,-6.486902359298885
2019-06-25,1.2257789682140707,2.594793385358516,-6.486902359298885
2019-06-26,1.2257789682140707,2.6060334555665303,-6.486902359298885
2019-06-27,1.2257789682140707,2.6047136720677333,-6.486902359298885
2019-06-28,1.2257789682140707,2.5931215307082662,-6.486902359298885
2019-07-01,1.2257789682140707,2.6100037612970413,-6.486902359298885
2019-07-02,1.2257789682140707,2.6198361913247794,-6.486902359298885
2019-07-03,1.2257789682140707,2.6212550015476883,-6.486902359298885
2019-07-04,1.2257789682140707,2.627853919041672,-6.486902359298885
2019-07-05,1.2257789682140707,2.5980268978922703,-6.486902359298885
2019-07-08,1.2257789682140707,2.5424748389419407,-6.486902359298885
2019-07-09,1.2271362989250383,2.541881108214292,-6.383353348753884
2019-07-10,1.221083393770588,2.5293431649757228,-6.845121681704391
2019-07-11,1.2300034645245146,2.547820133958877,-6.164620980514179
2019-07-12,1.2267752069611575,2.541133144974902,-6.410900589285228
2019-07-15,1.2305821242483674,2.549018765456808,-6.120475775986622
2019-07-16,1.2384668296469274,2.5653510862544175,-5.518961763327413
2019-07-17,1.2411110349585395,2.570828273697829,-5.317238748086661
2019-07-18,1.2314901429835023,2.550899628789403,-6.051204196982473
2019-07-19,1.2126252137711486,2.511822953105791,-7.49038533254236
2019-07-22,1.203655333481508,2.495754631969643,-8.174685939015214
2019-07-23,1.203655333481508,2.4924220927117764,-8.174685939015214
2019-07-24,1.203655333481508,2.4792792487029254,-8.174685939015214
2019-07-25,1.203655333481508,2.4750670685877063,-8.174685939015214
2019-07-26,1.203655333481508,2.4821387796169847,-8.174685939015214
2019-07-29,1.203655333481508,2.4612202970844614,-8.174685939015214
2019-07-30,1.203655333481508,2.4383880855169804,-8.174685939015214
2019-07-31,1.203655333481508,2.445558823270371,-8.174685939015214
2019-08-01,1.203655333481508,2.415203802798046,-8.174685939015214
2019-08-02,1.203655333481508,2.4190200908253283,-8.174685939015214
2019-08-05,1.203655333481508,2.389379953081518,-8.174685939015214
2019-08-06,1.203655333481508,2.4082199484502467,-8.174685939015214
2019-08-07,1.203655333481508,2.387818295198014,-8.174685939015214
2019-08-08,1.203655333481508,2.426740953178397,-8.174685939015214
2019-08-09,1.203655333481508,2.443722210491284,-8.174685939015214
2019-08-13,1.203655333481508,2.4032926707980007,-8.174685939015214
2019-08-14,1.203655333481508,2.4260701061948775,-8.174685939015214
2019-08-16,1.203655333481508,2.4301173133727465,-8.174685939015214
2019-08-19,1.203655333481508,2.431459222148297,-8.174685939015214
2019-08-20,1.203655333481508,2.423342467707292,-8.174685939015214
2019-08-21,1.203655333481508,2.4017200576803743,-8.174685939015214
2019-08-22,1.203655333481508,2.36270932821,-8.174685939015214
2019-08-23,1.203655333481508,2.382066152859019,-8.174685939015214
2019-08-26,1.203655333481508,2.4323279077715285,-8.174685939015214
2019-08-27,1.203655333481508,2.44277619380367,-8.174685939015214
2019-08-28,1.203655333481508,2.429743331753052,-8.174685939015214
2019-08-29,1.203655333481508,2.4082309036843674,-8.174685939015214
2019-08-30,1.203655333481508,2.424717242185206,-8.174685939015214
2019-09-03,1.203655333481508,2.3751484595329697,-8.174685939015214
2019-09-04,1.208503196115618,2.385431772627761,-7.804848746823268
2019-09-05,1.2088653687303086,2.386146655356276,-7.77721906483444
2019-09-06,1.2198196755879165,2.4077690653831936,-6.941529113118127
2019-09-09,1.226154866871446,2.420273928110888,-6.458225535204443
2019-09-11,1.2297933522078517,2.427455835906912,-6.180650178349278
2019-09-12,1.223898252887606,2.415819658802449,-6.630379707596267
2019-09-13,1.234273170622434,2.436298428310552,-5.838890605311575
2019-09-16,1.226205035614046,2.420372954835,-6.454398226491442
2019-09-17,1.2054887185233936,2.3794815768405426,-8.034819357126777
2019-09-18,1.2068519564867066,2.3845519169618963,-7.930819689913903
2019-09-19,1.2068519564867066,2.354669690024866,-7.930819689913903
2019-09-20,1.2068519564867066,2.4799172299840824,-7.930819689913903
2019-09-23,1.2068519564867066,2.5516254667520393,-7.930819689913903
2019-09-24,1.2068519564867066,2.5489858997544457,-7.930819689913903
2019-09-25,1.2068519564867066,2.516431240117459,-7.930819689913903
2019-09-26,1.2068519564867066,2.5452465131745217,-7.930819689913903
2019-09-27,1.2068519564867066,2.532312677848016,-7.930819689913903
2019-09-30,1.2068519564867066,2.523965004256424,-7.930819689913903
2019-10-01,1.2068519564867066,2.4987681805869317,-7.930819689913903
2019-10-03,1.2068519564867066,2.4886717508977316,-7.930819689913903
2019-10-04,1.2068519564867066,2.4580417755298236,-7.930819689913903
2019-10-07,1.2068519564867066,2.4474066060920916,-7.930819689913903
2019-10-09,1.2068519564867066,2.4885177331945028,-7.930819689913903
2019-10-10,1.2068519564867066,2.4711955747727954,-7.930819689913903
2019-10-11,1.2068519564867066,2.486703030883657,-7.930819689913903
2019-10-14,1.2068519564867066,2.4946438571531915,-7.930819689913903
2019-10-15,1.2068519564867066,2.513813583588107,-7.930819689913903
2019-10-16,1.2068519564867066,2.52166633836765,-7.930819689913903
2019-10-17,1.2068519564867066,2.5485788376238756,-7.930819689913903
2019-10-18,1.2068519564867066,2.5651861133170684,-7.930819689913903
2019-10-22,1.2068519564867066,2.5490187654568084,-7.930819689913903
2019-10-23,1.2068519564867066,2.55248319714115,-7.930819689913903
2019-10-24,1.2068519564867066,2.5477539729371284,-7.930819689913903
2019-10-25,1.2068519564867066,2.548040097875344,-7.930819689913903
2019-10-29,1.2068519564867066,2.5926816028753343,-7.930819689913903
2019-10-30,1.2068519564867066,2.60527453709302,-7.930819689913903
2019-10-31,1.2068519564867066,2.6126104625922726,-7.930819689913903
2019-11-01,1.2068519564867066,2.615502859208695,-7.930819689913903
2019-11-04,1.2068519564867066,2.62665507273523,-7.930819689913903
2019-11-05,1.2068519564867066,2.621354028271801,-7.930819689913903
2019-11-06,1.2068519564867066,2.6320991796677666,-7.930819689913903
2019-11-07,1.2068519564867066,2.6422175198252082,-7.930819689913903
2019-11-08,1.2068519564867066,2.6193633977894852,-7.930819689913903
2019-11-11,1.2068519564867066,2.620529163585053,-7.930819689913903
2019-11-13,1.2068519564867066,2.6044717976830256,-7.930819689913903
2019-11-14,1.2068519564867066,2.611433526754071,-7.930819689913903
2019-11-15,1.2068519564867066,2.6165698130886623,-7.930819689913903
2019-11-18,1.2068519564867066,2.614161165241656,-7.930819689913903
2019-11-19,1.2068519564867066,2.626391073073768,-7.930819689913903
2019-11-20,1.2068519564867066,2.6393689441452692,-7.930819689913903
2019-11-21,1.2068519564867066,2.632616223756569,-7.930819689913903
2019-11-22,1.2068519564867066,2.620738172267398,-7.930819689913903
2019-11-25,1.2068519564867066,2.65578933643287,-7.930819689913903
2019-11-26,1.2068519564867066,2.6478596802059684,-7.930819689913903
2019-11-27,1.2068519564867066,2.661717406943334,-7.930819689913903
2019-11-28,1.2068519564867066,2.6728146294907527,-7.930819689913903
2019-11-29,1.2068519564867066,2.651895932149717,-7.930819689913903
2019-12-02,1.2068519564867066,2.6501693013288627,-7.930819689913903
2019-12-03,1.2068519564867066,2.638291249839692,-7.930819689913903
2019-12-04,1.2068519564867066,2.649069481746532,-7.930819689913903
2019-12-05,1.2068519564867066,2.6436144195798743,-7.930819689913903
2019-12-06,1.2068519564867066,2.6222998301509017,-7.930819689913903
2019-12-09,1.2068519564867066,2.62581925281436,-7.930819689913903
2019-12-10,1.2068519564867066,2.6080681217938415,-7.930819689913903
2019-12-11,1.2068519564867066,2.6198033256224167,-7.930819689913903
2019-12-12,1.2068519564867066,2.6333639721874462,-7.930819689913903
2019-12-13,1.2068519564867066,2.6586379121128085,-7.930819689913903
2019-12-16,1.2068519564867066,2.6514340938485432,-7.930819689913903
2019-12-17,1.2068519564867066,2.675861043810404,-7.930819689913903
2019-12-18,1.2068519564867066,2.6883220856016146,-7.930819689913903
2019-12-19,1.2068519564867066,2.6966916696614485,-7.930819689913903
2019-12-20,1.2068519564867066,2.6993531471272836,-7.930819689913903
2019-12-23,1.2068519564867066,2.6973625166449677,-7.930819689913903
2019-12-24,1.2068519564867066,2.686760212909598,-7.930819689913903
2019-12-26,1.2068519564867066,2.667403388260579,-7.930819689913903
2019-12-27,1.2068519564867066,2.6936340852991645,-7.930819689913903
2019-12-30,1.2068519564867066,2.6958446796979465,-7.930819689913903
2019-12-31,1.2068519564867066,2.6766199622839144,-7.930819689913903
2020-01-01,1.2068519564867066,2.679710412348561,-7.930819689913903
2020-01-02,1.2068519564867066,2.7016408577819364,-7.930819689913903
2020-01-03,1.2068519564867066,2.689421905183946,-7.930819689913903
2020-01-06,1.2068519564867066,2.638038205412352,-7.930819689913903
2020-01-07,1.2068519564867066,2.6512141299320775,-7.930819689913903
2020-01-08,1.2068519564867066,2.6451429969525053,-7.930819689913903
2020-01-09,1.2068519564867066,2.687057293081935,-7.930819689913903
2020-01-10,1.2068519564867066,2.6960536883802924,-7.930819689913903
2020-01-13,1.2068519564867066,2.712056063303203,-7.930819689913903
2020-01-14,1.2068519564867066,2.7192598815674685,-7.930819689913903
2020-01-15,1.2068519564867066,2.715080567154612,-7.930819689913903
2020-01-16,1.2068519564867066,2.717764169897201,-7.930819689913903
2020-01-17,1.2068519564867066,2.717071197636928,-7.930819689913903
2020-01-20,1.2068519564867066,2.6889598520742597,-7.930819689913903
2020-01-21,1.2068519564867066,2.6769277828818603,-7.930819689913903
2020-01-22,1.2068519564867066,2.6630812261871277,-7.930819689913903
2020-01-23,1.2068519564867066,2.679237404004755,-7.930819689913903
2020-01-24,1.2068519564867066,2.69417303985621,-7.930819689913903
2020-01-27,1.2068519564867066,2.6657427036529637,-7.930819689913903
2020-01-28,1.2068519564867066,2.6518409411706023,-7.930819689913903
2020-01-29,1.2068519564867066,2.668052324775858,-7.930819689913903
2020-01-30,1.2068519564867066,2.64744166284128,-7.930819689913903
2020-01-31,1.2068519564867066,2.631230279236024,-7.930819689913903
2020-02-03,1.2068519564867066,2.575315623517145,-7.930819689913903
2020-02-04,1.225448319277156,2.635090817816814,-6.512127140539469
2020-02-05,1.2366495302128158,2.659176866669855,-5.657601194930717
2020-02-06,1.2416414654267307,2.6699110628316993,-5.276772891313286
2020-02-07,1.2375905566024235,2.6612003628545335,-5.585811504508731
2020-02-10,1.23075223171132,2.646495860962178,-6.107498496880847
2020-02-11,1.2385675457839906,2.663301190103595,-5.511278259038788
2020-02-12,1.2481115712868265,2.6838237805481815,-4.783176854237913
2020-02-13,1.245395681217372,2.677983781527708,-4.990368607263607
2020-02-14,1.2391352584137294,2.664521946878279,-5.467968194212036
2020-02-17,1.23097588301586,2.6496413020059406,-6.090436427110324
2020-02-18,1.23097588301586,2.6379172682199985,-6.090436427110324
2020-02-19,1.23097588301586,2.6672605405999845,-6.090436427110324
2020-02-20,1.23097588301586,2.657350994316376,-6.090436427110324
2020-02-24,1.23097588301586,2.6020412393677788,-6.090436427110324
2020-02-25,1.2214952586850976,2.5951123759990957,-6.813701038208264
2020-02-26,1.2091331428674832,2.5688485984496356,-7.756790921029899
2020-02-27,1.204453342018365,2.5589061864636644,-8.113806896251141
2020-02-28,1.1597728460946037,2.463980801274411,-11.522424343849524
2020-03-02,1.1526289331898767,2.4488032910382485,-12.067424251924086
2020-03-03,1.1702868020392352,2.4863180940298437,-10.720328195738226
2020-03-04,1.164871943349065,2.4748140241603678,-11.13342078627454
2020-03-05,1.1667355728024722,2.478773374656758,-10.991246897211603
2020-03-06,1.1377923922630375,2.417282504770355,-13.199284837167447
2020-03-09,1.0809527862078292,2.2989419177115797,-17.53550512543349
2020-03-11,1.0809527862078292,2.3004707098927217,-17.53550512543349
2020-03-12,1.0809527862078292,2.1094870394210092,-17.53550512543349
2020-03-13,1.1804709214642506,2.1897848241652658,-9.943394850598864
2020-03-16,1.0906122931921547,2.023096211228939,-16.798593787248006
2020-03-17,1.063297707537764,1.97242739418586,-18.882388322437194
2020-03-18,1.0042160592453964,1.8628303728066133,-23.3896511233216
2020-03-19,0.9798660474078272,1.8176608684836997,-25.24728214291433
2020-03-20,1.0370207979887027,1.9236834762203716,-20.887019884958924
2020-03-23,0.902410665162049,1.6739803952863246,-31.156253426130487
2020-03-24,0.9250353855931566,1.715949467586359,-29.430242664296113
2020-03-25,0.9863166385748148,1.8296267766543497,-24.755174856624674
2020-03-26,1.023702335996578,1.9008072289078952,-21.90306818484786
2020-03-27,1.023702335996578,1.9049425075757558,-21.90306818484786
2020-03-30,1.023702335996578,1.82154310272422,-21.90306818484786
2020-03-31,1.030888127100612,1.891194762796623,-21.35487344292285
2020-04-01,0.9896477825149248,1.8155381307663971,-24.501046178776175
2020-04-03,0.969264428543583,1.778144264967156,-26.056065982178602
2020-04-07,1.054203110399737,1.9339667893151635,-19.576203416532234
2020-04-08,1.0489933415104509,1.924409314183008,-19.97364997048895
2020-04-09,1.0925358294924532,2.004289296371086,-16.651849682046617
2020-04-13,1.0783812950170872,1.97832238418545,-17.731680874110612
2020-04-15,1.0701620307017246,1.9632439006733997,-18.35871795533667
2020-04-16,1.078255421249169,1.9780914650348629,-17.741283621632775
2020-04-17,1.110024364660702,2.03835062291246,-15.31767187414702
2020-04-20,1.110024364660702,2.0372727137983713,-15.31767187414702
2020-04-21,1.110024364660702,1.9755949605063772,-15.31767187414702
2020-04-22,1.1286572372350996,2.020874446787524,-13.89619404041077
2020-04-23,1.1442100841644727,2.048722007497243,-12.709687393444591
2020-04-24,1.1246155533266797,2.013637762820896,-14.204528896662694
2020-04-27,1.1403279609315908,2.041771018851806,-13.005849571409378
2020-04-28,1.1524410156135771,2.0634595899004733,-12.081760241622552
2020-04-29,1.1736263543894403,2.1013921954482466,-10.465558051120748
2020-04-30,1.2112860329885164,2.1688223058877467,-7.592549708447171
2020-05-04,1.1417039018246322,2.044234657677929,-12.9008808140597
2020-05-05,1.1309053631741268,2.024899743497152,-13.7246874100179
2020-05-06,1.1377966407070976,2.0392635590891994,-13.198960728845698
2020-05-07,1.1377966407070976,2.023459022806001,-13.198960728845698
2020-05-08,1.1377966407070976,2.0349961731863515,-13.198960728845698
2020-05-11,1.1377966407070976,2.0322906599755206,-13.198960728845698
2020-05-12,1.1377966407070976,2.0229091130148356,-13.198960728845698
2020-05-13,1.1377966407070976,2.064042365394001,-13.198960728845698
2020-05-14,1.1377966407070976,2.0110750972706604,-13.198960728845698
2020-05-15,1.1310146199329332,2.0097772242401053,-13.716352352704064
2020-05-18,1.0921953596657563,1.9407966259597336,-16.677823686311033
2020-05-19,1.0991087627993545,1.9530815247709619,-16.15040907158353
2020-05-20,1.1223124840459193,1.9943138038742394,-14.380227083782703
2020-05-21,1.1272268148308495,2.003046414319647,-14.005319122032112
2020-05-22,1.1189331487670289,1.9883088319164166,-14.638032216755391
2020-05-26,1.1176705067713928,1.9860651570067598,-14.734357547247235
2020-05-27,1.153060989866313,2.04895292664783,-12.03446320493471
2020-05-28,1.174742045858973,2.087479477731764,-10.380443386868254
2020-05-29,1.1847328306610734,2.1073202659587107,-9.618259290931896
2020-06-01,1.1847328306610734,2.161398523707015,-9.618259290931896
2020-06-02,1.1847328306610734,2.1950418328836987,-9.618259290931896
2020-06-03,1.1847328306610734,2.213177900758033,-9.618259290931896
2020-06-04,1.1847328306610734,2.206040028707005,-9.618259290931896
2020-06-05,1.1847328306610734,2.23090712131031,-9.618259290931896
2020-06-08,1.1847328306610734,2.2364721654352007,-9.618259290931896
2020-06-09,1.1847328306610734,2.209900567287795,-9.618259290931896
2020-06-10,1.1847328306610734,2.2251880594821905,-9.618259290931896
2020-06-11,1.1847328306610734,2.178082700847565,-9.618259290931896
2020-06-12,1.2366658863887567,2.193678228448418,-5.656353403348824
2020-06-15,1.2169246433262602,2.158659929985309,-7.162387393099623
2020-06-16,1.2293620829887566,2.1807222678451588,-6.2135511512330215
2020-06-17,1.2252886450014038,2.1734965391126515,-6.524308485240516
2020-06-18,1.2513911988110802,2.2197989435287706,-4.532978297358192
2020-06-19,1.2703326006848479,2.253398431768971,-3.087963161020779
2020-06-22,1.2786159522113627,2.268091978427206,-2.456036949054674
2020-06-23,1.2984315484138866,2.3032421693167904,-0.9443306540811824
2020-06-24,1.2778842882503785,2.266794105396651,-2.5118546496335936
2020-06-25,1.2745728334727524,2.263186826051714,-2.764481266652552
2020-06-26,1.2745728334727524,2.283885344667771,-2.764481266652552
2020-06-29,1.2745728334727524,2.2683559780886675,-2.764481266652552
2020-06-30,1.2745728334727524,2.2660901779022566,-2.764481266652552
2020-07-01,1.2745728334727524,2.2942346039757995,-2.764481266652552
2020-07-02,1.2745728334727524,2.3209933003373084,-2.764481266652552
2020-07-03,1.2745728334727524,2.333234163403541,-2.764481266652552
2020-07-06,1.2745728334727524,2.367614695394006,-2.764481266652552
2020-07-07,1.2745728334727524,2.3755333963867864,-2.764481266652552
2020-07-08,1.2745728334727524,2.3548786987072123,-2.764481266652552
2020-07-09,1.2745728334727524,2.3785688554723166,-2.764481266652552
2020-07-10,1.2745728334727524,2.3685824077413495,-2.764481266652552
2020-07-13,1.2745728334727524,2.3762042433703057,-2.764481266652552
2020-07-14,1.2745728334727524,2.333234163403541,-2.764481266652552
2020-07-15,1.2745728334727524,2.3356209007823057,-2.764481266652552
2020-07-16,1.2745728334727524,2.3624015076120566,-2.764481266652552
2020-07-17,1.2745728334727524,2.397980671100452,-2.764481266652552
2020-07-20,1.2745728334727524,2.4244863230346203,-2.764481266652552
2020-07-21,1.2745728334727524,2.4552922265739987,-2.764481266652552
2020-07-22,1.2745728334727524,2.448770210527373,-2.764481266652552
2020-07-23,1.2745728334727524,2.4669943498916984,-2.764481266652552
2020-07-24,1.2745728334727524,2.4623091614326724,-2.764481266652552
2020-07-27,1.2745728334727524,2.448594282355902,-2.764481266652552
2020-07-28,1.2745728334727524,2.485713193259561,-2.764481266652552
2020-07-29,1.2745728334727524,2.464222675659118,-2.764481266652552
2020-07-30,1.2745728334727524,2.4420724811177887,-2.764481266652552
2020-07-31,1.2745728334727524,2.4357594737535084,-2.764481266652552
2020-08-03,1.2745728334727524,2.3957589066590366,-2.764481266652552
2020-08-04,1.2745728334727524,2.4405546441707675,-2.764481266652552
2020-08-05,1.2745728334727524,2.4419624991595557,-2.764481266652552
2020-08-06,1.2745728334727524,2.463628944931469,-2.764481266652552
2020-08-07,1.2745728334727524,2.466686314485241,-2.764481266652552
2020-08-10,1.2745728334727524,2.479026419084098,-2.764481266652552
2020-08-11,1.2745728334727524,2.4905414441876945,-2.764481266652552
2020-08-12,1.2745728334727524,2.487440038888927,-2.764481266652552
2020-08-13,1.2745728334727524,2.485691282791319,-2.764481266652552
2020-08-14,1.2745728334727524,2.4588447297483307,-2.764481266652552
2020-08-17,1.2745728334727524,2.4739560789627433,-2.764481266652552
2020-08-18,1.2745728334727524,2.504366090414185,-2.764481266652552
2020-08-19,1.2745728334727524,2.5094364305355388,-2.764481266652552
2020-08-20,1.2745728334727524,2.488275858809795,-2.764481266652552
2020-08-21,1.2745728334727524,2.5013415865627757,-2.764481266652552
2020-08-24,1.2745728334727524,2.5222052929246948,-2.764481266652552
2020-08-25,1.2745728334727524,2.523481040678496,-2.764481266652552
2020-08-26,1.2745728334727524,2.540495163693746,-2.764481266652552
2020-08-27,1.2745728334727524,2.5426179014110493,-2.764481266652552
2020-08-28,1.2745728334727524,2.5620516275074268,-2.764481266652552
2020-08-31,1.2745728334727524,2.5048390987579925,-2.764481266652552
2020-09-01,1.273959788811813,2.523041112845564,-2.8112496537134435
2020-09-02,1.2811513405500545,2.5372837764367455,-2.2626154404293275
2020-09-03,1.2803128106500734,2.535623091829129,-2.3265858057602284
2020-09-04,1.2588102835408317,2.49303794871618,-3.9669858854075257
2020-09-07,1.261164913679066,2.497701226706964,-3.7873541869250182
2020-09-08,1.2569776873449863,2.4894085440944886,-4.106792287248274
2020-09-09,1.2526072664693122,2.4807530499049517,-4.440206063039609
2020-09-10,1.2716273936534646,2.5184218705997754,-2.98918507423801
2020-09-11,1.273315625175028,2.5217653650917633,-2.860392067333928
2020-09-14,1.2693322451233975,2.516398159606585,-3.1642789974962726
2020-09-15,1.2693322451233975,2.534380209777691,-3.1642789974962726
2020-09-16,1.2693322451233975,2.5525822238652625,-3.1642789974962726
2020-09-17,1.2693322451233975,2.533126372492131,-3.1642789974962726
2020-09-18,1.2693322451233975,2.530673903708641,-3.1642789974962726
2020-09-21,1.2693322451233975,2.474714997436254,-3.1642789974962726
2020-09-22,1.2514294172099159,2.453400622815794,-4.530062664968781
2020-09-23,1.2489833894056608,2.4486052375900225,-4.716666973594208
2020-09-24,1.2123728484513727,2.3768310546088283,-7.509637957527204
2020-09-25,1.2398279875391522,2.4306562679297916,-5.41512078205697
2020-09-28,1.2597208641742317,2.469655827357533,-3.8975188624866375
2020-09-29,1.2591431046055237,2.46852314207284,-3.94159539533836
2020-09-30,1.261964845962045,2.474055105686856,-3.726328384048694
2020-10-01,1.2809714155325924,2.511317079059623,-2.276341688115291
2020-10-05,1.2906653511142918,2.530321832557189,-1.5368038366094128
2020-10-06,1.3072200385863006,2.565307265317936,-0.2738680658670223
2020-10-07,1.3072200385863006,2.5821233348849617,-0.2738680658670223
2020-10-08,1.3072200385863006,2.6031848798865935,-0.2738680658670223
2020-10-09,1.3072200385863006,2.6206941365224043,-0.2738680658670223
2020-10-12,1.3072200385863006,2.624378532123212,-0.2738680658670223
2020-10-13,1.3072200385863006,2.6251593610649637,-0.2738680658670223
2020-10-14,1.3072200385863006,2.633198999250098,-0.2738680658670223
2020-10-15,1.3072200385863006,2.569255445771693,-0.2738680658670223
2020-10-16,1.3098197208031082,2.5873146121986688,-0.07554166014535069
2020-10-19,1.3221356538839748,2.6116425354364172,0.0
2020-10-20,1.3247803595237464,2.616866678452488,0.0
2020-10-21,1.3293293184718251,2.625852333325236,0.0
2020-10-22,1.324741428412766,2.6167897770051294,-0.3451281781953863
2020-10-23,1.3285163324782838,2.624246424888224,-0.061157606489559146
2020-10-26,1.3104098859966544,2.588480377994237,-1.4232314154418946
2020-10-27,1.3239563901720792,2.615239074355746,-0.40418338970530376
2020-10-28,1.3061616100705316,2.5800886686576496,-1.7428118133982595
2020-10-29,1.2983077358257455,2.567154833331144,-2.3336266051621757
2020-10-30,1.2983077358257455,2.5609079869886133,-2.3336266051621757
2020-11-02,1.2983077358257455,2.5667920217540825,-2.3336266051621757
2020-11-03,1.2983077358257455,2.598543727172563,-2.3336266051621757
2020-11-04,1.2983077358257455,2.6194402992368446,-2.3336266051621757
2020-11-05,1.2983077358257455,2.6660286137826676,-2.3336266051621757
2020-11-06,1.2983077358257455,2.69753844481644,-2.3336266051621757
2020-11-09,1.2983077358257455,2.7409813183184992,-2.3336266051621757
2020-11-10,1.2983077358257455,2.7783861393518614,-2.3336266051621757
2020-11-11,1.2983077358257455,2.8043530515374973,-2.3336266051621757
2020-11-12,1.2983077358257455,2.7915180281265917,-2.3336266051621757
2020-11-13,1.2983077358257455,2.797930062214984,-2.3336266051621757
2020-11-17,1.2983077358257455,2.8318594963298835,-2.3336266051621757
2020-11-18,1.2983077358257455,2.845948142217836,-2.3336266051621757
2020-11-19,1.2983077358257455,2.8093131948921055,-2.3336266051621757
2020-11-20,1.2983077358257455,2.8285269570720164,-2.3336266051621757
2020-11-23,1.2983077358257455,2.8433526109652383,-2.3336266051621757
2020-11-24,1.2983077358257455,2.8716620099761307,-2.3336266051621757
2020-11-25,1.2983077358257455,2.8283841094114206,-2.3336266051621757
2020-11-26,1.2983077358257455,2.8566713831455597,-2.3336266051621757
2020-11-27,1.2983077358257455,2.8527010774150487,-2.3336266051621757
2020-12-01,1.2983077358257455,2.8835179361885483,-2.3336266051621757
2020-12-02,1.2983077358257455,2.884551809557642,-2.3336266051621757
2020-12-03,1.2983077358257455,2.8889841683978394,-2.3336266051621757
2020-12-04,1.2983077358257455,2.916402541700234,-2.3336266051621757
2020-12-07,1.2983077358257455,2.9377830773424436,-2.3336266051621757
2020-12-08,1.2983077358257455,2.9459657779966864,-2.3336266051621757
2020-12-09,1.2983077358257455,2.975913736338442,-2.3336266051621757
2020-12-10,1.2983077358257455,2.9647396123436653,-2.3336266051621757
2020-12-11,1.2983077358257455,2.9725592866123334,-2.3336266051621757
2020-12-14,1.2983077358257455,2.9823038599585923,-2.3336266051621757
2020-12-15,1.2983077358257455,2.9844373381015035,-2.3336266051621757
2020-12-16,1.2983077358257455,3.009700322792745,-2.3336266051621757
2020-12-17,1.2983077358257455,3.0224582299477807,-2.3336266051621757
2020-12-18,1.2983077358257455,3.026824427766228,-2.3336266051621757
2020-12-21,1.2983077358257455,2.9317671501505,-2.3336266051621757
2020-12-22,1.3060037899495203,2.962100045346071,-1.75468397470685
2020-12-23,1.3190770957840636,2.9917511383240023,-0.7712327220426696
2020-12-24,1.333445183116517,3.0243388784718634,0.0
2020-12-28,1.3454662599669494,3.051603448879542,0.0
2020-12-29,1.3512270005572786,3.0646691766325227,0.0
2020-12-30,1.3560131744287507,3.0755245247952336,0.0
2020-12-31,1.3559937588624373,3.0754804890502383,-0.001431812513286168
2021-01-01,1.359557888577115,3.0835641629803683,0.0
2021-01-04,1.3706527955593544,3.108728120947498,0.0
2021-01-05,1.3757411807708528,3.123377631860737,0.0
2021-01-06,1.3757411807708528,3.111664553308916,0.0
2021-01-07,1.3757411807708528,3.109706788528962,0.0
2021-01-08,1.3757411807708528,3.1558773005186067,0.0
2021-01-11,1.3757411807708528,3.186122339032699,0.0
2021-01-12,1.3757411807708528,3.2034335422202855,0.0
2021-01-13,1.3757411807708528,3.2037413628182305,0.0
2021-01-14,1.3757411807708528,3.2105052532495635,0.0
2021-01-15,1.3757411807708528,3.1748932240588053,0.0
2021-01-18,1.3757411807708528,3.141370637265963,0.0
2021-01-19,1.3757411807708528,3.19412911151547,0.0
2021-01-20,1.3757411807708528,3.2213056104331574,0.0
2021-01-21,1.3757411807708528,3.2093504426881165,0.0
2021-01-22,1.3757411807708528,3.1612994969829016,0.0
2021-01-25,1.3757411807708528,3.132044296092907,0.0
2021-01-27,1.3757411807708528,3.0723460032405963,0.0
2021-01-28,1.3757411807708528,3.0393623710047986,0.0
2021-01-29,1.3757411807708528,2.9991199295256186,0.0
2021-02-01,1.3757411807708528,3.141348726797722,0.0
2021-02-02,1.3757411807708528,3.221998367884919,0.0
2021-02-03,1.3757411807708528,3.2532553692998625,0.0
2021-02-04,1.3757411807708528,3.2765055982320344,0.0
2021-02-05,1.3757411807708528,3.2827964803195604,0.0
2021-02-08,1.3757411807708528,3.324930525556944,0.0
2021-02-09,1.3757411807708528,3.3235007600999142,0.0
2021-02-10,1.3757411807708528,3.3228849040955115,0.0
2021-02-11,1.3757411807708528,3.3375784507537465,0.0
2021-02-12,1.3757411807708528,3.3353788115890852,0.0
2021-02-15,1.3757411807708528,3.368681434465462,0.0
2021-02-16,1.3757411807708528,3.368406479569879,0.0
2021-02-17,1.3757411807708528,3.3454092950650485,0.0
2021-02-18,1.3757411807708528,3.3256234978172183,0.0
2021-02-19,1.3757411807708528,3.295444405516364,0.0
2021-02-22,1.3757411807708528,3.2281244918436087,0.0
2021-02-23,1.367436575607411,3.235185247638767,-0.6036458949922996
2021-02-24,1.3929299451860144,3.295499396495481,0.0
2021-02-25,1.4036544095475114,3.3208721483364436,0.0
2021-02-26,1.35082690276416,3.1958888228472015,-3.7635693247585866
2021-03-01,1.3724339047059126,3.2470083081488217,-2.22423016871105
2021-03-02,1.3870818716534115,3.281663580226357,-1.1806708105196906
2021-03-03,1.417437740502913,3.353481798952547,0.0
2021-03-04,1.4021110846925635,3.317220833246511,-1.0812930524138231
2021-03-05,1.3888483693812537,3.2858428946392135,-2.016975441299862
2021-03-08,1.3891423970082521,3.289824370412358,-1.9962318404631696
2021-03-09,1.3891423970082521,3.3211032822955433,-1.9962318404631696
2021-03-10,1.3891423970082521,3.3379083966284475,-1.9962318404631696
2021-03-12,1.3891423970082521,3.3062666731682,-1.9962318404631696
2021-03-15,1.3891423970082521,3.2839512908810096,-1.9962318404631696
2021-03-16,1.3891423970082521,3.2797610212340325,-1.9962318404631696
2021-03-17,1.3891423970082521,3.23815476051106,-1.9962318404631696
2021-03-18,1.3891423970082521,3.2022016154029695,-1.9962318404631696
2021-03-19,1.3891423970082521,3.2431479843765434,-1.9962318404631696
2021-03-22,1.3891423970082521,3.2414763445348056,-1.9962318404631696
2021-03-23,1.3891423970082521,3.258710431466522,-1.9962318404631696
2021-03-24,1.3891423970082521,3.2003430921556406,-1.9962318404631696
2021-03-25,1.3891423970082521,3.1509611929089956,-1.9962318404631696
2021-03-26,1.3891423970082521,3.19108248238731,-1.9962318404631696
2021-03-30,1.3891423970082521,3.265386250407864,-1.9962318404631696
2021-03-31,1.3891423970082521,3.2314239505906017,-1.9962318404631696
2021-04-01,1.3891423970082521,3.270280447549235,-1.9962318404631696
2021-04-05,1.3891423970082521,3.219787773486139,-1.9962318404631696
2021-04-06,1.3891423970082521,3.229840167430343,-1.9962318404631696
2021-04-07,1.3891423970082521,3.259656233345624,-1.9962318404631696
2021-04-08,1.3891423970082521,3.271699257772144,-1.9962318404631696
2021-04-09,1.3891423970082521,3.263131620264086,-1.9962318404631696
2021-04-12,1.3891423970082521,3.147859572801716,-1.9962318404631696
2021-04-13,1.4012820784879245,3.1905325725961435,-1.1397793041164839
2021-04-15,1.4086871319969843,3.2073928927166766,-0.6173539941743078
2021-04-16,1.4122036125606634,3.215399450390936,-0.3692668674387445
2021-04-19,1.3872401195863897,3.158560903261197,-2.1304372004239958
2021-04-20,1.381148993714235,3.14469222128971,-2.560165131189651
2021-04-22,1.3917517397145174,3.168833261121867,-1.8121431407126298
2021-04-23,1.385491455211432,3.154579427488052,-2.253805185132607
2021-04-26,1.3993692557092747,3.186177330011816,-1.2747286372682298
2021-04-27,1.4156042388026566,3.223142223212246,-0.12935324408717142
2021-04-28,1.4346212612523257,3.2696645915448315,0.0
2021-04-29,1.4346212612523257,3.2763406252946856,0.0
2021-04-30,1.4346212612523257,3.2183139722841125,0.0
2021-05-03,1.4346212612523257,3.218985034076144,0.0
2021-05-04,1.4346212612523257,3.1887069150511773,0.0
2021-05-05,1.4346212612523257,3.215399450390936,0.0
2021-05-06,1.4346212612523257,3.238924634218691,0.0
2021-05-07,1.4346212612523257,3.260558214288241,0.0
2021-05-10,1.4346212612523257,3.286777741284193,0.0
2021-05-11,1.4346212612523257,3.266629132459301,0.0
2021-05-12,1.4346212612523257,3.232699698344401,0.0
2021-05-14,1.4346212612523257,3.228586330144782,0.0
2021-05-17,1.4346212612523257,3.282554605934853,0.0
2021-05-18,1.4346212612523257,3.3232367604384527,0.0
2021-05-19,1.4346212612523257,3.306090744996728,0.0
2021-05-20,1.4346212612523257,3.2787930940781744,0.0
2021-05-21,1.4346212612523257,3.338018378586679,0.0
2021-05-24,1.4346212612523257,3.3429456562389253,0.0
2021-05-25,1.4346212612523257,3.3453102683409357,0.0
2021-05-26,1.4346212612523257,3.365766912572285,0.0
2021-05-27,1.4346212612523257,3.3737734702465447,0.0
2021-05-28,1.4346212612523257,3.3952861131237415,0.0
2021-05-31,1.4346212612523257,3.4276536745466246,0.0
2021-06-01,1.4346212612523257,3.4259049184490165,0.0
2021-06-02,1.4346212612523257,3.4262019986213526,0.0
2021-06-03,1.4346212612523257,3.451310750800854,0.0
2021-06-04,1.4346212612523257,3.4468895620032893,0.0
2021-06-07,1.4346212612523257,3.4647947107270367,0.0
2021-06-08,1.4346212612523257,3.4622539556450436,0.0
2021-06-09,1.4346212612523257,3.439212735395217,0.0
2021-06-10,1.4346212612523257,3.461737126364753,0.0
2021-06-11,1.4346212612523257,3.4752868176956615,0.0
2021-06-14,1.4346212612523257,3.4780363666514877,0.0
2021-06-15,1.4346212612523257,3.490662381380048,0.0
2021-06-16,1.4346212612523257,3.4682920081137407,0.0
2021-06-17,1.4346212612523257,3.4515418847599526,0.0
2021-06-18,1.4346212612523257,3.4497710033855906,0.0
2021-06-21,1.4346212612523257,3.4636618106338313,0.0
2021-06-22,1.4346212612523257,3.4694358634410674,0.0
2021-06-23,1.4346212612523257,3.4505630023699765,0.0
2021-06-24,1.4346212612523257,3.4733292677242207,0.0
2021-06-25,1.4346212612523257,3.4887046166000957,0.0
2021-06-28,1.4346212612523257,3.4786633926985244,0.0
2021-06-29,1.4346212612523257,3.4640907832326433,0.0
2021-06-30,1.4346212612523257,3.458162712722179,0.0
2021-07-01,1.4346212612523257,3.4490342101888345,0.0
2021-07-02,1.4346212612523257,3.4583167304254077,0.0
2021-07-05,1.4346212612523257,3.482985554771976,0.0
2021-07-06,1.4346212612523257,3.4794442216402763,0.0
2021-07-07,1.4346212612523257,3.492950092034701,0.0
2021-07-08,1.4346212612523257,3.459570567710967,0.0
2021-07-09,1.4346212612523257,3.4511898136085004,0.0
2021-07-12,1.4346212612523257,3.4518056696129036,0.0
2021-07-13,1.4346212612523257,3.4781463486097217,0.0
2021-07-14,1.4346212612523257,3.4872969764198194,0.0
2021-07-15,1.4346212612523257,3.5027494415515648,0.0
2021-07-16,1.4346212612523257,3.502573513380094,0.0
2021-07-19,1.4346212612523257,3.464959683664387,0.0
2021-07-20,1.4346212612523257,3.438497852666702,0.0
2021-07-22,1.4346212612523257,3.480719969394077,0.0
2021-07-23,1.4346212612523257,3.4877588147209933,0.0
2021-07-26,1.4346212612523257,3.4808080408840687,0.0
2021-07-27,1.4346212612523257,3.463650855399711,0.0
2021-07-28,1.4346212612523257,3.4555012352563432,0.0
2021-07-29,1.4346212612523257,3.4706897007266266,0.0
2021-07-30,1.4346212612523257,3.4673021704896434,0.0
2021-08-02,1.4346212612523257,3.4941598935752647,0.0
2021-08-03,1.4346212612523257,3.54818294553594,0.0
2021-08-04,1.4346212612523257,3.576349282077725,0.0
2021-08-05,1.4346212612523257,3.58422394732551,0.0
2021-08-06,1.4346212612523257,3.571818111321928,0.0
2021-08-09,1.4346212612523257,3.576228344885372,0.0
2021-08-10,1.4346212612523257,3.5810344705367516,0.0
2021-08-11,1.4346212612523257,3.5815074788805585,0.0
2021-08-12,1.4346212612523257,3.599577600541655,0.0
2021-08-13,1.4346212612523257,3.635805485736816,0.0
2021-08-16,1.4346212612523257,3.6432735184710556,0.0
2021-08-17,1.4346212612523257,3.6546124005946696,0.0
2021-08-18,1.4346212612523257,3.6445490514163446,0.0
2021-08-20,1.4346212612523257,3.6185164078259833,0.0
2021-08-23,1.4346212612523257,3.6286235779407914,0.0
2021-08-24,1.4346212612523257,3.65681203975933,0.0
2021-08-25,1.4346212612523257,3.6590228489666243,0.0
2021-08-26,1.4346212612523257,3.659517767778673,0.0
2021-08-27,1.4346212612523257,3.674541045503095,0.0
2021-08-30,1.4346212612523257,3.724220239730589,0.0
2021-08-31,1.4346212612523257,3.768465637834131,0.0
2021-09-01,1.4346212612523257,3.756158828554661,0.0
2021-09-02,1.4346212612523257,3.7908912168880664,0.0
2021-09-03,1.4346212612523257,3.810566817369151,0.0
2021-09-06,1.4346212612523257,3.82248911941183,0.0
2021-09-07,1.4346212612523257,3.819035428153097,0.0
2021-09-08,1.4346212612523257,3.817143824394893,0.0
2021-09-09,1.4346212612523257,3.8206082560792347,0.0
2021-09-13,1.4346212612523257,3.817539931291342,0.0
2021-09-14,1.4346212612523257,3.8229728681812456,0.0
2021-09-15,1.4346212612523257,3.8536466644856366,0.0
2021-09-16,1.4346212612523257,3.8778538653395436,0.0
2021-09-17,1.4346212612523257,3.868098551567676,0.0
2021-09-20,1.4346212612523257,3.826690344292928,0.0
2021-09-21,1.4346212612523257,3.86300630097808,0.0
2021-09-22,1.4346212612523257,3.85962994078373,0.0
2021-09-23,1.4346212612523257,3.920405713133105,0.0
2021-09-24,1.4346212612523257,3.9270596216062055,0.0
2021-09-27,1.4346212612523257,3.927477638970896,0.0
2021-09-28,1.4346212612523257,3.9040514818672536,0.0
2021-09-29,1.4346212612523257,3.8958470855532816,0.0
2021-09-30,1.4346212612523257,3.875357360811057,0.0
2021-10-01,1.4346212612523257,3.856418553526729,0.0
2021-10-04,1.4346212612523257,3.891436637181326,0.0
2021-10-05,1.4346212612523257,3.920263080281021,0.0
2021-10-06,1.4346212612523257,3.8814832699612336,0.0
2021-10-07,1.4346212612523257,3.9132349753797135,0.0
2021-10-08,1.4346212612523257,3.936298106097782,0.0
2021-10-11,1.4346212612523257,3.947461274858438,0.0
2021-10-12,1.4346212612523257,3.9575796150158795,0.0
2021-10-13,1.4346212612523257,3.994929659878637,0.0
2021-10-14,1.4346212612523257,4.033819452156657,0.0
2021-10-18,1.4346212612523257,4.064284454587216,0.0
2021-10-19,1.4346212612523257,4.051460386410431,0.0
2021-10-20,1.4346212612523257,4.017992790596706,0.0
2021-10-21,1.4346212612523257,3.9985259839894542,0.0
2021-10-22,1.4346212612523257,3.9846244363156047,0.0
2021-10-25,1.4346212612523257,3.9869340574384986,0.0
2021-10-26,1.4346212612523257,4.018388897493154,0.0
2021-10-27,1.4346212612523257,4.005751712721961,0.0
2021-10-28,1.4346212612523257,3.9279506473147023,0.0
2021-10-29,1.4346212612523257,3.887125430341994,0.0
2021-11-01,1.4346212612523257,3.943876120790254,0.0
2021-11-02,1.4346212612523257,3.9349233316198684,0.0
2021-11-03,1.4346212612523257,3.921780487611018,0.0
2021-11-04,1.4346212612523257,3.94104967038707,0.0
2021-11-08,1.4346212612523257,3.9744291947108046,0.0
2021-11-09,1.4346212612523257,3.969083899693868,0.0
2021-11-10,1.4346212612523257,3.96313370390665,0.0
2021-11-11,1.4346212612523257,3.931546971425519,0.0
2021-11-12,1.4346212612523257,3.981951788807136,0.0
2021-11-15,1.4346212612523257,3.983425375200649,0.0
2021-11-16,1.4346212612523257,3.9591743534102593,0.0
2021-11-17,1.4346212612523257,3.9370572393798047,0.0
2021-11-18,1.4346212612523257,3.9076151550842186,0.0
2021-11-22,1.4346212612523257,3.831012721174891,0.0
2021-11-23,1.4346212612523257,3.850105331353936,0.0
2021-11-24,1.4346212612523257,3.830682775300192,0.0
2021-11-25,1.4346212612523257,3.8573422301290767,0.0
2021-11-26,1.4346212612523257,3.745204453667837,0.0
2021-11-29,1.4330308987882354,3.7512534613706547,-0.11085591068836775
2021-11-30,1.4270858279551526,3.7356910142806763,-0.5252559334437246
2021-12-01,1.442522103275537,3.7760986435057178,0.0
2021-12-02,1.4622479743436108,3.82773517289614,0.0
2021-12-03,1.4450260770415582,3.7826533104461935,-1.177768586739425
2021-12-06,1.4211240169159913,3.720084746254214,-2.8123791688670075
2021-12-07,1.443345491647047,3.778254032116871,-1.2927002142060773
2021-12-08,1.4679703347879873,3.842714629684078,0.0
2021-12-09,1.4719280805681272,3.8530748442262275,0.0
2021-12-10,1.4699898885123828,3.851854302260055,-0.13167708948091938
2021-12-13,1.4699898885123828,3.8203882921627663,-0.13167708948091938
2021-12-14,1.4699898885123828,3.8108529423073647,-0.13167708948091938
2021-12-15,1.4699898885123828,3.7880866769531205,-0.13167708948091938
2021-12-16,1.4699898885123828,3.7940257026977062,-0.13167708948091938
2021-12-17,1.4699898885123828,3.7361309421136077,-0.13167708948091938
2021-12-20,1.4699898885123828,3.6545243291046754,-0.13167708948091938
2021-12-21,1.4683182593912627,3.688981762542499,-0.24524439913335971
2021-12-22,1.484480289546866,3.7295870155987405,0.0
2021-12-23,1.4947370184339552,3.7553558743361517,0.0
2021-12-24,1.488709110429774,3.7402114446108636,-0.40327548791804224
2021-12-27,1.4959321348573535,3.758358467719319,0.0
2021-12-28,1.5088022511101318,3.7906931634398395,0.0
2021-12-29,1.507081823819273,3.786370786557875,-0.11402602889762914
2021-12-30,1.5062369146408479,3.7842480488405723,-0.1700246978950659
2021-12-31,1.5193785783081857,3.817264976395757,0.0
2022-01-03,1.541642512454439,3.8770178306101597,0.0
2022-01-04,1.541642512454439,3.9165125236584624,0.0
2022-01-05,1.541642512454439,3.9429081936343975,0.0
2022-01-06,1.541642512454439,3.903457751139603,0.0
2022-01-07,1.541642512454439,3.918151082989325,0.0
2022-01-10,1.541642512454439,3.960076549161388,0.0
2022-01-11,1.541642512454439,3.971613484733226,0.0
2022-01-12,1.541642512454439,4.006059748128416,0.0
2022-01-13,1.541642512454439,4.016057365902016,0.0
2022-01-14,1.541642512454439,4.015606268026451,0.0
2022-01-17,1.541642512454439,4.0271212931300475,0.0
2022-01-18,1.541642512454439,3.9842175889935443,0.0
2022-01-19,1.541642512454439,3.945800805059331,0.0
2022-01-20,1.541642512454439,3.905899264688971,0.0
2022-01-21,1.541642512454439,3.8751373968945884,0.0
2022-01-24,1.541642512454439,3.7721831139458093,0.0
2022-01-25,1.5651637355069252,3.8005253786590645,0.0
2022-01-27,1.549963283340021,3.7636156912462635,-0.971173291462768
2022-01-28,1.5492203608643906,3.761811729361027,-1.0186394101043272
2022-01-31,1.5707711282242753,3.814141231011723,0.0
2022-02-01,1.592240331578143,3.8662726792141946,0.0
2022-02-02,1.6106431883196863,3.910958434767693,0.0
2022-02-03,1.590732016716331,3.8626101940816286,-1.2362248664229414
2022-02-04,1.5867553733340334,3.852954121842385,-1.4831227151293591
2022-02-07,1.5593344745389346,3.7863707865578746,-3.185603996766029
2022-02-08,1.5625898934174152,3.7980619546414536,-2.983484812201209
2022-02-09,1.5625898934174152,3.841406016227913,-2.983484812201209
2022-02-10,1.5625898934174152,3.872651632791711,-2.983484812201209
2022-02-11,1.5625898934174152,3.821818057619794,-2.983484812201209
2022-02-14,1.5625898934174152,3.704808424102449,-2.983484812201209
2022-02-15,1.5997107495575251,3.8169126904357897,-0.6787623007654786
2022-02-16,1.59692202218169,3.8102587819626894,-0.8519060110582899
2022-02-17,1.595299525901754,3.806387502956291,-0.9526419339307424
2022-02-18,1.5926906757630352,3.800162781890514,-1.114617606608459
2022-02-21,1.5862696525870505,3.7848422091852436,-1.513279658051614
2022-02-22,1.5757184751918698,3.759667081175481,-2.1683705851854085
2022-02-23,1.5730496659741124,3.7532992976405963,-2.3340689370681567
2022-02-24,1.497887719367667,3.5739627595074674,-7.000648546476162
2022-02-25,1.5357268498167511,3.6642469919826905,-4.651330539639398
2022-02-28,1.5466827778239807,3.6940521026638504,-3.9711098621683427
2022-03-02,1.5466827778239807,3.6527096267938277,-3.9711098621683427
2022-03-03,1.5466827778239807,3.6289758639007523,-3.9711098621683427
2022-03-04,1.5466827778239807,3.573390724439548,-3.9711098621683427
2022-03-07,1.5466827778239807,3.4893206874130054,-3.9711098621683427
2022-03-08,1.5712321351886729,3.522381221096161,-2.4469139668438444
2022-03-09,1.6037979482186433,3.5953871160861604,-0.4250004067123281
2022-03-10,1.6282837524693858,3.6502792832870914,0.0
2022-03-11,1.6317717866179948,3.6580987427472476,0.0
2022-03-14,1.655404027652546,3.711077395721733,0.0
2022-03-15,1.634965653829726,3.6652587400750294,-1.234645650331223
2022-03-16,1.6656132492996447,3.7339643834598184,0.0
2022-03-17,1.6961972203897306,3.802527393992524,0.0
2022-03-21,1.6795707518056326,3.7652542505771245,-0.9802202470463817
2022-03-22,1.6973090734832432,3.8087851955691754,0.0
2022-03-23,1.6973090734832432,3.793420801927421,0.0
2022-03-24,1.6973090734832432,3.788383542316942,0.0
2022-03-25,1.6973090734832432,3.77304105914343,0.0
2022-03-28,1.6973090734832432,3.7882185693795924,0.0
2022-03-29,1.6973090734832432,3.8109410137973527,0.0
2022-03-30,1.6973090734832432,3.848983601303359,0.0
2022-03-31,1.6973090734832432,3.841614810101744,0.0
2022-04-01,1.6973090734832432,3.8868612158720164,0.0
2022-04-04,1.6973090734832432,3.9710966554529334,0.0
2022-04-05,1.6973090734832432,3.9499801194721855,0.0
2022-04-06,1.6973090734832432,3.9170405229813836,0.0
2022-04-07,1.6973090734832432,3.880064674546833,0.0
2022-04-08,1.6973090734832432,3.9119151918809134,0.0
2022-04-11,1.6973090734832432,3.887851053496114,0.0
2022-04-12,1.6973090734832432,3.856033616672909,0.0
2022-04-13,1.6973090734832432,3.84401250271463,0.0
2022-04-18,1.6973090734832432,3.777583399941861,0.0
2022-04-19,1.6973090734832432,3.730291157901644,0.0
2022-04-20,1.6973090734832432,3.7694228245643724,0.0
2022-04-21,1.6973090734832432,3.825744327605309,0.0
2022-04-22,1.6973090734832432,3.777209203513654,0.0
2022-04-25,1.6973090734832432,3.729257069724039,0.0
2022-04-26,1.6973090734832432,3.7835555061973216,0.0
2022-04-27,1.6973090734832432,3.747833280239818,0.0
2022-04-28,1.6973090734832432,3.7932889095009474,0.0
2022-04-29,1.6973090734832432,3.761944051404525,0.0
2022-05-02,1.6973090734832432,3.7545860006285183,0.0
2022-05-04,1.6973090734832432,3.6684701273320304,0.0
2022-05-05,1.6782809687269342,3.669581116956994,-1.121074826829227
2022-05-06,1.6509779862975382,3.609882824104683,-2.729678872842156
2022-05-09,1.6399722654283646,3.585818685719884,-3.378100603516554
2022-05-10,1.6337551815927915,3.57222495864398,-3.744391218037002
2022-05-11,1.6264163642231797,3.556178547976074,-4.176770770133009
2022-05-12,1.5902908070617099,3.4771895914964936,-6.305172587212349
2022-05-13,1.5876903265356979,3.471503610179249,-6.458384548819041
2022-05-16,1.5937413804472453,3.4847343108695794,-6.101875884246278
2022-05-17,1.635691738907818,3.5764592640359534,-3.6302954799489306
2022-05-18,1.6321446399488841,3.572279949623097,-3.839279159724729
2022-05-19,1.6321446399488841,3.4774976269029514,-3.839279159724729
2022-05-20,1.6531323435646683,3.577966145748854,-2.602751061002384
2022-05-23,1.6479034492097488,3.5666489592849695,-2.910820724719476
2022-05-24,1.6388024834044574,3.5469512335271305,-3.4470204038158925
2022-05-25,1.6287054621043198,3.5250976895411137,-4.04190447401157
2022-05-26,1.6433758430300567,3.556849609768106,-3.1775727412158283
2022-05-27,1.6619030111747775,3.596948988778178,-2.086011490871542
2022-05-30,1.693301685609515,3.6649068837320895,-0.23610242449856322
2022-05-31,1.6854914433704329,3.648002742675073,-0.6962568160057026
2022-06-01,1.679210616752672,3.6344088007906565,-1.0663029505539212
2022-06-02,1.6882279861491265,3.6575600029987156,-0.5350285034110169
2022-06-03,1.6882279861491265,3.647947751695956,-0.5350285034110169
2022-06-06,1.6882279861491265,3.644703283928081,-0.5350285034110169
2022-06-07,1.6882279861491265,3.6110045541552562,-0.5350285034110169
2022-06-08,1.6882279861491265,3.597784808699047,-0.5350285034110169
2022-06-09,1.6882279861491265,3.6245873259970396,-0.5350285034110169
2022-06-10,1.6882279861491265,3.5638113388391517,-0.5350285034110169
2022-06-13,1.6882279861491265,3.469798889826637,-0.5350285034110169
2022-06-14,1.6927705717288368,3.4604942443133107,-0.2673939487693011
2022-06-15,1.6884720442885923,3.4517068576972987,-0.5206493815834823
2022-06-16,1.652797250747414,3.378777649346145,-2.6224936537033505
2022-06-17,1.6455773470508461,3.364018156474673,-3.047867194053966
2022-06-20,1.6516729170324775,3.3764791982658835,-2.688735785587393
2022-06-21,1.6827315325894625,3.439971653868723,-0.8588618962523165
2022-06-22,1.6584677805536325,3.3903697907056123,-2.28840424743032
2022-06-23,1.6738922731096344,3.4219017470161384,-1.379642679076265
2022-06-24,1.6892359607472451,3.453268515580803,-0.4756418770230364
2022-06-27,1.701835955524166,3.4824796807258016,0.0
2022-06-28,1.701835955524166,3.4864721117330664,0.0
2022-06-29,1.701835955524166,3.47523182671654,0.0
2022-06-30,1.701835955524166,3.4710855928145583,0.0
2022-07-01,1.701835955524166,3.464882567408511,0.0
2022-07-04,1.701835955524166,3.4832055186884365,0.0
2022-07-05,1.701835955524166,3.4778164027350167,0.0
2022-07-06,1.701835955524166,3.517178988548332,0.0
2022-07-07,1.701835955524166,3.5486559538797415,0.0
2022-07-08,1.701835955524166,3.567946617507011,0.0
2022-07-11,1.701835955524166,3.5669348694146716,0.0
2022-07-12,1.701835955524166,3.5322465168262616,0.0
2022-07-13,1.701835955524166,3.5120869527672487,0.0
2022-07-14,1.701835955524166,3.5059279631061973,0.0
2022-07-15,1.701835955524166,3.530244931109825,0.0
2022-07-18,1.701835955524166,3.580682614193805,0.0
2022-07-19,1.701835955524166,3.5943313322488253,0.0
2022-07-20,1.701835955524166,3.633990783425965,0.0
2022-07-21,1.701835955524166,3.6525558238991107,0.0
2022-07-22,1.701835955524166,3.6776755313127327,0.0
2022-07-25,1.701835955524166,3.6582198947481137,0.0
2022-07-26,1.701835955524166,3.6258521185167183,0.0
2022-07-27,1.701835955524166,3.6605956768927568,0.0
2022-07-28,1.701835955524166,3.723901034281493,0.0
2022-07-29,1.701835955524166,3.774195869704877,0.0
2022-08-01,1.701835955524166,3.8141854815652283,0.0
2022-08-02,1.701835955524166,3.815372943020526,0.0
2022-08-03,1.701835955524166,3.8247656600238438,0.0
2022-08-04,1.701835955524166,3.823412796014172,0.0
2022-08-05,1.701835955524166,3.826822236719397,0.0
2022-08-08,1.701835955524166,3.8548895465370694,0.0
2022-08-10,1.701835955524166,3.8570122842543726,0.0
2022-08-11,1.701835955524166,3.8843428008752885,0.0
2022-08-12,1.701835955524166,3.8929544741283424,0.0
2022-08-16,1.701835955524166,3.920911801987782,0.0
2022-08-17,1.701835955524166,3.947087508047251,0.0
2022-08-18,1.701835955524166,3.9497820660239618,0.0
2022-08-19,1.701835955524166,3.906218040521036,0.0
2022-08-22,1.701835955524166,3.847322701887231,0.0
2022-08-23,1.701835955524166,3.8664157416833005,0.0
2022-08-24,1.701835955524166,3.872453579343486,0.0
2022-08-25,1.701835955524166,3.8543065562350307,0.0
2022-08-26,1.701835955524166,3.8623244987604357,0.0
2022-08-29,1.701835955524166,3.808213375309769,0.0
2022-08-30,1.701835955524166,3.906405353543651,0.0
2022-09-01,1.701835955524166,3.858783165628735,0.0
2022-09-02,1.701835955524166,3.858045942814954,0.0
2022-09-05,1.701835955524166,3.885838727354068,0.0
2022-09-06,1.701835955524166,3.8835948376358993,0.0
2022-09-07,1.701835955524166,3.876732135288966,0.0
2022-09-08,1.701835955524166,3.9150827582014296,0.0
2022-09-09,1.701835955524166,3.9226934237877527,0.0
2022-09-12,1.701835955524166,3.9453497071837638,0.0
2022-09-13,1.701835955524166,3.9747591405854994,0.0
2022-09-14,1.701835955524166,3.9601753610769856,0.0
2022-09-15,1.701835955524166,3.932383006154896,0.0
2022-09-16,1.701835955524166,3.8561543390567508,0.0
2022-09-19,1.701835955524166,3.876259126945159,0.0
2022-09-20,1.701835955524166,3.918932126739587,0.0
2022-09-21,1.701835955524166,3.897397573394149,0.0
2022-09-22,1.701835955524166,3.877920026361288,0.0
2022-09-23,1.701835955524166,3.811391682055894,0.0
2022-09-26,1.701835955524166,3.7429721636093207,0.0
2022-09-27,1.701835955524166,3.741014398829367,0.0
2022-09-28,1.701835955524166,3.7082835962123983,0.0
2022-09-29,1.701835955524166,3.6993750575955207,0.0
2022-09-30,1.701835955524166,3.7601400895192874,0.0
2022-10-03,1.701835955524166,3.7146075588108,0.0
2022-10-04,1.701835955524166,3.7997228540575816,0.0
2022-10-06,1.701835955524166,3.8123707792543837,0.0
2022-10-07,1.701835955524166,3.8085983121635847,0.0
2022-10-10,1.701835955524166,3.7923978837924497,0.0
2022-10-11,1.701835955524166,3.735768345345056,0.0
2022-10-12,1.701835955524166,3.7665740340759215,0.0
2022-10-13,1.701835955524166,3.7425429762019977,0.0
2022-10-14,1.701835955524166,3.7802337073650634,0.0
2022-10-17,1.701835955524166,3.807971500925061,0.0
2022-10-18,1.701835955524166,3.846497837200483,0.0
2022-10-19,1.701835955524166,3.852063096133886,0.0
2022-10-20,1.701835955524166,3.8634350587683746,0.0
2022-10-21,1.701835955524166,3.866151956830351,0.0
2022-10-24,1.701835955524166,3.900125211881734,0.0
2022-10-25,1.701835955524166,3.8837598105732494,0.0
2022-10-27,1.701835955524166,3.9014888163170136,0.0
2022-10-28,1.701835955524166,3.91245436124647,0.0
2022-10-31,1.701835955524166,3.962033884324315,0.0
2022-11-01,1.701835955524166,3.9913333357678176,0.0
2022-11-02,1.701835955524166,3.9775744209460515,0.0
2022-11-03,1.701835955524166,3.970942422941193,0.0
2022-11-04,1.701835955524166,3.9851193551276496,0.0
2022-11-07,1.701835955524166,4.003959350496378,0.0
2022-11-09,1.701835955524166,3.993884831275419,0.0
2022-11-10,1.701835955524166,3.965553306987773,0.0
2022-11-11,1.701835955524166,4.0362717061316316,0.0
2022-11-14,1.701835955524166,4.0317517054184675,0.0
2022-11-15,1.701835955524166,4.048084026216077,0.0
2022-11-16,1.701835955524166,4.04945880069399,0.0
2022-11-17,1.701835955524166,4.034996173186342,0.0
2022-11-18,1.701835955524166,4.027022481214445,0.0
2022-11-21,1.701835955524166,3.9945335529821837,0.0
2022-11-22,1.701835955524166,4.013065512944455,0.0
2022-11-23,1.701835955524166,4.018135853065809,0.0
2022-11-24,1.701835955524166,4.065834942428084,0.0
2022-11-25,1.701835955524166,4.072136994558243,0.0
2022-11-28,1.701835955524166,4.083135190381549,0.0
2022-11-29,1.701835955524166,4.095299366808935,0.0
2022-11-30,1.701835955524166,4.126160046518918,0.0
2022-12-01,1.701835955524166,4.138071178518964,0.0
2022-12-02,1.701835955524166,4.112467292718902,0.0
2022-12-05,1.701835955524166,4.113556371875624,0.0
2022-12-06,1.701835955524166,4.100732303698838,0.0
2022-12-07,1.701835955524166,4.0826402715695,0.0
2022-12-08,1.701835955524166,4.093385422965465,0.0
2022-12-09,1.701835955524166,4.068584491383909,0.0
2022-12-12,1.701835955524166,4.068705643384775,0.0
2022-12-13,1.701835955524166,4.09308855760164,0.0
2022-12-14,1.701835955524166,4.1045928422796285,0.0
2022-12-15,1.701835955524166,4.050613611255437,0.0
2022-12-16,1.701835955524166,4.0185207899196245,0.0
2022-12-19,1.701835955524166,4.051834153221609,0.0
2022-12-20,1.701835955524166,4.044102765251444,0.0
2022-12-21,1.701835955524166,4.003145226235238,0.0
2022-12-22,1.701835955524166,3.9873628152287934,0.0
2022-12-23,1.701835955524166,3.916853639575792,0.0
2022-12-26,1.701835955524166,3.9625618836472376,0.0
2022-12-27,1.701835955524166,3.988451894385515,0.0
2022-12-28,1.701835955524166,3.986296076157337,0.0
2022-12-29,1.701835955524166,4.001363604435267,0.0
2022-12-30,1.701835955524166,3.9825128686409297,0.0
2023-01-02,1.701835955524166,4.002782199849663,0.0
2023-01-03,1.701835955524166,4.010503277011243,0.0
2023-01-04,1.701835955524166,3.968797774755646,0.0
2023-01-05,1.701835955524166,3.957623865569382,0.0
2023-01-06,1.701835955524166,3.928434396084113,0.0
2023-01-09,1.701835955524166,3.9816106728897984,0.0
2023-01-10,1.701835955524166,3.9404666800850245,0.0
2023-01-11,1.701835955524166,3.9364080880560097,0.0
2023-01-12,1.701835955524166,3.92815944118853,0.0
2023-01-13,1.701835955524166,3.9498039764922015,0.0
2023-01-16,1.701835955524166,3.9362212046504186,0.0
2023-01-17,1.701835955524166,3.971074744984691,0.0
2023-01-18,1.701835955524166,3.9957214440545052,0.0
2023-01-19,1.701835955524166,3.983073518857703,0.0
2023-01-20,1.701835955524166,3.9654325846039296,0.0
2023-01-23,1.701835955524166,3.9854273905341056,0.0
2023-01-24,1.701835955524166,3.985372399554989,0.0
2023-01-25,1.701835955524166,3.935583223369262,0.0
2023-01-27,1.701835955524166,3.87232168691701,0.0
2023-01-30,1.701835955524166,3.8821319916679946,0.0
2023-01-31,1.701835955524166,3.885035773135562,0.0
2023-02-01,1.701835955524166,3.874950513488995,0.0
2023-02-02,1.701835955524166,3.8736526404584404,0.0
2023-02-03,1.701835955524166,3.9272469346288164,0.0
2023-02-06,1.701835955524166,3.9075709045307065,0.0
2023-02-07,1.701835955524166,3.8980905456544215,0.0
2023-02-08,1.701835955524166,3.9311289540608234,0.0
2023-02-09,1.701835955524166,3.9359131692439617,0.0
2023-02-10,1.701835955524166,3.9277856743773483,0.0
2023-02-13,1.701835955524166,3.9089568490512527,0.0
2023-02-14,1.701835955524166,3.943919941726733,0.0
2023-02-15,1.701835955524166,3.96283683854282,0.0
2023-02-16,1.701835955524166,3.967236116872143,0.0
2023-02-17,1.701835955524166,3.9470763380046177,0.0
2023-02-20,1.701835955524166,3.9251680178479966,0.0
2023-02-21,1.701835955524166,3.921230577819848,0.0
2023-02-22,1.701835955524166,3.861312750668095,0.0
2023-02-23,1.701835955524166,3.8518431322174185,0.0
2023-02-24,1.701835955524166,3.8418459440608426,0.0
2023-02-27,1.701835955524166,3.8257662380735495,0.0
2023-02-28,1.701835955524166,3.806244440487181,0.0
2023-03-01,1.701835955524166,3.838568395782093,0.0
2023-03-02,1.701835955524166,3.8101930505579626,0.0
2023-03-03,1.701835955524166,3.8701220477523486,0.0
2023-03-06,1.701835955524166,3.895879736447127,0.0
2023-03-08,1.701835955524166,3.905327444429562,0.0
2023-03-09,1.701835955524166,3.8690772191491347,0.0
2023-03-10,1.701835955524166,3.83020976695638,0.0
2023-03-13,1.701835955524166,3.7733271840816456,0.0
2023-03-14,1.701835955524166,3.748911189353906,0.0
2023-03-15,1.701835955524166,3.7332606707739364,0.0
2023-03-16,1.701835955524166,3.7362190136035958,0.0
2023-03-17,1.701835955524166,3.7613941416133585,0.0
2023-03-20,1.701835955524166,3.736835084416511,0.0
2023-03-21,1.701835955524166,3.763032700944221,0.0
2023-03-22,1.701835955524166,3.7727991847587217,0.0
2023-03-23,1.701835955524166,3.7563018910237624,0.0
2023-03-24,1.701835955524166,3.7272997345611087,0.0
2023-03-27,1.701835955524166,3.7362409240718373,0.0
2023-03-28,1.701835955524166,3.728762150911989,0.0
2023-03-29,1.701835955524166,3.757137496136119,0.0
2023-03-31,1.701835955524166,3.818518598872801,0.0
2023-04-03,1.701835955524166,3.8269433887202635,0.0
2023-04-05,1.701835955524166,3.8619176514383775,0.0
2023-04-06,1.701835955524166,3.8711780463981964,0.0
2023-04-10,1.701835955524166,3.876655233841608,0.0
2023-04-11,1.701835955524166,3.898266688634405,0.0
2023-04-12,1.701835955524166,3.9180853515845984,0.0
2023-04-13,1.701835955524166,3.921516702758065,0.0
2023-04-17,1.701835955524166,3.894867988354789,0.0
2023-04-18,1.701835955524166,3.884595845302631,0.0
2023-04-19,1.701835955524166,3.8754892532375287,0.0
2023-04-20,1.701835955524166,3.8767428757145757,0.0
2023-04-21,1.701835955524166,3.8766552338416087,0.0
2023-04-24,1.701835955524166,3.9029078413484353,0.0
2023-04-25,1.701835955524166,3.9085938226656793,0.0
2023-04-26,1.701835955524166,3.918349136437547,0.0
2023-04-27,1.701835955524166,3.94066473353325,0.0
2023-04-28,1.701835955524166,3.973648150960536,0.0
2023-05-02,1.701835955524166,3.991828254579866,0.0
2023-05-03,1.701835955524166,3.9791141683613143,0.0
2023-05-04,1.701835955524166,4.015617438069082,0.0
2023-05-05,1.701835955524166,3.9745280066264,0.0
2023-05-08,1.701835955524166,4.017509041827286,0.0
2023-05-09,1.701835955524166,4.017849728127594,0.0
2023-05-10,1.701835955524166,4.028661040545309,0.0
2023-05-11,1.701835955524166,4.024679779580677,0.0
2023-05-12,1.701835955524166,4.0285953091405835,0.0
2023-05-15,1.701835955524166,4.047083018549346,0.0
2023-05-16,1.701835955524166,4.022370158457782,0.0
2023-05-17,1.701835955524166,3.999328938207955,0.0
2023-05-18,1.701835955524166,3.9879346354882004,0.0
2023-05-19,1.701835955524166,4.0040912429228515,0.0
2023-05-22,1.701835955524166,4.028507237650591,0.0
2023-05-23,1.701835955524166,4.035897939320448,0.0
2023-05-24,1.701835955524166,4.022128284073074,0.0
2023-05-25,1.701835955524166,4.029991994086738,0.0
2023-05-26,1.701835955524166,4.0691893921541915,0.0
2023-05-29,1.701835955524166,4.091031980906087,0.0
2023-05-30,1.701835955524166,4.098774538918885,0.0
2023-05-31,1.701835955524166,4.076899299273139,0.0
2023-06-01,1.701835955524166,4.066637896646589,0.0
2023-06-02,1.701835955524166,4.076833138251389,0.0
2023-06-05,1.701835955524166,4.08997598226024,0.0
2023-06-06,1.701835955524166,4.091108882353446,0.0
2023-06-07,1.701835955524166,4.119132371234635,0.0
2023-06-08,1.701835955524166,4.098928771430626,0.0
2023-06-09,1.701835955524166,4.083278252850656,0.0
2023-06-12,1.701835955524166,4.091658792144611,0.0
2023-06-13,1.701835955524166,4.116877741090857,0.0
2023-06-14,1.701835955524166,4.125621306770385,0.0
2023-06-15,1.701835955524166,4.110707581387172,0.0
2023-06-16,1.701835955524166,4.141040691391256,0.0
2023-06-19,1.701835955524166,4.125522065237761,0.0
2023-06-20,1.701835955524166,4.138994855121311,0.0
2023-06-21,1.701835955524166,4.147826492290831,0.0
2023-06-22,1.701835955524166,4.128997666964735,0.0
2023-06-23,1.701835955524166,4.105736482798442,0.0
2023-06-26,1.701835955524166,4.111389383604812,0.0
2023-06-27,1.701835955524166,4.139149087633051,0.0
2023-06-28,1.701835955524166,4.17317733366355,0.0
2023-06-30,1.701835955524166,4.220898763111091,0.0
2023-07-03,1.701835955524166,4.250263945959318,0.0
2023-07-04,1.701835955524166,4.264880376361683,0.0
2023-07-05,1.701835955524166,4.266970033568111,0.0
2023-07-06,1.701835955524166,4.288702640361774,0.0
2023-07-07,1.701835955524166,4.25229861218663,0.0
2023-07-10,1.701835955524166,4.257599656650059,0.0
2023-07-11,1.701835955524166,4.2759666436749795,0.0
2023-07-12,1.701835955524166,4.263846717801101,0.0
2023-07-13,1.701835955524166,4.270324483294218,0.0
2023-07-14,1.701835955524166,4.303484043701487,0.0
2023-07-17,1.701835955524166,4.335807569379374,0.0
2023-07-18,1.701835955524166,4.344122377268603,0.0
2023-07-19,1.701835955524166,4.362577435783515,0.0
2023-07-20,1.701835955524166,4.394692167587569,0.0
2023-07-21,1.701835955524166,4.343187530623621,0.0
2023-07-24,1.701835955524166,4.327207066168952,0.0
2023-07-25,1.701835955524166,4.329021768479797,0.0
2023-07-26,1.701835955524166,4.350512500888752,0.0
2023-07-27,1.701835955524166,4.3244686872557585,0.0
2023-07-28,1.701835955524166,4.321422272936108,0.0
2023-07-31,1.701835955524166,4.345123384935332,0.0
2023-08-01,1.701835955524166,4.340669115626893,0.0
2023-08-02,1.701835955524166,4.2951365849184056,0.0
2023-08-03,1.701835955524166,4.2632637274990595,0.0
2023-08-04,1.701835955524166,4.293035757669345,0.0
2023-08-07,1.701835955524166,4.310699032008385,0.0
2023-08-08,1.701835955524166,4.304880728647642,0.0
2023-08-09,1.701835955524166,4.318452760063816,0.0
2023-08-10,1.701835955524166,4.298776729965707,0.0
2023-08-11,1.701835955524166,4.27352513012561,0.0
2023-08-14,1.701835955524166,4.274899904603523,0.0
2023-08-16,1.701835955524166,4.281597634013107,0.0
2023-08-17,1.701835955524166,4.25965623334561,0.0
2023-08-18,1.701835955524166,4.247536307471732,0.0
2023-08-21,1.701835955524166,4.26589212445402,0.0
2023-08-22,1.701835955524166,4.2665189356925435,0.0
2023-08-23,1.701835955524166,4.276978391767317,0.0
2023-08-24,1.701835955524166,4.264374287506998,0.0
2023-08-25,1.701835955524166,4.237780993699863,0.0
2023-08-28,1.701835955524166,4.246634541337625,0.0
2023-08-29,1.701835955524166,4.25468513475688,0.0
2023-08-30,1.701835955524166,4.255740703785703,0.0
2023-08-31,1.701835955524166,4.23514142670227,0.0
2023-09-01,1.701835955524166,4.275064877540871,0.0
2023-09-04,1.701835955524166,4.295631503730453,0.0
2023-09-05,1.701835955524166,4.305771754356137,0.0
2023-09-06,1.701835955524166,4.313723535859792,0.0
2023-09-07,1.701835955524166,4.339239350169862,0.0
2023-09-08,1.701835955524166,4.359673654315945,0.0
2023-09-11,1.701835955524166,4.398475375103974,0.0
2023-09-12,1.701835955524166,4.397782402843701,0.0
2023-09-13,1.701835955524166,4.4146758034751095,0.0
2023-09-14,1.701835955524166,4.421956523186733,0.0
2023-09-15,1.701835955524166,4.441588302731334,0.0
2023-09-18,1.701835955524166,4.428599691234224,0.0
2023-09-20,1.701835955524166,4.3775899730823244,0.0
2023-09-21,1.701835955524166,4.342604540321577,0.0
2023-09-22,1.701835955524166,4.327625083533639,0.0
2023-09-25,1.701835955524166,4.327691244555389,0.0
2023-09-26,1.701835955524166,4.325524256284578,0.0
2023-09-27,1.701835955524166,4.3369073889617,0.0
2023-09-28,1.701835955524166,4.294476693169004,0.0
2023-09-29,1.701835955524166,4.3197175525834925,0.0
2023-10-03,1.701835955524166,4.295620333687819,0.0
2023-10-04,1.701835955524166,4.275240590903828,0.0
2023-10-05,1.701835955524166,4.299359720267743,0.0
2023-10-06,1.701835955524166,4.323060832266968,0.0
2023-10-09,1.701835955524166,4.29201283953437,0.0
2023-10-10,1.701835955524166,4.331056434707107,0.0
2023-10-11,1.701835955524166,4.357782050557741,0.0
2023-10-12,1.701835955524166,4.353965762530459,0.0
2023-10-13,1.701835955524166,4.344518484165048,0.0
2023-10-16,1.701835955524166,4.340273008730442,0.0
2023-10-17,1.701835955524166,4.357815131068615,0.0
2023-10-18,1.701835955524166,4.326932111273366,0.0
2023-10-19,1.701835955524166,4.316725699625933,0.0
2023-10-20,1.701835955524166,4.298677918050102,0.0
2023-10-23,1.701835955524166,4.241289246320686,0.0
2023-10-25,1.701835955524166,4.206183091176097,0.0
2023-10-26,1.701835955524166,4.147914563780816,0.0
2023-10-27,1.701835955524166,4.189707707909379,0.0
2023-10-30,1.701835955524166,4.2103074146098365,0.0
2023-10-31,1.701835955524166,4.196823454683654,0.0
2023-11-01,1.701835955524166,4.176927890286103,0.0
2023-11-02,1.701835955524166,4.208624604725466,0.0
2023-11-03,1.701835955524166,4.230038006070038,0.0
2023-11-06,1.701835955524166,4.269884555461282,0.0
2023-11-07,1.701835955524166,4.268773565836319,0.0
2023-11-08,1.701835955524166,4.276868409809082,0.0
2023-11-09,1.701835955524166,4.266266320882225,0.0
2023-11-10,1.701835955524166,4.2728759788018165,0.0
2023-11-13,1.701835955524166,4.276879579851714,0.0
2023-11-15,1.701835955524166,4.327888868386589,0.0
2023-11-16,1.701835955524166,4.347630629889424,0.0
2023-11-17,1.701835955524166,4.340284178773075,0.0
2023-11-20,1.701835955524166,4.331969370883845,0.0
2023-11-21,1.701835955524166,4.351634230939322,0.0
2023-11-22,1.701835955524166,4.357892032515973,0.0
2023-11-23,1.701835955524166,4.3557254738621864,0.0
2023-11-24,1.701835955524166,4.354119565425174,0.0
2023-11-28,1.701835955524166,4.375016137489456,0.0
2023-11-29,1.701835955524166,4.420526757729702,0.0
2023-11-30,1.701835955524166,4.428566610723349,0.0
2023-12-01,1.701835955524166,4.45820674846716,0.0
2023-12-04,1.701835955524166,4.550349718998224,0.0
2023-12-05,1.701835955524166,4.587369388369258,0.0
2023-12-06,1.701835955524166,4.605538321945955,0.0
2023-12-07,1.701835955524166,4.597498898569333,0.0
2023-12-08,1.701835955524166,4.612511435868146,0.0
2023-12-11,1.701835955524166,4.618604264507447,0.0
2023-12-12,1.701835955524166,4.5986537091307795,0.0
2023-12-13,1.701835955524166,4.603041817417469,0.0
2023-12-14,1.701835955524166,4.659429481480155,0.0
2023-12-15,1.701835955524166,4.7196888541662645,0.0
2023-12-18,1.701835955524166,4.711330225340552,0.0
2023-12-19,1.701835955524166,4.718907810416,0.0
2023-12-20,1.701835955524166,4.6522699137693975,0.0
2023-12-21,1.701835955524166,4.6753442145300985,0.0
2023-12-22,1.701835955524166,4.696097724125273,0.0
2023-12-26,1.701835955524166,4.716323234397523,0.0
2023-12-27,1.701835955524166,4.763263620094799,0.0
2023-12-28,1.701835955524166,4.790527975693966,0.0
2023-12-29,1.701835955524166,4.780123940215333,0.0
2024-01-01,1.701835955524166,4.782433561338228,0.0
2024-01-02,1.701835955524166,4.765694393218561,0.0
2024-01-03,1.701835955524166,4.73304049204895,0.0
2024-01-04,1.701835955524166,4.76411039524979,0.0
2024-01-05,1.701835955524166,4.775592769459536,0.0
2024-01-08,1.701835955524166,4.732083734935727,0.0
2024-01-09,1.701835955524166,4.739089499751768,0.0
2024-01-10,1.701835955524166,4.755333749059385,0.0
2024-01-11,1.701835955524166,4.76160272067867,0.0
2024-01-12,1.701835955524166,4.816011139110185,0.0
2024-01-15,1.701835955524166,4.860641474067543,0.0
2024-01-16,1.701835955524166,4.846311168603394,0.0
2024-01-17,1.701835955524166,4.745050435964595,0.0
2024-01-18,1.703952826324236,4.720920566175071,0.0
2024-01-19,1.7166676493620072,4.756147873320526,0.0
2024-01-23,1.6862125182098027,4.6717698008875255,-1.774084294273448
2024-01-24,1.7032938022390804,4.719094693821592,-0.7790586097371377
2024-01-25,1.695247350756063,4.696801436811155,-1.247783670526148
2024-01-29,1.7258136631480459,4.781487544650613,0.0
2024-01-30,1.7087044675104555,4.734085320652163,-0.9913698102483215
2024-01-31,1.7248688552066682,4.778869888121261,-0.054745651952614605
2024-02-01,1.7226260024142694,4.772655907481093,-0.1847048034120835
2024-02-02,1.7333165990153607,4.807047609514191,0.0
2024-02-05,1.7333165990153607,4.788988228278702,0.0
2024-02-06,1.7333165990153607,4.823676795675625,0.0
2024-02-07,1.7333165990153607,4.8239186700603325,0.0
2024-02-08,1.7333165990153607,4.777165167768648,0.0
2024-02-09,1.7333165990153607,4.791364010423346,0.0
2024-02-12,1.7333165990153607,4.75475118837437,0.0
2024-02-13,1.7333165990153607,4.782730426702051,0.0
2024-02-14,1.7333165990153607,4.804023105662782,0.0
2024-02-15,1.7333165990153607,4.819574382710126,0.0
2024-02-16,1.7333165990153607,4.848158521808089,0.0
2024-02-19,1.7333165990153607,4.8660967510427104,0.0
2024-02-20,1.7333165990153607,4.88252788375592,0.0
2024-02-21,1.7333165990153607,4.851315347702996,0.0
2024-02-22,1.7333165990153607,4.887037144043474,0.0
2024-02-23,1.7333165990153607,4.8859923154402605,0.0
2024-02-26,1.7333165990153607,4.866052930106226,0.0
2024-02-27,1.7333165990153607,4.8828359191623765,0.0
2024-02-28,1.7333165990153607,4.828461010858761,0.0
2024-02-29,1.7333165990153607,4.835422954738319,0.0
2024-03-01,1.7333165990153607,4.913718938957626,0.0
2024-03-04,1.7333165990153607,4.928423440849981,0.0
2024-03-05,1.7333165990153607,4.917579477538416,0.0
2024-03-06,1.7333165990153607,4.943480228702302,0.0
2024-03-07,1.7333165990153607,4.947769525073391,0.0
2024-03-11,1.7333165990153607,4.912377244990587,0.0
2024-03-12,1.7333165990153607,4.913047877165594,0.0
2024-03-13,1.7333165990153607,4.838700073400044,0.0
2024-03-14,1.7333165990153607,4.871463956527888,0.0
2024-03-15,1.7333165990153607,4.8443422337808055,0.0
2024-03-18,1.7333165990153607,4.85145798055508,0.0
2024-03-19,1.7333165990153607,4.799051577457026,0.0
2024-03-20,1.7333165990153607,4.803813882171923,0.0
2024-03-21,1.7333165990153607,4.841834559209687,0.0
2024-03-22,1.7333165990153607,4.860487671172824,0.0
2024-03-26,1.7333165990153607,4.840239820815308,0.0
2024-03-27,1.7333165990153607,4.866404786449167,0.0
2024-03-28,1.7333165990153607,4.911112452470907,0.0
2024-04-01,1.7333165990153607,4.940829491662076,0.0
2024-04-02,1.7333165990153607,4.938915977435631,0.0
2024-04-03,1.7333165990153607,4.934813564470133,0.0
2024-04-04,1.7333165990153607,4.952410677787423,0.0
2024-04-05,1.7333165990153607,4.952201454296565,0.0
2024-04-08,1.7333165990153607,4.9857682916429145,0.0
2024-04-09,1.7333165990153607,4.980587969563327,0.0
2024-04-10,1.7333165990153607,5.0050151343337,0.0
2024-04-12,1.7333165990153607,4.953455506390636,0.0
2024-04-15,1.7333165990153607,4.899146329491745,0.0
2024-04-16,1.7333165990153607,4.871738911423471,0.0
2024-04-18,1.7333165990153607,4.838293226077987,0.0
2024-04-19,1.7333165990153607,4.871540857975246,0.0
2024-04-22,1.7333165990153607,4.913202109677335,0.0
2024-04-23,1.7333165990153607,4.920152883514259,0.0
2024-04-24,1.7333165990153607,4.9277197281640985,0.0
2024-04-25,1.7333165990153607,4.964662496087775,0.0
2024-04-26,1.7333165990153607,4.931579837127865,0.0
2024-04-29,1.7333165990153607,4.980731032032435,0.0
2024-04-30,1.7333165990153607,4.972251251205856,0.0
2024-05-02,1.7333165990153607,4.981786601061257,0.0
2024-05-03,1.7333165990153607,4.943875905981725,0.0
2024-05-06,1.7333165990153607,4.936584016227469,0.0
2024-05-07,1.7333165990153607,4.905745246985728,0.0
2024-05-08,1.7333165990153607,4.905745246985728,0.0
2024-05-09,1.7333165990153607,4.8298576958049155,0.0
2024-05-10,1.7333165990153607,4.851347998596846,0.0
2024-05-13,1.7333165990153607,4.8620935796098355,0.0
2024-05-14,1.7333165990153607,4.887125215533466,0.0
2024-05-15,1.7333165990153607,4.8833200975488165,0.0
2024-05-16,1.7333165990153607,4.928038503996166,0.0
2024-05-17,1.7333165990153607,4.941731257796182,0.0
2024-05-21,1.7333165990153607,4.955578244107939,0.0
2024-05-22,1.7333165990153607,4.9707007633649845,0.0
2024-05-23,1.7333165990153607,5.052054331946575,0.0
2024-05-24,1.7333165990153607,5.049733540781048,0.0
2024-05-27,1.7333165990153607,5.044311344316753,0.0
2024-05-28,1.7333165990153607,5.034567200587519,0.0
2024-05-29,1.7333165990153607,4.994214562341594,0.0
2024-05-30,1.7333165990153607,4.946691615959303,0.0
2024-05-31,1.7333165990153607,4.9559408408764885,0.0
2024-06-03,1.7333165990153607,5.117218642199665,0.0
2024-06-04,1.7333165990153607,4.813800329902889,0.0
2024-06-05,1.7701217085425422,4.975660691911081,0.0
2024-06-06,1.7858546374563626,5.019884609163405,0.0
2024-06-07,1.8225359693193959,5.122992695006902,0.0
2024-06-10,1.8201139315442563,5.116184554022061,-0.13289382574128705
2024-06-11,1.8205560944320887,5.117427436073499,-0.10863296640705178
2024-06-12,1.8251025926776288,5.130207253696776,0.0
2024-06-13,1.8310460383116194,5.146913770922593,0.0
2024-06-14,1.8362654861579635,5.161585192304074,0.0
2024-06-18,1.8434883460795601,5.181888033640706,0.0
2024-06-19,1.8383660051815738,5.17267145961737,-0.27786131162043093
2024-06-20,1.8383660051815738,5.183889619357142,-0.27786131162043093
2024-06-21,1.8383660051815738,5.16939391133862,-0.27786131162043093
2024-06-24,1.8383660051815738,5.17747758526875,-0.27786131162043093
2024-06-25,1.8383660051815738,5.2178302235146745,-0.27786131162043093
2024-06-26,1.8383660051815738,5.2502749011934275,-0.27786131162043093
2024-06-27,1.8383660051815738,5.2889223894697155,-0.27786131162043093
2024-06-28,1.8383660051815738,5.281465526778109,-0.27786131162043093
2024-07-01,1.8383660051815738,5.31035770128253,-0.27786131162043093
2024-07-02,1.8383660051815738,5.306376440317898,-0.27786131162043093
2024-07-03,1.8383660051815738,5.342153657254518,-0.27786131162043093
2024-07-04,1.8383660051815738,5.345596178470617,-0.27786131162043093
2024-07-05,1.8383660051815738,5.350369223611122,-0.27786131162043093
2024-07-08,1.8383660051815738,5.349643600456998,-0.27786131162043093
2024-07-09,1.8383660051815738,5.374422191953288,-0.27786131162043093
2024-07-10,1.8383660051815738,5.350501116037597,-0.27786131162043093
2024-07-11,1.8383660051815738,5.348631422747634,-0.27786131162043093
2024-07-12,1.8383660051815738,5.389588961763841,-0.27786131162043093
2024-07-15,1.8383660051815738,5.408186653130837,-0.27786131162043093
2024-07-16,1.8383660051815738,5.413971875980707,-0.27786131162043093
2024-07-18,1.8383660051815738,5.455292011765463,-0.27786131162043093
2024-07-19,1.8383660051815738,5.395912924362243,-0.27786131162043093
2024-07-22,1.8383660051815738,5.391150619647346,-0.27786131162043093
2024-07-23,1.8383660051815738,5.384507881216879,-0.27786131162043093
2024-07-24,1.8383660051815738,5.3700890746457155,-0.27786131162043093
2024-07-25,1.8383660051815738,5.368461255740462,-0.27786131162043093
2024-07-26,1.8383660051815738,5.462770784925312,-0.27786131162043093
2024-07-29,1.8383660051815738,5.463045739820895,-0.27786131162043093
2024-07-30,1.8383660051815738,5.467709232620192,-0.27786131162043093
2024-07-31,1.8383660051815738,5.488352760257133,-0.27786131162043093
2024-08-01,1.8383660051815738,5.501495604265983,-0.27786131162043093
2024-08-02,1.8383660051815738,5.437001926187901,-0.27786131162043093
2024-08-05,1.8383660051815738,5.291363903019086,-0.27786131162043093
2024-08-06,1.8215334385366913,5.277495435856111,-1.1909436579601418
2024-08-07,1.8446854245040551,5.344573260335646,0.0
2024-08-08,1.8309817216900628,5.30486977341351,-0.7428747813560954
2024-08-09,1.8499998798889832,5.359970734488274,0.0
2024-08-12,1.8484435036691114,5.355461474200719,-0.08412844977941925
2024-08-13,1.8326519790967544,5.309708979575765,-0.9377244280291408
2024-08-14,1.833012602855017,5.310753808178979,-0.9182312506412438
2024-08-16,1.8631835549397235,5.3981675545060215,0.0
2024-08-19,1.865575059862941,5.405096417874704,0.0
2024-08-20,1.873290629341073,5.432855692285919,0.0
2024-08-21,1.873290629341073,5.448550031802371,0.0
2024-08-22,1.873290629341073,5.457634713399233,0.0
2024-08-23,1.873290629341073,5.460197378949467,0.0
2024-08-26,1.873290629341073,5.501429443244233,0.0
2024-08-27,1.873290629341073,5.50300227117037,0.0
2024-08-28,1.873290629341073,5.510612936756693,0.0
2024-08-29,1.873290629341073,5.532521256913315,0.0
2024-08-30,1.873290629341073,5.55098748547086,0.0
2024-09-02,1.873290629341073,5.560401683325396,0.0
2024-09-03,1.873290629341073,5.560654727752737,0.0
2024-09-04,1.873290629341073,5.542804570008106,0.0
2024-09-05,1.873290629341073,5.531014590008927,0.0
2024-09-06,1.873290629341073,5.466576332526985,0.0
2024-09-09,1.873290629341073,5.485108292489255,0.0
2024-09-10,1.873290629341073,5.508138342696449,0.0
2024-09-11,1.873290629341073,5.481159682418474,0.0
2024-09-12,1.873290629341073,5.584641964690176,0.0
2024-09-13,1.873290629341073,5.577515047873269,0.0
2024-09-16,1.873290629341073,5.583509064596971,0.0
2024-09-17,1.873290629341073,5.591163980736802,0.0
2024-09-18,1.873290629341073,5.582145460161691,0.0
2024-09-19,1.873290629341073,5.59055907996652,0.0
2024-09-20,1.873290629341073,5.673078199535167,0.0
2024-09-23,1.873290629341073,5.70565519925742,0.0
2024-09-24,1.873290629341073,5.705952064621244,0.0
2024-09-25,1.873290629341073,5.7199747642959595,0.0
2024-09-26,1.873290629341073,5.7665852041185355,0.0
2024-09-27,1.873290629341073,5.758424199124023,0.0
2024-09-30,1.873290629341073,5.6774555673962475,0.0
2024-10-01,1.873290629341073,5.674387242608355,0.0
2024-10-03,1.873290629341073,5.554110801237869,0.0
2024-10-04,1.8589717734074651,5.502309298910096,-0.7643691645777606
2024-10-07,1.8427078614199672,5.45417028171489,-1.6325693110344042
2024-10-08,1.8588640740322275,5.50199052307803,-0.7701183726050997
2024-10-09,1.8565453442216924,5.495127391114072,-0.8938968068863185
2024-10-10,1.8577715495074136,5.498756795735763,-0.8284395165697345
2024-10-11,1.8552300184286987,5.491234201639431,-0.9641115281042612
2024-10-14,1.867395403113531,5.527242122918126,-0.31469896529700003
2024-10-15,1.8621487598295612,5.511712756339022,-0.5947752760302238
2024-10-16,1.8557540005642874,5.492785119097326,-0.9361403138473001
2024-10-17,1.8374409982314595,5.444073852025689,-1.9137250007076334
2024-10-18,1.8374409982314595,5.4669943498916735,-1.9137250007076334
2024-10-21,1.8374409982314595,5.450947724415255,-1.9137250007076334
2024-10-22,1.8374409982314595,5.382978874227223,-1.9137250007076334
2024-10-23,1.8374409982314595,5.374928280807968,-1.9137250007076334
2024-10-24,1.8374409982314595,5.366987669346946,-1.9137250007076334
2024-10-25,1.8374409982314595,5.318903643130856,-1.9137250007076334
2024-10-28,1.8374409982314595,5.353734843379862,-1.9137250007076334
2024-10-29,1.8374409982314595,5.381824063665776,-1.9137250007076334
2024-10-30,1.8374409982314595,5.354108610191044,-1.9137250007076334
2024-10-31,1.8374409982314595,5.324303499509884,-1.9137250007076334
2024-11-01,1.8374409982314595,5.346079927240029,-1.9137250007076334
2024-11-04,1.8374409982314595,5.278111077051997,-1.9137250007076334
2024-11-05,1.8374409982314595,5.326052470416003,-1.9137250007076334
2024-11-06,1.8374409982314595,5.385607700799206,-1.9137250007076334
2024-11-07,1.8374409982314595,5.322983716011086,-1.9137250007076334
2024-11-08,1.8374409982314595,5.311732475760439,-1.9137250007076334
2024-11-11,1.8374409982314595,5.310215068430442,-1.9137250007076334
2024-11-12,1.8374409982314595,5.2534970288760325,-1.9137250007076334
2024-11-13,1.8374409982314595,5.1821410780680415,-1.9137250007076334
2024-11-14,1.8374409982314595,5.17634468517554,-1.9137250007076334
2024-11-18,1.8374409982314595,5.158989875859982,-1.9137250007076334
2024-11-19,1.8374409982314595,5.173221369408531,-1.9137250007076334
2024-11-21,1.8374409982314595,5.136135539015748,-1.9137250007076334
2024-11-22,1.8374409982314595,5.258732341934738,-1.9137250007076334
2024-11-25,1.8374409982314595,5.327944074174208,-1.9137250007076334
2024-11-26,1.8374409982314595,5.321916976939631,-1.9137250007076334
2024-11-27,1.8374409982314595,5.339602161746913,-1.9137250007076334
2024-11-28,1.8374409982314595,5.260250178881758,-1.9137250007076334
2024-11-29,1.8374409982314595,5.3079711787122745,-1.9137250007076334
2024-12-02,1.8374409982314595,5.339855206174254,-1.9137250007076334
2024-12-03,1.8374409982314595,5.379690585522863,-1.9137250007076334
2024-12-04,1.8374409982314595,5.38195595609225,-1.9137250007076334
2024-12-05,1.8374409982314595,5.434956519534977,-1.9137250007076334
2024-12-06,1.8374409982314595,5.428225709614519,-1.9137250007076334
2024-12-09,1.8374409982314595,5.4152916594795,-1.9137250007076334
2024-12-10,1.8374409982314595,5.413323154273938,-1.9137250007076334
2024-12-11,1.8374409982314595,5.420307008621736,-1.9137250007076334
2024-12-12,1.8374409982314595,5.399828024305121,-1.9137250007076334
2024-12-13,1.8374409982314595,5.448132444054701,-1.9137250007076334
2024-12-16,1.8374409982314595,5.426124882365455,-1.9137250007076334
2024-12-17,1.8374409982314595,5.3530418711195855,-1.9137250007076334
2024-12-18,1.8374409982314595,5.322873734052852,-1.9137250007076334
2024-12-19,1.8374409982314595,5.268509566174845,-1.9137250007076334
2024-12-20,1.8374409982314595,5.1883988796446925,-1.9137250007076334
2024-12-23,1.8374409982314595,5.224901719735436,-1.9137250007076334
2024-12-24,1.8374409982314595,5.219226908460825,-1.9137250007076334
2024-12-26,1.8374409982314595,5.224186837006921,-1.9137250007076334
2024-12-27,1.8374409982314595,5.238088814297796,-1.9137250007076334
2024-12-30,1.8374409982314595,5.201024894373254,-1.9137250007076334
2024-12-31,1.8374409982314595,5.2010029839050125,-1.9137250007076334
2025-01-01,1.8374409982314595,5.222581358186934,-1.9137250007076334
2025-01-02,1.8374409982314595,5.320630273951709,-1.9137250007076334
2025-01-03,1.8374409982314595,5.280178823790184,-1.9137250007076334
2025-01-06,1.8374409982314595,5.194679021306611,-1.9137250007076334
2025-01-07,1.8374409982314595,5.214882621110619,-1.9137250007076334
2025-01-08,1.8374409982314595,5.210714047123371,-1.9137250007076334
2025-01-09,1.8374409982314595,5.174981080740259,-1.9137250007076334
2025-01-10,1.8374409982314595,5.154084508675977,-1.9137250007076334
2025-01-13,1.8374409982314595,5.078075805494298,-1.9137250007076334
2025-01-14,1.8374409982314595,5.097894898061516,-1.9137250007076334
2025-01-15,1.8374409982314595,5.1060662138646125,-1.9137250007076334
2025-01-16,1.8374409982314595,5.127754999721792,-1.9137250007076334
2025-01-17,1.8374409982314595,5.103866574699952,-1.9137250007076334
2025-01-20,1.8374409982314595,5.135002638922542,-1.9137250007076334
2025-01-21,1.8374409982314595,5.064592275185141,-1.9137250007076334
2025-01-22,1.8374409982314595,5.093341387220453,-1.9137250007076334
2025-01-23,1.8374409982314595,5.104339583043759,-1.9137250007076334
2025-01-24,1.8374409982314595,5.079450579972212,-1.9137250007076334
2025-01-27,1.8374409982314595,5.021589329516013,-1.9137250007076334
2025-01-28,1.8374409982314595,5.049766621291919,-1.9137250007076334
2025-01-29,1.8374409982314595,5.095046107573066,-1.9137250007076334
2025-01-30,1.8374409982314595,5.114051075879144,-1.9137250007076334
2025-01-31,1.8374409982314595,5.170999819775628,-1.9137250007076334
2025-02-01,1.8374409982314595,5.165225766968392,-1.9137250007076334
2025-02-03,1.8374409982314595,5.1385882226077495,-1.9137250007076334
2025-02-04,1.8374409982314595,5.221778403968428,-1.9137250007076334
2025-02-05,1.8374409982314595,5.212331125603018,-1.9137250007076334
2025-02-06,1.8374409982314595,5.191885221797277,-1.9137250007076334
2025-02-07,1.8374409982314595,5.1823387018992415,-1.9137250007076334
2025-02-10,1.8374409982314595,5.143108223320913,-1.9137250007076334
2025-02-11,1.8374409982314595,5.074963659769923,-1.9137250007076334
2025-02-12,1.8374409982314595,5.069123445940938,-1.9137250007076334
2025-02-13,1.8374409982314595,5.066077031621287,-1.9137250007076334
2025-02-14,1.8374409982314595,5.043607631630867,-1.9137250007076334
2025-02-17,1.8374409982314595,5.050261540103968,-1.9137250007076334
2025-02-18,1.8374409982314595,5.047138224336958,-1.9137250007076334
2025-02-19,1.8374409982314595,5.0444105858493735,-1.9137250007076334
2025-02-20,1.8374409982314595,5.040066298499168,-1.9137250007076334
2025-02-21,1.8374409982314595,5.014275529293515,-1.9137250007076334
2025-02-24,1.8374409982314595,4.960923109507847,-1.9137250007076334
2025-02-25,1.8374409982314595,4.959647576562558,-1.9137250007076334
2025-02-27,1.8374409982314595,4.959097666771393,-1.9137250007076334
2025-02-28,1.8374409982314595,4.866635490791238,-1.9137250007076334
2025-03-03,1.8374409982314595,4.865448029335941,-1.9137250007076334
2025-03-04,1.8374409982314595,4.8573862658740525,-1.9137250007076334
2025-03-05,1.8374409982314595,4.913400163125556,-1.9137250007076334
2025-03-06,1.8374409982314595,4.95902033570701,-1.9137250007076334
2025-03-07,1.8374409982314595,4.960736226102256,-1.9137250007076334
2025-03-10,1.8374409982314595,4.940455724850889,-1.9137250007076334
2025-03-11,1.8374409982314595,4.94872628218661,-1.9137250007076334
2025-03-12,1.8374409982314595,4.942699184952033,-1.9137250007076334
2025-03-13,1.8374409982314595,4.926575658028257,-1.9137250007076334
2025-03-17,1.8374409982314595,4.951112804756863,-1.9137250007076334
2025-03-18,1.8374409982314595,5.0227222296092195,-1.9137250007076334
2025-03-19,1.8374409982314595,5.038845326915972,-1.9137250007076334
2025-03-20,1.8374409982314595,5.101106285318518,-1.9137250007076334
2025-03-21,1.8374409982314595,5.136245520973981,-1.9137250007076334
2025-03-24,1.8374409982314595,5.203983237202914,-1.9137250007076334
2025-03-25,1.8374409982314595,5.206249037389325,-1.9137250007076334
2025-03-26,1.8374409982314595,5.166259425528974,-1.9137250007076334
2025-03-27,1.8374409982314595,5.189377547226158,-1.9137250007076334
2025-03-28,1.8374409982314595,5.173408252814122,-1.9137250007076334
2025-04-01,1.8374409982314595,5.095617927832472,-1.9137250007076334
2025-04-02,1.8374409982314595,5.132275000434957,-1.9137250007076334
2025-04-03,1.8374409982314595,5.114182968305618,-1.9137250007076334
2025-04-04,1.8374409982314595,5.038152354655698,-1.9137250007076334
2025-04-07,1.8374409982314595,4.8747522452322425,-1.9137250007076334
2025-04-08,1.8428970529594262,4.9570737409696894,-1.6224698883129385
2025-04-09,1.8317183047984769,4.9270048454355795,-2.2192138204000456
2025-04-11,1.8668330543259692,5.021457437089538,-0.3447182681619032
2025-04-15,1.9077211744746052,5.1314393953226,0.0
2025-04-16,1.916606035207528,5.155338131153024,0.0
2025-04-17,1.950498293830264,5.246502434102624,0.0
2025-04-21,1.9728968379915304,5.3067506367460995,0.0
2025-04-22,1.9763068433242388,5.315922960215927,0.0
2025-04-23,1.98952999749262,5.351490953661689,0.0
2025-04-24,1.9808143717306768,5.333398921532351,-0.4380746092256693
2025-04-25,1.9808143717306768,5.287789489376505,-0.4380746092256693
2025-04-28,1.9808143717306768,5.351392141746089,-0.4380746092256693
2025-04-29,1.9808143717306768,5.3530307010769524,-0.4380746092256693
2025-04-30,1.9808143717306768,5.352645764223137,-0.4380746092256693
2025-05-02,1.9808143717306768,5.355395313178963,-0.4380746092256693
2025-05-05,1.9808143717306768,5.380570441188726,-0.4380746092256693
2025-05-06,1.9808143717306768,5.362632211954104,-0.4380746092256693
2025-05-07,1.9808143717306768,5.370287128093935,-0.4380746092256693
2025-05-08,1.9808143717306768,5.339360287362203,-0.4380746092256693
2025-05-09,1.9808143717306768,5.280893706518697,-0.4380746092256693
2025-05-12,1.9808143717306768,5.482534456896382,-0.4380746092256693
2025-05-13,1.9808143717306768,5.406350040351745,-0.4380746092256693
2025-05-14,1.9808143717306768,5.42582801700163,-0.4380746092256693
2025-05-15,1.9808143717306768,5.512757584942233,-0.4380746092256693
2025-05-16,1.9808143717306768,5.50345336904593,-0.4380746092256693
2025-05-19,1.9808143717306768,5.487098708163054,-0.4380746092256693
2025-05-20,1.9808143717306768,5.429567403581554,-0.4380746092256693
2025-05-21,1.9808143717306768,5.458063471189526,-0.4380746092256693
2025-05-22,1.9808143717306768,5.413245823209553,-0.4380746092256693
2025-05-23,1.9808143717306768,5.466796296443445,-0.4380746092256693
2025-05-26,1.9808143717306768,5.4993509560804315,-0.4380746092256693
2025-05-27,1.9808143717306768,5.460868011124469,-0.4380746092256693
2025-05-28,1.9808143717306768,5.444645672285092,-0.4380746092256693
2025-05-29,1.9808143717306768,5.462495830029723,-0.4380746092256693
2025-05-30,1.9808143717306768,5.444260735431277,-0.4380746092256693
2025-06-02,1.9808143717306768,5.436760051803187,-0.4380746092256693
2025-06-03,1.9808143717306768,5.39846441986984,-0.4380746092256693
2025-06-04,1.9808143717306768,5.4155554443324485,-0.4380746092256693
2025-06-05,1.9808143717306768,5.444304985984786,-0.4380746092256693
2025-06-06,1.9808143717306768,5.499768973445124,-0.4380746092256693
2025-06-09,1.9808143717306768,5.521798015985587,-0.4380746092256693
2025-06-10,1.9808143717306768,5.522029149944686,-0.4380746092256693
2025-06-11,1.9808143717306768,5.530200895364807,-0.4380746092256693
2025-06-12,1.9808143717306768,5.47450577394537,-0.4380746092256693
2025-06-13,1.9808143717306768,5.43719997963612,-0.4380746092256693
2025-06-16,1.9808143717306768,5.487329842122154,-0.4380746092256693
2025-06-17,1.9808143717306768,5.466851287422562,-0.4380746092256693
2025-06-18,1.9808143717306768,5.4577558654000935,-0.4380746092256693
2025-06-19,1.9808143717306768,5.45362037192372,-0.4380746092256693
2025-06-20,1.9808143717306768,5.523821941787288,-0.4380746092256693
2025-06-23,1.9808143717306768,5.492917011523798,-0.4380746092256693
2025-06-24,1.9808143717306768,5.508853225424959,-0.4380746092256693
2025-06-25,1.9808143717306768,5.552934080208176,-0.4380746092256693
2025-06-26,1.9808143717306768,5.619858101792994,-0.4380746092256693
2025-06-27,1.9808143717306768,5.639391069421996,-0.4380746092256693
2025-06-30,1.9808143717306768,5.612830426508712,-0.4380746092256693
2025-07-01,1.9808143717306768,5.618274533441248,-0.4380746092256693
2025-07-02,1.9808143717306768,5.598829637302238,-0.4380746092256693
2025-07-03,1.9808143717306768,5.588249458843623,-0.4380746092256693
2025-07-04,1.9808143717306768,5.600501277143977,-0.4380746092256693
2025-07-07,1.9808143717306768,5.600567438165726,-0.4380746092256693
2025-07-08,1.9808143717306768,5.6140290580066425,-0.4380746092256693
2025-07-09,1.9808143717306768,5.60382264635921,-0.4380746092256693
2025-07-10,1.9808143717306768,5.577240092977684,-0.4380746092256693
2025-07-11,1.9808143717306768,5.532059418612137,-0.4380746092256693
2025-07-14,1.9808143717306768,5.517201113825065,-0.4380746092256693
2025-07-15,1.9808143717306768,5.54216701834397,-0.4380746092256693
2025-07-16,1.9808143717306768,5.545741431986544,-0.4380746092256693
2025-07-17,1.9808143717306768,5.523612718296432,-0.4380746092256693
2025-07-18,1.9808143717306768,5.492147137816168,-0.4380746092256693
2025-07-21,1.9808143717306768,5.51904846702976,-0.4380746092256693
2025-07-22,1.9808143717306768,5.512493800089285,-0.4380746092256693
2025-07-23,1.9808143717306768,5.547468062807398,-0.4380746092256693
2025-07-24,1.9808143717306768,5.512757584942234,-0.4380746092256693
2025-07-25,1.9808143717306768,5.463243793269115,-0.4380746092256693
2025-07-28,1.9808143717306768,5.428907511832158,-0.4380746092256693
2025-07-29,1.9808143717306768,5.459746281073898,-0.4380746092256693
2025-07-30,1.9808143717306768,5.467214313808137,-0.4380746092256693
2025-07-31,1.9808143717306768,5.448143184480309,-0.4380746092256693
2025-08-01,1.9808143717306768,5.403490509437686,-0.4380746092256693
2025-08-04,1.9808143717306768,5.43811291581286,-0.4380746092256693
2025-08-05,1.9808143717306768,5.422011728974349,-0.4380746092256693
2025-08-06,1.9808143717306768,5.4054371041750064,-0.4380746092256693
2025-08-07,1.9808143717306768,5.410265569911653,-0.4380746092256693
2025-08-08,1.9808143717306768,5.359047057885921,-0.4380746092256693
2025-08-11,1.9808143717306768,5.4078240563622835,-0.4380746092256693
2025-08-12,1.9808143717306768,5.386344493995962,-0.4380746092256693
2025-08-13,1.9808143717306768,5.415368560926857,-0.4380746092256693
2025-08-14,1.9808143717306768,5.417997387498842,-0.4380746092256693
2025-08-18,1.9808143717306768,5.472031179885126,-0.4380746092256693
2025-08-19,1.9808143717306768,5.494841695792878,-0.4380746092256693
2025-08-20,1.9808143717306768,5.510217259477265,-0.4380746092256693
2025-08-21,1.9808143717306768,5.517519889657131,-0.4380746092256693
2025-08-22,1.9808143717306768,5.470524512980739,-0.4380746092256693
2025-08-25,1.9808143717306768,5.492004075347061,-0.4380746092256693
2025-08-26,1.9808143717306768,5.435759473753483,-0.4380746092256693
2025-08-28,1.9808143717306768,5.389314006868256,-0.4380746092256693
2025-08-29,1.9808143717306768,5.37302550700713,-0.4380746092256693
2025-09-01,1.9808143717306768,5.41662261302093,-0.4380746092256693
2025-09-02,1.9808143717306768,5.406624995247331,-0.4380746092256693
2025-09-03,1.9808143717306768,5.436419365502881,-0.4380746092256693
2025-09-04,1.9808143717306768,5.4406536708948545,-0.4380746092256693
2025-09-05,1.9808143717306768,5.442127257288368,-0.4380746092256693
2025-09-08,1.9808143717306768,5.449199183126159,-0.4380746092256693
2025-09-09,1.9808143717306768,5.470194567106041,-0.4380746092256693
2025-09-10,1.9808143717306768,5.49318079637675,-0.4380746092256693
2025-09-11,1.9808143717306768,5.500307713193657,-0.4380746092256693
2025-09-12,1.9808143717306768,5.524173798130232,-0.4380746092256693
2025-09-15,1.9808143717306768,5.51431924282574,-0.4380746092256693
2025-09-16,1.9808143717306768,5.551691198156739,-0.4380746092256693
2025-09-17,1.9808143717306768,5.571740995066031,-0.4380746092256693
2025-09-18,1.9808143717306768,5.592274540744738,-0.4380746092256693
2025-09-19,1.9808143717306768,5.571037282380148,-0.4380746092256693
2025-09-22,1.9808143717306768,5.543607524226608,-0.4380746092256693
2025-09-23,1.9808143717306768,5.5363817954941,-0.4380746092256693
2025-09-24,1.9808143717306768,5.51161394442342,-0.4380746092256693
2025-09-25,1.9808143717306768,5.475088764247411,-0.4380746092256693
2025-09-26,1.9808143717306768,5.4231441994505305,-0.4380746092256693
2025-09-29,1.9808143717306768,5.418789171674716,-0.4380746092256693
2025-09-30,1.9808143717306768,5.413553858616012,-0.4380746092256693
2025-10-01,1.9808143717306768,5.463089990374399,-0.4380746092256693
2025-10-03,1.9808143717306768,5.475836727486801,-0.4380746092256693
2025-10-06,1.9808143717306768,5.5161781956900935,-0.4380746092256693
2025-10-07,1.9808143717306768,5.522920175653185,-0.4380746092256693
2025-10-08,1.9808143717306768,5.509249332321411,-0.4380746092256693
2025-10-09,1.9808143717306768,5.539087523513445,-0.4380746092256693
2025-10-10,1.9808143717306768,5.561864529293298,-0.4380746092256693
2025-10-13,1.9808143717306768,5.549106622138263,-0.4380746092256693
2025-10-14,1.9808143717306768,5.531102661498915,-0.4380746092256693
2025-10-15,1.9808143717306768,5.570267408672518,-0.4380746092256693
2025-10-16,1.9808143717306768,5.627842963807526,-0.4380746092256693
2025-10-17,1.9808143717306768,5.655239211833167,-0.4380746092256693
2025-10-20,1.9808143717306768,5.684560573744911,-0.4380746092256693
2025-10-21,1.9808143717306768,5.690158483572164,-0.4380746092256693
2025-10-23,1.9808143717306768,5.695173832714402,-0.4380746092256693
2025-10-24,1.9808143717306768,5.674002305754537,-0.4380746092256693
2025-10-27,1.9808143717306768,5.711594225002002,-0.4380746092256693
2025-10-28,1.9808143717306768,5.705027958401868,-0.4380746092256693
2025-10-29,1.9808143717306768,5.730917969140145,-0.4380746092256693
2025-10-30,1.9808143717306768,5.692193149799474,-0.4380746092256693
2025-10-31,1.9808143717306768,5.657933769809875,-0.4380746092256693
2025-11-03,1.9808143717306768,5.6670072813641035,-0.4380746092256693
2025-11-04,1.9808143717306768,5.630559432252476,-0.4380746092256693
2025-11-06,1.9808143717306768,5.611213348029066,-0.4380746092256693
2025-11-07,1.9808143717306768,5.607386319576175,-0.4380746092256693
2025-11-10,1.9808143717306768,5.625434101152006,-0.4380746092256693
2025-11-11,1.9808143717306768,5.651961663554416,-0.4380746092256693
2025-11-12,1.9808143717306768,5.691742481540934,-0.4380746092256693
2025-11-13,1.9808143717306768,5.69247927473769,-0.4380746092256693
2025-11-14,1.9808143717306768,5.699276245679897,-0.4380746092256693
2025-11-17,1.9808143717306768,5.722020170948875,-0.4380746092256693
2025-11-18,1.9808143717306768,5.699276245679897,-0.4380746092256693
2025-11-19,1.9808143717306768,5.730643014244562,-0.4380746092256693
2025-11-20,1.9808143717306768,5.761327980591586,-0.4380746092256693
2025-11-21,1.9808143717306768,5.734052454949787,-0.4380746092256693
2025-11-24,1.9808143717306768,5.710153289502339,-0.4380746092256693
2025-11-25,1.9808143717306768,5.6937221567891285,-0.4380746092256693
2025-11-26,1.9808143717306768,5.76422059201652,-0.4380746092256693
2025-11-27,1.9808143717306768,5.766475222160298,-0.4380746092256693
2025-11-28,1.9808143717306768,5.763703333119206,-0.4380746092256693
2025-12-01,1.9808143717306768,5.757720486438137,-0.4380746092256693
2025-12-02,1.9808143717306768,5.7261444943826145,-0.4380746092256693
2025-12-03,1.9808143717306768,5.715982333288689,-0.4380746092256693
2025-12-04,1.9808143717306768,5.726485610299947,-0.4380746092256693
2025-12-05,1.9808143717306768,5.760073928497515,-0.4380746092256693
2025-12-08,1.9808143717306768,5.710384423461437,-0.4380746092256693
2025-12-09,1.9808143717306768,5.683790700037277,-0.4380746092256693
2025-12-10,1.9808143717306768,5.665830560334413,-0.4380746092256693
2025-12-11,1.9808143717306768,5.696746660640537,-0.4380746092256693
2025-12-12,1.9808143717306768,5.72938896215049,-0.4380746092256693
2025-12-15,1.9808143717306768,5.72506701488555,-0.4380746092256693
2025-12-16,1.9808143717306768,5.688288790282199,-0.4380746092256693
2025-12-17,1.9808143717306768,5.679149547323246,-0.4380746092256693
2025-12-18,1.9808143717306768,5.6784896555738475,-0.4380746092256693
2025-12-19,1.9808143717306768,5.711671126449358,-0.4380746092256693
2025-12-22,1.9808143717306768,5.756983693241379,-0.4380746092256693
2025-12-23,1.9808143717306768,5.758028521844593,-0.4380746092256693
2025-12-24,1.9808143717306768,5.7503186147256455,-0.4380746092256693
2025-12-26,1.9808143717306768,5.728366473632541,-0.4380746092256693
2025-12-29,1.9808143717306768,5.70632583143242,-0.4380746092256693
2025-12-30,1.9808143717306768,5.705610948703906,-0.4380746092256693
2025-12-31,1.9808143717306768,5.747569065769818,-0.4380746092256693
2026-01-01,1.9808143717306768,5.751297711924133,-0.4380746092256693
2026-01-02,1.9808143717306768,5.791331144720967,-0.4380746092256693
2026-01-05,1.9808143717306768,5.774118968257493,-0.4380746092256693
2026-01-06,1.9808143717306768,5.7583692081449,-0.4380746092256693
2026-01-07,1.9808143717306768,5.75002174936182,-0.4380746092256693
2026-01-08,1.9808143717306768,5.691973185883005,-0.4380746092256693
2026-01-09,1.9808143717306768,5.649399427621201,-0.4380746092256693
2026-01-12,1.9808143717306768,5.672924396640443,-0.4380746092256693
2026-01-13,1.9808143717306768,5.660177659528041,-0.4380746092256693
2026-01-14,1.9808143717306768,5.645505808529536,-0.4380746092256693
2026-01-16,1.9808143717306768,5.651829771127937,-0.4380746092256693
2026-01-19,1.9808143717306768,5.627886784744004,-0.4380746092256693
2026-01-20,1.9808143717306768,5.550239522231462,-0.4380746092256693
2026-01-21,1.9808143717306768,5.533742228496503,-0.4380746092256693
2026-01-22,1.9808143717306768,5.562865536960023,-0.4380746092256693
2026-01-23,1.9808143717306768,5.50979924211257,-0.4380746092256693
2026-01-27,1.9808143717306768,5.537679668524651,-0.4380746092256693
2026-01-28,1.9808143717306768,5.574490544021852,-0.4380746092256693
2026-01-29,1.9808143717306768,5.591240882184152,-0.4380746092256693
2026-01-30,1.9808143717306768,5.569629427391356,-0.4380746092256693
2026-02-02,1.9808143717306768,5.518542807792099,-0.4380746092256693
2026-02-03,1.9808143717306768,5.659132830924827,-0.4380746092256693
2026-02-04,1.9808143717306768,5.669789910830801,-0.4380746092256693
2026-02-05,1.9808143717306768,5.640490889004323,-0.4380746092256693
2026-02-06,1.9808143717306768,5.651686708658829,-0.4380746092256693
2026-02-09,1.9808143717306768,5.689872788250968,-0.4380746092256693
2026-02-10,1.9808143717306768,5.704797254059789,-0.4380746092256693
2026-02-11,1.9808143717306768,5.7089104074508965,-0.4380746092256693
2026-02-12,1.9808143717306768,5.676652613177734,-0.4380746092256693
2026-02-13,1.9808143717306768,5.6027228267768745,-0.4380746092256693
2026-02-16,1.9808143717306768,5.649278275620335,-0.4380746092256693
2026-02-17,1.9808143717306768,5.658659822581021,-0.4380746092256693
2026-02-18,1.9808143717306768,5.679325260686204,-0.4380746092256693
2026-02-19,1.9808143717306768,5.599038431176068,-0.4380746092256693
2026-02-20,1.9808143717306768,5.6247522989343635,-0.4380746092256693
2026-02-23,1.9808143717306768,5.6559321840934365,-0.4380746092256693
2026-02-24,1.9808143717306768,5.592505674703834,-0.4380746092256693
2026-02-25,1.9808143717306768,5.605230501347995,-0.4380746092256693
2026-02-26,1.9808143717306768,5.608321166221154,-0.4380746092256693
2026-02-27,1.9808143717306768,5.538394551253169,-0.4380746092256693
2026-03-02,1.9808143717306768,5.469556585824881,-0.4380746092256693
2026-03-04,1.9808143717306768,5.38482665704894,-0.4380746092256693
2026-03-05,1.9808143717306768,5.447604444731777,-0.4380746092256693
2026-03-06,1.9808143717306768,5.378216569512324,-0.4380746092256693
2026-03-09,1.9808143717306768,5.285304154890652,-0.4380746092256693
2026-03-10,1.9808143717306768,5.336676469811101,-0.4380746092256693
2026-03-11,1.9808143717306768,5.249845713786098,-0.4380746092256693
2026-03-12,1.9808143717306768,5.199760101853572,-0.4380746092256693
2026-03-13,1.9808143717306768,5.09240654057547,-0.4380746092256693
2026-03-16,2.003915067547511,5.149091499619005,0.0
2026-03-17,2.018669090290493,5.187002194698537,0.0
2026-03-18,2.0355033862672514,5.230258184795004,0.0
2026-03-19,1.9691036796164287,5.059643087064651,-3.2620779262169552
2026-03-20,1.9787213903724608,5.084355947156215,-2.7895800261437342
2026-03-23,1.9271999343228978,4.951970749954484,-5.320720794425338
2026-03-24,1.96142061293595,5.039901325561817,-3.6395308320835595
2026-03-25,1.9951532415916482,5.126577849075078,-1.9823177376087853
2026-03-27,1.953476383517072,5.019488502266951,-4.029814113972174
2026-03-30,1.9097305154788038,4.912102290094999,-6.178956598008534
2026-04-01,1.9097305154788038,4.988649733025209,-6.178956598008534
2026-04-02,1.9097305154788038,4.996062345163308,-6.178956598008534
2026-04-06,1.9097305154788038,5.052186224373044,-6.178956598008534
2026-04-07,1.9097305154788038,5.086368702915285,-6.178956598008534
2026-04-08,1.9097305154788038,5.278551004884928,-6.178956598008534
2026-04-09,1.9097305154788038,5.229664024450332,-6.178956598008534
2026-04-10,1.9097305154788038,5.29026408343675,-6.178956598008534
2026-04-13,1.9097305154788038,5.244522758854429,-6.178956598008534
2026-04-15,1.9097305154788038,5.330011820912393,-6.178956598008534
2026-04-16,1.9097305154788038,5.322411895751679,-6.178956598008534
2026-04-17,1.9097305154788038,5.356902409700377,-6.178956598008534
2026-04-20,1.9097305154788038,5.359387744186229,-6.178956598008534
2026-04-21,1.9097305154788038,5.40596510349793,-6.178956598008534
2026-04-22,1.9097305154788038,5.362302266079404,-6.178956598008534
2026-04-23,1.9097305154788038,5.317198922778241,-6.178956598008534
2026-04-24,1.9097305154788038,5.25668650566479,-6.178956598008534
2026-04-27,1.9097305154788038,5.299524478396568,-6.178956598008534
2026-04-28,1.9097305154788038,5.2781879784993535,-6.178956598008534
2026-04-29,1.9097305154788038,5.318210670870579,-6.178956598008534
2026-04-30,1.9097305154788038,5.278595255438435,-6.178956598008534
2026-05-04,1.9097305154788038,5.305375862268186,-6.178956598008534
2026-05-05,1.9097305154788038,5.286348983493867,-6.178956598008534
2026-05-06,1.9097305154788038,5.351930881494622,-6.178956598008534
2026-05-07,1.9097305154788038,5.3509852944240315,-6.178956598008534
2026-05-08,1.9097305154788038,5.31788072499588,-6.178956598008534
2026-05-11,1.9097305154788038,5.238627554046326,-6.178956598008534
2026-05-12,1.9097305154788038,5.142657555062371,-6.178956598008534
2026-05-13,1.9097305154788038,5.149927104731361,-6.178956598008534
2026-05-14,1.9097305154788038,5.210857109592477,-6.178956598008534
2026-05-15,1.9097305154788038,5.200716858966794,-6.178956598008534
2026-05-18,1.9097305154788038,5.202135454381191,-6.178956598008534
2026-05-19,1.9097305154788038,5.195107779096908,-6.178956598008534
2026-05-20,1.9097305154788038,5.204126299672019,-6.178956598008534
2026-05-21,1.9097305154788038,5.203180282984405,-6.178956598008534
2026-05-22,1.9097305154788038,5.217390295681737,-6.178956598008534
2026-05-25,1.9097305154788038,5.286106679492135,-6.178956598008534
2026-05-26,1.9097305154788038,5.260150937349132,-6.178956598008534
2026-05-27,1.9097305154788038,5.258710431466493,-6.178956598008534
2026-05-29,1.9097305154788038,5.1796553139651635,-6.178956598008534
2026-06-01,1.9097305154788038,5.143328187237378,-6.178956598008534
2026-06-02,1.9097305154788038,5.165533802374847,-6.178956598008534
2026-06-03,1.9097305154788038,5.148387357316098,-6.178956598008534
2026-06-04,1.9097305154788038,5.150796219971617,-6.178956598008534
2026-06-05,1.9097305154788038,5.139830675042161,-6.178956598008534
2026-06-08,1.9097305154788038,5.086225640446176,-6.178956598008534
2026-06-09,1.9097305154788038,5.112423256973885,-6.178956598008534
2026-06-10,1.9097305154788038,5.106451150718425,-6.178956598008534
2026-06-11,1.9097305154788038,5.094716161698362,-6.178956598008534
2026-06-12,1.9097305154788038,5.196185688210995,-6.178956598008534
2026-06-15,1.9097305154788038,5.2469973529146685,-6.178956598008534
2026-06-16,1.9097305154788038,5.276747472616712,-6.178956598008534
2026-06-17,1.9097305154788038,5.297984730981302,-6.178956598008534
2026-06-18,1.9097305154788038,5.316087933153274,-6.178956598008534
2026-06-19,1.9097305154788038,5.282015436569266,-6.178956598008534
2026-06-22,1.9097305154788038,5.301768368114734,-6.178956598008534
2026-06-23,1.9097305154788038,5.240442256357169,-6.178956598008534
2026-06-24,1.9097305154788038,5.283896299901862,-6.178956598008534
2026-06-25,1.9097305154788038,5.2914519745090685,-6.178956598008534
2026-06-29,1.9097305154788038,5.267310934676911,-6.178956598008534
2026-06-30,1.9097305154788038,5.249603839401388,-6.178956598008534
2026-07-01,1.9097305154788038,5.280420698174887,-6.178956598008534
2026-07-02,1.9097305154788038,5.317781483463253,-6.178956598008534
2026-07-03,1.9097305154788038,5.338711136038409,-6.178956598008534
2026-07-06,1.9097305154788038,5.373795380714755,-6.178956598008534
2026-07-07,1.9097305154788038,5.366833436835198,-6.178956598008534
2026-07-08,1.9097305154788038,5.253189423086595,-6.178956598008534
2026-07-09,1.9105224231051383,5.270951509341234,-6.14005184198223
2026-07-10,1.9299841622164966,5.32464461542721,-5.183937534206617
2026-07-13,1.9303110186515355,5.325546381561316,-5.167879765045235
2026-07-14,1.9176382076003944,5.290583288885835,-5.790468316685072
2026-07-15,1.9197469688406508,5.296401162629554,-5.686869312405185
2026-07-16,1.9192885289431971,5.295136370109873,-5.709391500309491
2026-07-17,1.940141626914524,5.352668104308397,-4.684922658252299
2026-07-20,1.9325035572915303,5.331595389264133,-5.060164953329027
2026-07-21,1.9284532781703465,5.320421050460844,-5.25914664741558
2026-07-22,1.9112608318119502,5.278309130500214,-6.103775375345344
2026-07-23,1.9112608318119502,5.2504506145563745,-6.103775375345344
2026-07-24,1.9112608318119502,5.227981214565955,-6.103775375345344
2026-07-27,1.9112608318119502,5.278242969478464,-6.103775375345344
2026-07-28,1.9112608318119502,5.275911437887328,-6.103775375345344
2026-07-29,1.9112608318119502,5.334168795239975,-6.103775375345344
2026-07-30,1.9112608318119502,5.3488956372175975,-6.103775375345344
2026-07-31,1.9112608318119502,5.363512067619962,-6.103775375345344
2026-08-03,1.9112608318119502,5.449452227553491,-6.103775375345344
2026-08-04,1.9112608318119502,5.414389893345386,-6.103775375345344
2026-08-05,1.9112608318119502,5.416534541530931,-6.103775375345344
2026-08-06,1.9112608318119502,5.419031046059416,-6.103775375345344
2026-08-07,1.9112608318119502,5.404656490041759,-6.103775375345344
2026-08-10,1.9112608318119502,5.407549101466694,-6.103775375345344
2026-08-11,1.9112608318119502,5.382890802737222,-6.103775375345344
2026-08-12,1.9112608318119502,5.375027092723558,-6.103775375345344
2026-08-13,1.9112608318119502,5.366206625596671,-6.103775375345344
2026-08-14,1.9112608318119502,5.359640788613563,-6.103775375345344
2026-08-17,1.9112608318119502,5.342406701681846,-6.103775375345344
2026-08-18,1.9112608318119502,5.313206491770969,-6.103775375345344
2026-08-19,1.9112608318119502,5.296357341693069,-6.103775375345344
2026-08-20,1.9112608318119502,5.330132543296227,-6.103775375345344
2026-08-21,1.9112608318119502,5.3345649021364245,-6.103775375345344
2026-08-24,1.9112608318119502,5.327317262935676,-6.103775375345344
2026-08-25,1.9112608318119502,5.352723095287513,-6.103775375345344
2026-08-26,1.9112608318119502,5.324831498832799,-6.103775375345344
2026-08-27,1.9112608318119502,5.2991176310745045,-6.103775375345344
2026-08-28,1.9112608318119502,5.3177707430376415,-6.103775375345344
2026-08-31,1.9112608318119502,5.296819179994243,-6.103775375345344
2026-09-01,1.9112608318119502,5.291408153572581,-6.103775375345344
2026-09-02,1.9112608318119502,5.260315910286475,-6.103775375345344
2026-09-03,1.9112608318119502,5.251297389711364,-6.103775375345344
2026-09-04,1.9112608318119502,5.256631514685667,-6.103775375345344
2026-09-07,1.9112608318119502,5.230555050158823,-6.103775375345344
2026-09-08,1.9112608318119502,5.198869076145068,-6.103775375345344
2026-09-09,1.9112608318119502,5.15408450867597,-6.103775375345344
2026-09-10,1.9112608318119502,5.164269009855161,-6.103775375345344
2026-09-11,1.9112608318119502,5.1467376279425965,-6.103775375345344
2026-09-15,1.9112608318119502,5.085257713290315,-6.103775375345344
2026-09-16,1.9112608318119502,5.107034141020461,-6.103775375345344
2026-09-17,1.9112608318119502,5.118692228593165,-6.103775375345344
2026-09-18,1.9112608318119502,5.135365665308107,-6.103775375345344
2026-09-21,1.9112608318119502,5.150301301159561,-6.103775375345344
2026-09-23,1.9112608318119502,5.157450128444711,-6.103775375345344
